2026-07-29 16:49:03:   Error fetching act_598233003217290: Meta API error 400: {"error":{"message":"Invalid OAuth access token - Cannot parse access token","type":"OAuthException","code":190,"fbtrace_id":"Aji-I-pI0gP_len7_WWyvNz"}}
2026-07-29 16:49:03:   Error fetching act_1423425976190315: Meta API error 400: {"error":{"message":"Invalid OAuth access token - Cannot parse access token","type":"OAuthException","code":190,"fbtrace_id":"A_WoWRpe_W1GiPC-6xQqdyI"}}
2026-07-29 16:49:03:   Error fetching act_1281838446384778: Meta API error 400: {"error":{"message":"Invalid OAuth access token - Cannot parse access token","type":"OAuthException","code":190,"fbtrace_id":"AFOVxYpzJhXCpXOygC4J6CU"}}
2026-07-29 16:53:56:   Error fetching act_598233003217290: Meta API error 400: {"error":{"message":"Invalid OAuth access token - Cannot parse access token","type":"OAuthException","code":190,"fbtrace_id":"AXy0AfjAzc7GEcrvElp7WVZ"}}
2026-07-29 16:53:56:   Error fetching act_1423425976190315: Meta API error 400: {"error":{"message":"Invalid OAuth access token - Cannot parse access token","type":"OAuthException","code":190,"fbtrace_id":"A5oxYX50WLOciGBytFFycGp"}}
2026-07-29 16:53:56:   Error fetching act_1281838446384778: Meta API error 400: {"error":{"message":"Invalid OAuth access token - Cannot parse access token","type":"OAuthException","code":190,"fbtrace_id":"AUl_Bf3CfquCkNo5SSFrNj6"}}
2026-07-29 16:53:58:   Error fetching act_598233003217290: Meta API error 400: {"error":{"message":"Invalid OAuth access token - Cannot parse access token","type":"OAuthException","code":190,"fbtrace_id":"APgP068-mPNcjiduGj9yZp4"}}
2026-07-29 16:53:58:   Error fetching act_1423425976190315: Meta API error 400: {"error":{"message":"Invalid OAuth access token - Cannot parse access token","type":"OAuthException","code":190,"fbtrace_id":"AfOdAFnI5XfmlidwdY2hdVx"}}
2026-07-29 16:53:58:   Error fetching act_1281838446384778: Meta API error 400: {"error":{"message":"Invalid OAuth access token - Cannot parse access token","type":"OAuthException","code":190,"fbtrace_id":"AywGlOYjZsAcG7hDaZOcbqj"}}
2026-07-29 16:56:15:   Error fetching act_598233003217290: Meta API error 400: {"error":{"message":"Invalid OAuth access token - Cannot parse access token","type":"OAuthException","code":190,"fbtrace_id":"Al7UACth3hRpjqzIXGuehw8"}}
2026-07-29 16:56:15:   Error fetching act_1423425976190315: Meta API error 400: {"error":{"message":"Invalid OAuth access token - Cannot parse access token","type":"OAuthException","code":190,"fbtrace_id":"AaqC26VLmjQ2pc3OhuDo4MU"}}
2026-07-29 16:56:15:   Error fetching act_1281838446384778: Meta API error 400: {"error":{"message":"Invalid OAuth access token - Cannot parse access token","type":"OAuthException","code":190,"fbtrace_id":"AKcuGzzx0ydVHEJjgHytbmh"}}
2026-07-29 16:57:03:   Error fetching act_598233003217290: Meta API error 400: {"error":{"message":"Invalid OAuth access token - Cannot parse access token","type":"OAuthException","code":190,"fbtrace_id":"AUq4zrSXBLi-Q3bKrvOUfzg"}}
2026-07-29 16:57:03:   Error fetching act_1423425976190315: Meta API error 400: {"error":{"message":"Invalid OAuth access token - Cannot parse access token","type":"OAuthException","code":190,"fbtrace_id":"ATSbuM207z4Q7VjDFKchnLZ"}}
2026-07-29 16:57:03:   Error fetching act_1281838446384778: Meta API error 400: {"error":{"message":"Invalid OAuth access token - Cannot parse access token","type":"OAuthException","code":190,"fbtrace_id":"A9A-Dc7VlVSBdjS_IzzspSc"}}
2026-07-29 16:57:03:   Error fetching act_598233003217290: Meta API error 400: {"error":{"message":"Invalid OAuth access token - Cannot parse access token","type":"OAuthException","code":190,"fbtrace_id":"Aizs_rlAiTK89i2a2FiB-3F"}}
2026-07-29 16:57:03:   Error fetching act_1423425976190315: Meta API error 400: {"error":{"message":"Invalid OAuth access token - Cannot parse access token","type":"OAuthException","code":190,"fbtrace_id":"Acyt4TFd1EpzI_7H8dzKAPa"}}
2026-07-29 16:57:03:   Error fetching act_1281838446384778: Meta API error 400: {"error":{"message":"Invalid OAuth access token - Cannot parse access token","type":"OAuthException","code":190,"fbtrace_id":"ArKN-l6nsireyusOOkLl4La"}}
2026-07-29 17:00:00:   Error fetching act_598233003217290: Meta API error 400: {"error":{"message":"Invalid OAuth access token - Cannot parse access token","type":"OAuthException","code":190,"fbtrace_id":"A3tt33u9S69KIfF3iwKGIW8"}}
2026-07-29 17:00:00:   Error fetching act_1423425976190315: Meta API error 400: {"error":{"message":"Invalid OAuth access token - Cannot parse access token","type":"OAuthException","code":190,"fbtrace_id":"AoTla4jweNSElvDjAy6yuxV"}}
2026-07-29 17:00:01:   Error fetching act_1281838446384778: Meta API error 400: {"error":{"message":"Invalid OAuth access token - Cannot parse access token","type":"OAuthException","code":190,"fbtrace_id":"AJ_Vko9mxWmhR4OjZGzN6Zg"}}
2026-07-29 18:00:00:   Error fetching act_598233003217290: Meta API error 400: {"error":{"message":"Invalid OAuth access token - Cannot parse access token","type":"OAuthException","code":190,"fbtrace_id":"A5jb_yqIGj4VvA5gDwE-uoG"}}
2026-07-29 18:00:00:   Error fetching act_1423425976190315: Meta API error 400: {"error":{"message":"Invalid OAuth access token - Cannot parse access token","type":"OAuthException","code":190,"fbtrace_id":"AZV5fjzA-vDZFOTJQoNtwJD"}}
2026-07-29 18:00:01:   Error fetching act_1281838446384778: Meta API error 400: {"error":{"message":"Invalid OAuth access token - Cannot parse access token","type":"OAuthException","code":190,"fbtrace_id":"Ap0rdr43B5jcY9ZW3oJsurX"}}
2026-07-29 19:00:00:   Error fetching act_598233003217290: Meta API error 400: {"error":{"message":"Invalid OAuth access token - Cannot parse access token","type":"OAuthException","code":190,"fbtrace_id":"ArVJJjMi2S1jx-V9nZSHgL5"}}
2026-07-29 19:00:01:   Error fetching act_1423425976190315: Meta API error 400: {"error":{"message":"Invalid OAuth access token - Cannot parse access token","type":"OAuthException","code":190,"fbtrace_id":"APubWMj3U_4yFOAu-1_0ABy"}}
2026-07-29 19:00:01:   Error fetching act_1281838446384778: Meta API error 400: {"error":{"message":"Invalid OAuth access token - Cannot parse access token","type":"OAuthException","code":190,"fbtrace_id":"AL_MR2pG_wInolZ5wZQaHIZ"}}
2026-07-29 20:00:00:   Error fetching act_598233003217290: Meta API error 400: {"error":{"message":"Invalid OAuth access token - Cannot parse access token","type":"OAuthException","code":190,"fbtrace_id":"AnEArSsK9RsW3CavQxM3bq2"}}
2026-07-29 20:00:00:   Error fetching act_1423425976190315: Meta API error 400: {"error":{"message":"Invalid OAuth access token - Cannot parse access token","type":"OAuthException","code":190,"fbtrace_id":"AxyCHOYx-Yqo3uiweQt6quN"}}
2026-07-29 20:00:01:   Error fetching act_1281838446384778: Meta API error 400: {"error":{"message":"Invalid OAuth access token - Cannot parse access token","type":"OAuthException","code":190,"fbtrace_id":"Andr8Par3oWKjvzBbpFjFGv"}}
2026-07-29 21:00:00:   Error fetching act_598233003217290: Meta API error 400: {"error":{"message":"Invalid OAuth access token - Cannot parse access token","type":"OAuthException","code":190,"fbtrace_id":"Atr_p41He4d_UfaY6ntz9FG"}}
2026-07-29 21:00:00:   Error fetching act_1423425976190315: Meta API error 400: {"error":{"message":"Invalid OAuth access token - Cannot parse access token","type":"OAuthException","code":190,"fbtrace_id":"Aazw_5BHCE0DFq_D8B2dPBK"}}
2026-07-29 21:00:00:   Error fetching act_1281838446384778: Meta API error 400: {"error":{"message":"Invalid OAuth access token - Cannot parse access token","type":"OAuthException","code":190,"fbtrace_id":"Aj3SDbjOVLA-fTQRUXgXyfB"}}
2026-07-29 22:00:00:   Error fetching act_598233003217290: Meta API error 400: {"error":{"message":"Invalid OAuth access token - Cannot parse access token","type":"OAuthException","code":190,"fbtrace_id":"A4Gg084e8-xtoQDwv9m6Kml"}}
2026-07-29 22:00:00:   Error fetching act_1423425976190315: Meta API error 400: {"error":{"message":"Invalid OAuth access token - Cannot parse access token","type":"OAuthException","code":190,"fbtrace_id":"AXkeYg9XeImMj65oltsDW9l"}}
2026-07-29 22:00:00:   Error fetching act_1281838446384778: Meta API error 400: {"error":{"message":"Invalid OAuth access token - Cannot parse access token","type":"OAuthException","code":190,"fbtrace_id":"AxdbkxvnJM1NTIYbnJsRYze"}}
2026-07-29 23:00:00:   Error fetching act_598233003217290: Meta API error 400: {"error":{"message":"Invalid OAuth access token - Cannot parse access token","type":"OAuthException","code":190,"fbtrace_id":"AX7CMBO1m0tBJpfPs6AXZZH"}}
2026-07-29 23:00:00:   Error fetching act_1423425976190315: Meta API error 400: {"error":{"message":"Invalid OAuth access token - Cannot parse access token","type":"OAuthException","code":190,"fbtrace_id":"Ar5_C7NdKM4t2VNXqw-YdHj"}}
2026-07-29 23:00:00:   Error fetching act_1281838446384778: Meta API error 400: {"error":{"message":"Invalid OAuth access token - Cannot parse access token","type":"OAuthException","code":190,"fbtrace_id":"AR692ICaaTHEHr1dMAbq9kq"}}
2026-07-30 00:00:01:   Error fetching act_598233003217290: Meta API error 400: {"error":{"message":"Invalid OAuth access token - Cannot parse access token","type":"OAuthException","code":190,"fbtrace_id":"AH7vGp_9RlhYOOMI12wbgjG"}}
2026-07-30 00:00:01:   Error fetching act_1423425976190315: Meta API error 400: {"error":{"message":"Invalid OAuth access token - Cannot parse access token","type":"OAuthException","code":190,"fbtrace_id":"Ap2jn60fAIMONFd1WQ4FBxu"}}
2026-07-30 00:00:01:   Error fetching act_1281838446384778: Meta API error 400: {"error":{"message":"Invalid OAuth access token - Cannot parse access token","type":"OAuthException","code":190,"fbtrace_id":"ArJynpCkOoHHfMjoPKfyYvJ"}}
2026-07-30 01:00:00:   Error fetching act_598233003217290: Meta API error 400: {"error":{"message":"Invalid OAuth access token - Cannot parse access token","type":"OAuthException","code":190,"fbtrace_id":"AjG5ka5qVAnxl5Z4-M1CpYY"}}
2026-07-30 01:00:00:   Error fetching act_1423425976190315: Meta API error 400: {"error":{"message":"Invalid OAuth access token - Cannot parse access token","type":"OAuthException","code":190,"fbtrace_id":"A9IqhFpRNXZyF5CrNY3G1pi"}}
2026-07-30 01:00:01:   Error fetching act_1281838446384778: Meta API error 400: {"error":{"message":"Invalid OAuth access token - Cannot parse access token","type":"OAuthException","code":190,"fbtrace_id":"AjNGFKUcSihpw_R9LLVBdav"}}
2026-07-30 02:00:01:   Error fetching act_598233003217290: Meta API error 400: {"error":{"message":"Invalid OAuth access token - Cannot parse access token","type":"OAuthException","code":190,"fbtrace_id":"AvsjVtMnltLCY5Z5G5HgpnE"}}
2026-07-30 02:00:01:   Error fetching act_1423425976190315: Meta API error 400: {"error":{"message":"Invalid OAuth access token - Cannot parse access token","type":"OAuthException","code":190,"fbtrace_id":"AaDHUjzl_q8Zm8EF_5auepn"}}
2026-07-30 02:00:01:   Error fetching act_1281838446384778: Meta API error 400: {"error":{"message":"Invalid OAuth access token - Cannot parse access token","type":"OAuthException","code":190,"fbtrace_id":"AT3ZeMU5dJQ4kqTa3qCNPWA"}}
2026-07-30 03:00:00:   Error fetching act_598233003217290: Meta API error 400: {"error":{"message":"Invalid OAuth access token - Cannot parse access token","type":"OAuthException","code":190,"fbtrace_id":"AChkAMwLHawWmhH8WiAsSiw"}}
2026-07-30 03:00:01:   Error fetching act_1423425976190315: Meta API error 400: {"error":{"message":"Invalid OAuth access token - Cannot parse access token","type":"OAuthException","code":190,"fbtrace_id":"A-WVYbgF06eTj_6wzrvYNoR"}}
2026-07-30 03:00:01:   Error fetching act_1281838446384778: Meta API error 400: {"error":{"message":"Invalid OAuth access token - Cannot parse access token","type":"OAuthException","code":190,"fbtrace_id":"APaEtvgVJ8Oeu04erw-ZLDD"}}
2026-07-30 04:00:00:   Error fetching act_598233003217290: Meta API error 400: {"error":{"message":"Invalid OAuth access token - Cannot parse access token","type":"OAuthException","code":190,"fbtrace_id":"A6y7gWh0dhp7pnMsWA8U_1e"}}
2026-07-30 04:00:00:   Error fetching act_1423425976190315: Meta API error 400: {"error":{"message":"Invalid OAuth access token - Cannot parse access token","type":"OAuthException","code":190,"fbtrace_id":"A0Sm8EYr37FLAVCcyjMgZzx"}}
2026-07-30 04:00:00:   Error fetching act_1281838446384778: Meta API error 400: {"error":{"message":"Invalid OAuth access token - Cannot parse access token","type":"OAuthException","code":190,"fbtrace_id":"AK6-yb1v92YZ0wvVRrmj5Pp"}}
2026-07-30 05:00:00:   Error fetching act_598233003217290: Meta API error 400: {"error":{"message":"Invalid OAuth access token - Cannot parse access token","type":"OAuthException","code":190,"fbtrace_id":"AQuQtTjhZrNOoFeUiKXpQCA"}}
2026-07-30 05:00:00:   Error fetching act_1423425976190315: Meta API error 400: {"error":{"message":"Invalid OAuth access token - Cannot parse access token","type":"OAuthException","code":190,"fbtrace_id":"AV895Qt6N8PJpyP1XpfKeMV"}}
2026-07-30 05:00:00:   Error fetching act_1281838446384778: Meta API error 400: {"error":{"message":"Invalid OAuth access token - Cannot parse access token","type":"OAuthException","code":190,"fbtrace_id":"ABYUA6Zh8i5d8J_vXaWBTrR"}}
2026-07-30 06:00:01:   Error fetching act_598233003217290: Meta API error 400: {"error":{"message":"Invalid OAuth access token - Cannot parse access token","type":"OAuthException","code":190,"fbtrace_id":"AsaAR0o45Axmx5I6uR-RkGJ"}}
2026-07-30 06:00:01:   Error fetching act_1423425976190315: Meta API error 400: {"error":{"message":"Invalid OAuth access token - Cannot parse access token","type":"OAuthException","code":190,"fbtrace_id":"Aa-KsF1ZjllIk4OGxIB1wKk"}}
2026-07-30 06:00:01:   Error fetching act_1281838446384778: Meta API error 400: {"error":{"message":"Invalid OAuth access token - Cannot parse access token","type":"OAuthException","code":190,"fbtrace_id":"ADYPGJ6AL-Rf1RK8T1kewqh"}}
2026-07-30 07:00:00:   Error fetching act_598233003217290: Meta API error 400: {"error":{"message":"Invalid OAuth access token - Cannot parse access token","type":"OAuthException","code":190,"fbtrace_id":"AOEnYu-zVEKoVx7lQkCqV-s"}}
2026-07-30 07:00:01:   Error fetching act_1423425976190315: Meta API error 400: {"error":{"message":"Invalid OAuth access token - Cannot parse access token","type":"OAuthException","code":190,"fbtrace_id":"ALCDcsfYDz0H8Rr6PTa8u3A"}}
2026-07-30 07:00:01:   Error fetching act_1281838446384778: Meta API error 400: {"error":{"message":"Invalid OAuth access token - Cannot parse access token","type":"OAuthException","code":190,"fbtrace_id":"AUuqHo9pevcpvxd0IwnV3N6"}}
2026-07-30 08:00:00:   Error fetching act_598233003217290: Meta API error 400: {"error":{"message":"Invalid OAuth access token - Cannot parse access token","type":"OAuthException","code":190,"fbtrace_id":"A9kW9aGemzRE3cS9tc89Bk3"}}
2026-07-30 08:00:00:   Error fetching act_1423425976190315: Meta API error 400: {"error":{"message":"Invalid OAuth access token - Cannot parse access token","type":"OAuthException","code":190,"fbtrace_id":"A63LwP0asFJvZjK_d8xUkDh"}}
2026-07-30 08:00:00:   Error fetching act_1281838446384778: Meta API error 400: {"error":{"message":"Invalid OAuth access token - Cannot parse access token","type":"OAuthException","code":190,"fbtrace_id":"AqMIUT83y2obQBD9qmE39YW"}}
2026-07-30 09:00:00:   Error fetching act_598233003217290: Meta API error 400: {"error":{"message":"Invalid OAuth access token - Cannot parse access token","type":"OAuthException","code":190,"fbtrace_id":"A6c8KKfp0Vbbj6WE4P9JEXa"}}
2026-07-30 09:00:01:   Error fetching act_1423425976190315: Meta API error 400: {"error":{"message":"Invalid OAuth access token - Cannot parse access token","type":"OAuthException","code":190,"fbtrace_id":"AMSZRz-SY7EjMCOHV30-Ane"}}
2026-07-30 09:00:01:   Error fetching act_1281838446384778: Meta API error 400: {"error":{"message":"Invalid OAuth access token - Cannot parse access token","type":"OAuthException","code":190,"fbtrace_id":"AuX3DsBeePY5Wf4Dpp3lFrT"}}
2026-07-30 10:00:00:   Error fetching act_598233003217290: Meta API error 400: {"error":{"message":"Invalid OAuth access token - Cannot parse access token","type":"OAuthException","code":190,"fbtrace_id":"Au35Z5GQJrpIlmR_Ct6Zepo"}}
2026-07-30 10:00:00:   Error fetching act_1423425976190315: Meta API error 400: {"error":{"message":"Invalid OAuth access token - Cannot parse access token","type":"OAuthException","code":190,"fbtrace_id":"A5ubB3fWlijfRwgOiLsBI9R"}}
2026-07-30 10:00:00:   Error fetching act_1281838446384778: Meta API error 400: {"error":{"message":"Invalid OAuth access token - Cannot parse access token","type":"OAuthException","code":190,"fbtrace_id":"AYF1UMSijq7KmksAYAseN1g"}}
2026-07-30 10:48:05:   Error fetching act_598233003217290: Meta API error 400: {"error":{"message":"Invalid OAuth access token - Cannot parse access token","type":"OAuthException","code":190,"fbtrace_id":"AMPfumop99WrCdXgbXQuyo0"}}
2026-07-30 10:48:06:   Error fetching act_1423425976190315: Meta API error 400: {"error":{"message":"Invalid OAuth access token - Cannot parse access token","type":"OAuthException","code":190,"fbtrace_id":"A7OD76-k4g6nhgGQ2RhD__w"}}
2026-07-30 10:48:06:   Error fetching act_1281838446384778: Meta API error 400: {"error":{"message":"Invalid OAuth access token - Cannot parse access token","type":"OAuthException","code":190,"fbtrace_id":"AaCE6uDVnxUkWHQUEBk7Bch"}}
2026-07-30 10:49:16:   Error fetching act_598233003217290: Meta API error 400: {"error":{"message":"Invalid OAuth access token - Cannot parse access token","type":"OAuthException","code":190,"fbtrace_id":"AUD51yqgchhoo1WJaco9skr"}}
2026-07-30 10:49:16:   Error fetching act_1423425976190315: Meta API error 400: {"error":{"message":"Invalid OAuth access token - Cannot parse access token","type":"OAuthException","code":190,"fbtrace_id":"AJJUF8YAGf1YAs1DvYSmqIF"}}
2026-07-30 10:49:17:   Error fetching act_1281838446384778: Meta API error 400: {"error":{"message":"Invalid OAuth access token - Cannot parse access token","type":"OAuthException","code":190,"fbtrace_id":"AyiclTjyR6Wkn6udNdPi-OY"}}
2026-07-30 11:00:00:   Error fetching act_598233003217290: Meta API error 400: {"error":{"message":"Invalid OAuth access token - Cannot parse access token","type":"OAuthException","code":190,"fbtrace_id":"AZdFaFwqDG6GcHRvYQE4oBs"}}
2026-07-30 11:00:00:   Error fetching act_1423425976190315: Meta API error 400: {"error":{"message":"Invalid OAuth access token - Cannot parse access token","type":"OAuthException","code":190,"fbtrace_id":"ASF01YRnhdZzLvLmXBLdegG"}}
2026-07-30 11:00:00:   Error fetching act_1281838446384778: Meta API error 400: {"error":{"message":"Invalid OAuth access token - Cannot parse access token","type":"OAuthException","code":190,"fbtrace_id":"Au_Zm6fDZPlCJ3ci2PYxv84"}}
2026-07-30 12:00:00:   Error fetching act_598233003217290: Meta API error 400: {"error":{"message":"Invalid OAuth access token - Cannot parse access token","type":"OAuthException","code":190,"fbtrace_id":"A3NVU0lYJau5GLSdYP-K3qb"}}
2026-07-30 12:00:01:   Error fetching act_1423425976190315: Meta API error 400: {"error":{"message":"Invalid OAuth access token - Cannot parse access token","type":"OAuthException","code":190,"fbtrace_id":"A9dkFAsdpa2Dbw-X_0xEaB0"}}
2026-07-30 12:00:01:   Error fetching act_1281838446384778: Meta API error 400: {"error":{"message":"Invalid OAuth access token - Cannot parse access token","type":"OAuthException","code":190,"fbtrace_id":"AU6tzTpu4rqMuDHH9rCNieY"}}
2026-07-30 13:00:01:   Error fetching act_598233003217290: Meta API error 400: {"error":{"message":"Invalid OAuth access token - Cannot parse access token","type":"OAuthException","code":190,"fbtrace_id":"A47jzmDYMVx_zZJ4oKP0g8F"}}
2026-07-30 13:00:01:   Error fetching act_1423425976190315: Meta API error 400: {"error":{"message":"Invalid OAuth access token - Cannot parse access token","type":"OAuthException","code":190,"fbtrace_id":"A7booATijp-NCWt9NurgECh"}}
2026-07-30 13:00:01:   Error fetching act_1281838446384778: Meta API error 400: {"error":{"message":"Invalid OAuth access token - Cannot parse access token","type":"OAuthException","code":190,"fbtrace_id":"AJSKJxPNwq8jlbIFaNS7bky"}}
2026-07-30 14:00:01:   Error fetching act_598233003217290: Meta API error 400: {"error":{"message":"Invalid OAuth access token - Cannot parse access token","type":"OAuthException","code":190,"fbtrace_id":"AYElkHqUSuSQGmjb1oPLLsC"}}
2026-07-30 14:00:01:   Error fetching act_1423425976190315: Meta API error 400: {"error":{"message":"Invalid OAuth access token - Cannot parse access token","type":"OAuthException","code":190,"fbtrace_id":"AkY4-d1VUgOsWp0uoOD3P8t"}}
2026-07-30 14:00:01:   Error fetching act_1281838446384778: Meta API error 400: {"error":{"message":"Invalid OAuth access token - Cannot parse access token","type":"OAuthException","code":190,"fbtrace_id":"AlWrsvTc8j1m8Z6P6vUxIxR"}}
2026-07-30 15:00:01:   Error fetching act_598233003217290: Meta API error 400: {"error":{"message":"Invalid OAuth access token - Cannot parse access token","type":"OAuthException","code":190,"fbtrace_id":"Al6yDTNEzKqFeSDAn54Rl2U"}}
2026-07-30 15:00:01:   Error fetching act_1423425976190315: Meta API error 400: {"error":{"message":"Invalid OAuth access token - Cannot parse access token","type":"OAuthException","code":190,"fbtrace_id":"Ad4IDfYyBNGDDgshvWPg0ES"}}
2026-07-30 15:00:01:   Error fetching act_1281838446384778: Meta API error 400: {"error":{"message":"Invalid OAuth access token - Cannot parse access token","type":"OAuthException","code":190,"fbtrace_id":"AobU2JWHaBGKnDFBxErmL1b"}}
2026-07-30 16:00:00:   Error fetching act_598233003217290: Meta API error 400: {"error":{"message":"Invalid OAuth access token - Cannot parse access token","type":"OAuthException","code":190,"fbtrace_id":"AKCqE5w1f30T_5Xa0nNr6hH"}}
2026-07-30 16:00:00:   Error fetching act_1423425976190315: Meta API error 400: {"error":{"message":"Invalid OAuth access token - Cannot parse access token","type":"OAuthException","code":190,"fbtrace_id":"AaQEDVo4j5k3GeSI78bB8wd"}}
2026-07-30 16:00:01:   Error fetching act_1281838446384778: Meta API error 400: {"error":{"message":"Invalid OAuth access token - Cannot parse access token","type":"OAuthException","code":190,"fbtrace_id":"AAlBgOvIfS5zdg55mfeyAXg"}}
2026-07-30 17:00:00:   Error fetching act_598233003217290: Meta API error 400: {"error":{"message":"Invalid OAuth access token - Cannot parse access token","type":"OAuthException","code":190,"fbtrace_id":"AVN_WZ-NvzR1nQbXhc9NJpP"}}
2026-07-30 17:00:01:   Error fetching act_1423425976190315: Meta API error 400: {"error":{"message":"Invalid OAuth access token - Cannot parse access token","type":"OAuthException","code":190,"fbtrace_id":"AjGHoLXEU-ETjGf1SLFy-0P"}}
2026-07-30 17:00:01:   Error fetching act_1281838446384778: Meta API error 400: {"error":{"message":"Invalid OAuth access token - Cannot parse access token","type":"OAuthException","code":190,"fbtrace_id":"AbW7xNJDnF85zvDeq0Dt8vX"}}
2026-07-30 18:00:00:   Error fetching act_598233003217290: Meta API error 400: {"error":{"message":"Invalid OAuth access token - Cannot parse access token","type":"OAuthException","code":190,"fbtrace_id":"AGeZMuSh_QbjPvRQ5A81Ue8"}}
2026-07-30 18:00:01:   Error fetching act_1423425976190315: Meta API error 400: {"error":{"message":"Invalid OAuth access token - Cannot parse access token","type":"OAuthException","code":190,"fbtrace_id":"ApJnpxfVe9ZwJgBfWBqnsK1"}}
2026-07-30 18:00:01:   Error fetching act_1281838446384778: Meta API error 400: {"error":{"message":"Invalid OAuth access token - Cannot parse access token","type":"OAuthException","code":190,"fbtrace_id":"AmWIACJsZESpgw_t6agx7f3"}}
2026-07-30 19:00:00:   Error fetching act_598233003217290: Meta API error 400: {"error":{"message":"Invalid OAuth access token - Cannot parse access token","type":"OAuthException","code":190,"fbtrace_id":"Ammv7chtZUlzrbhVYT3zVj9"}}
2026-07-30 19:00:00:   Error fetching act_1423425976190315: Meta API error 400: {"error":{"message":"Invalid OAuth access token - Cannot parse access token","type":"OAuthException","code":190,"fbtrace_id":"AnUbEmtKIUZj0bfibc07X4F"}}
2026-07-30 19:00:01:   Error fetching act_1281838446384778: Meta API error 400: {"error":{"message":"Invalid OAuth access token - Cannot parse access token","type":"OAuthException","code":190,"fbtrace_id":"AyXa3xhzwEZ7J7wQvBpsWqL"}}
2026-07-30 20:00:00:   Error fetching act_598233003217290: Meta API error 400: {"error":{"message":"Invalid OAuth access token - Cannot parse access token","type":"OAuthException","code":190,"fbtrace_id":"AMy4sLk6PsSGVBCBTAre8bN"}}
2026-07-30 20:00:00:   Error fetching act_1423425976190315: Meta API error 400: {"error":{"message":"Invalid OAuth access token - Cannot parse access token","type":"OAuthException","code":190,"fbtrace_id":"A6gyXvoBNQM4VhQqGHFdVWh"}}
2026-07-30 20:00:01:   Error fetching act_1281838446384778: Meta API error 400: {"error":{"message":"Invalid OAuth access token - Cannot parse access token","type":"OAuthException","code":190,"fbtrace_id":"AylPEtBi9E21WqTsOxtPqbE"}}
2026-07-30 21:00:00:   Error fetching act_598233003217290: Meta API error 400: {"error":{"message":"Invalid OAuth access token - Cannot parse access token","type":"OAuthException","code":190,"fbtrace_id":"AMsUtLigIHHBDVjkfFNRz3m"}}
2026-07-30 21:00:00:   Error fetching act_1423425976190315: Meta API error 400: {"error":{"message":"Invalid OAuth access token - Cannot parse access token","type":"OAuthException","code":190,"fbtrace_id":"AHehYqnLR7q690Eyll2VZVE"}}
2026-07-30 21:00:00:   Error fetching act_1281838446384778: Meta API error 400: {"error":{"message":"Invalid OAuth access token - Cannot parse access token","type":"OAuthException","code":190,"fbtrace_id":"AyyXpy7Qrm5Ra255txxyGKd"}}
2026-07-30 22:00:00:   Error fetching act_598233003217290: Meta API error 400: {"error":{"message":"Invalid OAuth access token - Cannot parse access token","type":"OAuthException","code":190,"fbtrace_id":"AkChIkb6yPumJ8NW5K-6MHm"}}
2026-07-30 22:00:00:   Error fetching act_1423425976190315: Meta API error 400: {"error":{"message":"Invalid OAuth access token - Cannot parse access token","type":"OAuthException","code":190,"fbtrace_id":"AUwS470QXeimpYGK2x5w72n"}}
2026-07-30 22:00:00:   Error fetching act_1281838446384778: Meta API error 400: {"error":{"message":"Invalid OAuth access token - Cannot parse access token","type":"OAuthException","code":190,"fbtrace_id":"AOwyBORrIm0D8XeWkaV2Kki"}}
2026-07-30 23:00:01:   Error fetching act_598233003217290: Meta API error 400: {"error":{"message":"Invalid OAuth access token - Cannot parse access token","type":"OAuthException","code":190,"fbtrace_id":"AFFlviOyOFh7fWkG9x0ZVkw"}}
2026-07-30 23:00:01:   Error fetching act_1423425976190315: Meta API error 400: {"error":{"message":"Invalid OAuth access token - Cannot parse access token","type":"OAuthException","code":190,"fbtrace_id":"A-X5Ylhbs6tkJ3imSdzOgHI"}}
2026-07-30 23:00:01:   Error fetching act_1281838446384778: Meta API error 400: {"error":{"message":"Invalid OAuth access token - Cannot parse access token","type":"OAuthException","code":190,"fbtrace_id":"AfdcentlnRUzx60MEXSI26U"}}
2026-07-31 00:00:01:   Error fetching act_598233003217290: Meta API error 400: {"error":{"message":"Invalid OAuth access token - Cannot parse access token","type":"OAuthException","code":190,"fbtrace_id":"ASmUvHWet1_VtZYsn-SjlaG"}}
2026-07-31 00:00:01:   Error fetching act_1423425976190315: Meta API error 400: {"error":{"message":"Invalid OAuth access token - Cannot parse access token","type":"OAuthException","code":190,"fbtrace_id":"AqxpQJZcJKpVjp3gVZxjwUp"}}
2026-07-31 00:00:01:   Error fetching act_1281838446384778: Meta API error 400: {"error":{"message":"Invalid OAuth access token - Cannot parse access token","type":"OAuthException","code":190,"fbtrace_id":"AGW9N9IXiaDvR7Dem5K79a8"}}
2026-07-31 01:00:00:   Error fetching act_598233003217290: Meta API error 400: {"error":{"message":"Invalid OAuth access token - Cannot parse access token","type":"OAuthException","code":190,"fbtrace_id":"AcK-zPTFrpp4lHJOZVXS8rp"}}
2026-07-31 01:00:00:   Error fetching act_1423425976190315: Meta API error 400: {"error":{"message":"Invalid OAuth access token - Cannot parse access token","type":"OAuthException","code":190,"fbtrace_id":"AJ1zyrBvEez77n9EDV6YYjt"}}
2026-07-31 01:00:01:   Error fetching act_1281838446384778: Meta API error 400: {"error":{"message":"Invalid OAuth access token - Cannot parse access token","type":"OAuthException","code":190,"fbtrace_id":"A6jHiKaNUff5E2EIZqpRgSM"}}
2026-07-31 02:00:00:   Error fetching act_598233003217290: Meta API error 400: {"error":{"message":"Invalid OAuth access token - Cannot parse access token","type":"OAuthException","code":190,"fbtrace_id":"AIgg0Sy0duwg4_E-biwtb9i"}}
2026-07-31 02:00:00:   Error fetching act_1423425976190315: Meta API error 400: {"error":{"message":"Invalid OAuth access token - Cannot parse access token","type":"OAuthException","code":190,"fbtrace_id":"ADvacXuCdhT7zlkxpb91cal"}}
2026-07-31 02:00:01:   Error fetching act_1281838446384778: Meta API error 400: {"error":{"message":"Invalid OAuth access token - Cannot parse access token","type":"OAuthException","code":190,"fbtrace_id":"AzPK1GpLrhIboVafn2fv_SG"}}
2026-07-31 03:00:01:   Error fetching act_598233003217290: Meta API error 400: {"error":{"message":"Invalid OAuth access token - Cannot parse access token","type":"OAuthException","code":190,"fbtrace_id":"AeSdOOfw7U-2NLZD06_uGzq"}}
2026-07-31 03:00:01:   Error fetching act_1423425976190315: Meta API error 400: {"error":{"message":"Invalid OAuth access token - Cannot parse access token","type":"OAuthException","code":190,"fbtrace_id":"AV09j-zCE2EdOOJat7e0OJP"}}
2026-07-31 03:00:01:   Error fetching act_1281838446384778: Meta API error 400: {"error":{"message":"Invalid OAuth access token - Cannot parse access token","type":"OAuthException","code":190,"fbtrace_id":"Alg36FvEhXUEg7GG9NRr6yX"}}
2026-07-31 04:00:01:   Error fetching act_598233003217290: Meta API error 400: {"error":{"message":"Invalid OAuth access token - Cannot parse access token","type":"OAuthException","code":190,"fbtrace_id":"A4lw59MBAqdgpYrm1meIbKI"}}
2026-07-31 04:00:01:   Error fetching act_1423425976190315: Meta API error 400: {"error":{"message":"Invalid OAuth access token - Cannot parse access token","type":"OAuthException","code":190,"fbtrace_id":"A7btetRjupjE6OKBV6QDsLR"}}
2026-07-31 04:00:01:   Error fetching act_1281838446384778: Meta API error 400: {"error":{"message":"Invalid OAuth access token - Cannot parse access token","type":"OAuthException","code":190,"fbtrace_id":"AUj-GsP7DfxBiB1KAC1IH0X"}}
2026-07-31 05:00:00:   Error fetching act_598233003217290: Meta API error 400: {"error":{"message":"Invalid OAuth access token - Cannot parse access token","type":"OAuthException","code":190,"fbtrace_id":"AF17JOIGWZPgn3ELM_eyLqy"}}
2026-07-31 05:00:00:   Error fetching act_1423425976190315: Meta API error 400: {"error":{"message":"Invalid OAuth access token - Cannot parse access token","type":"OAuthException","code":190,"fbtrace_id":"A9RMzWeC5ebJQsn4t4WoFCY"}}
2026-07-31 05:00:01:   Error fetching act_1281838446384778: Meta API error 400: {"error":{"message":"Invalid OAuth access token - Cannot parse access token","type":"OAuthException","code":190,"fbtrace_id":"A8PwXV1Aa4I0v1Wl7ZIc_AH"}}
2026-07-31 06:00:00:   Error fetching act_598233003217290: Meta API error 400: {"error":{"message":"Invalid OAuth access token - Cannot parse access token","type":"OAuthException","code":190,"fbtrace_id":"AaQk4W4M0fsNxuDdjuZ5FOp"}}
2026-07-31 06:00:00:   Error fetching act_1423425976190315: Meta API error 400: {"error":{"message":"Invalid OAuth access token - Cannot parse access token","type":"OAuthException","code":190,"fbtrace_id":"AntteFhT8WTzsgW1-_AEEqs"}}
2026-07-31 06:00:00:   Error fetching act_1281838446384778: Meta API error 400: {"error":{"message":"Invalid OAuth access token - Cannot parse access token","type":"OAuthException","code":190,"fbtrace_id":"Aahu-UJMJjPotr4jKXIo4D2"}}
2026-07-31 07:00:00:   Error fetching act_598233003217290: Meta API error 400: {"error":{"message":"Invalid OAuth access token - Cannot parse access token","type":"OAuthException","code":190,"fbtrace_id":"AY3lAEXj6KgpUEyZ2V2iOoD"}}
2026-07-31 07:00:00:   Error fetching act_1423425976190315: Meta API error 400: {"error":{"message":"Invalid OAuth access token - Cannot parse access token","type":"OAuthException","code":190,"fbtrace_id":"AxnkrXs0Ftg-j12oagFdWT8"}}
2026-07-31 07:00:00:   Error fetching act_1281838446384778: Meta API error 400: {"error":{"message":"Invalid OAuth access token - Cannot parse access token","type":"OAuthException","code":190,"fbtrace_id":"AfRTCPbYm2FHTNFdAI7VMMS"}}
2026-07-31 08:00:01:   Error fetching act_598233003217290: Meta API error 400: {"error":{"message":"Invalid OAuth access token - Cannot parse access token","type":"OAuthException","code":190,"fbtrace_id":"AZZW0DIyRBpL8jh_O7xLoSG"}}
2026-07-31 08:00:01:   Error fetching act_1423425976190315: Meta API error 400: {"error":{"message":"Invalid OAuth access token - Cannot parse access token","type":"OAuthException","code":190,"fbtrace_id":"AIj0HpqbxslGHUgPN_RD_-q"}}
2026-07-31 08:00:01:   Error fetching act_1281838446384778: Meta API error 400: {"error":{"message":"Invalid OAuth access token - Cannot parse access token","type":"OAuthException","code":190,"fbtrace_id":"AX8hyvdovciJLmbm0atQTG6"}}
2026-07-31 09:00:01:   Error fetching act_598233003217290: Meta API error 400: {"error":{"message":"Invalid OAuth access token - Cannot parse access token","type":"OAuthException","code":190,"fbtrace_id":"Awhtjjt6dO--C85FP2m_eAM"}}
2026-07-31 09:00:01:   Error fetching act_1423425976190315: Meta API error 400: {"error":{"message":"Invalid OAuth access token - Cannot parse access token","type":"OAuthException","code":190,"fbtrace_id":"An5htEPcMQ7ai-8tw2hVxWb"}}
2026-07-31 09:00:01:   Error fetching act_1281838446384778: Meta API error 400: {"error":{"message":"Invalid OAuth access token - Cannot parse access token","type":"OAuthException","code":190,"fbtrace_id":"AODmUuejBsrLSppvItEs5XB"}}
2026-07-31 10:00:00:   Error fetching act_598233003217290: Meta API error 400: {"error":{"message":"Invalid OAuth access token - Cannot parse access token","type":"OAuthException","code":190,"fbtrace_id":"AlEMFzj94eY2OyPLsPxL27D"}}
2026-07-31 10:00:01:   Error fetching act_1423425976190315: Meta API error 400: {"error":{"message":"Invalid OAuth access token - Cannot parse access token","type":"OAuthException","code":190,"fbtrace_id":"AXdZdKuIEb89tKkp8CBhAA-"}}
2026-07-31 10:00:01:   Error fetching act_1281838446384778: Meta API error 400: {"error":{"message":"Invalid OAuth access token - Cannot parse access token","type":"OAuthException","code":190,"fbtrace_id":"AAqmgYrOxdrKF0E0ReWPg-s"}}
2026-07-31 11:00:00:   Error fetching act_598233003217290: Meta API error 400: {"error":{"message":"Invalid OAuth access token - Cannot parse access token","type":"OAuthException","code":190,"fbtrace_id":"AKUqCDR-6lIfeK93nic3PCh"}}
2026-07-31 11:00:01:   Error fetching act_1423425976190315: Meta API error 400: {"error":{"message":"Invalid OAuth access token - Cannot parse access token","type":"OAuthException","code":190,"fbtrace_id":"A4NNlgiEKi8G8fz70qOh6-B"}}
2026-07-31 11:00:01:   Error fetching act_1281838446384778: Meta API error 400: {"error":{"message":"Invalid OAuth access token - Cannot parse access token","type":"OAuthException","code":190,"fbtrace_id":"APXpik_KEQWDU2qwF9doS_Y"}}
2026-07-31 12:00:01:   Error fetching act_598233003217290: Meta API error 400: {"error":{"message":"Invalid OAuth access token - Cannot parse access token","type":"OAuthException","code":190,"fbtrace_id":"A7-352xHzpYPl6Pg0lwnDZx"}}
2026-07-31 12:00:01:   Error fetching act_1423425976190315: Meta API error 400: {"error":{"message":"Invalid OAuth access token - Cannot parse access token","type":"OAuthException","code":190,"fbtrace_id":"AYZB7zYE-JV9IT2ZP7PURZS"}}
2026-07-31 12:00:01:   Error fetching act_1281838446384778: Meta API error 400: {"error":{"message":"Invalid OAuth access token - Cannot parse access token","type":"OAuthException","code":190,"fbtrace_id":"A5_sUQK40g3n5eEzkHGz0HR"}}
2026-07-31 13:00:01:   Error fetching act_598233003217290: Meta API error 400: {"error":{"message":"Invalid OAuth access token - Cannot parse access token","type":"OAuthException","code":190,"fbtrace_id":"AlZYdseph1gLnmpzE6Q05ig"}}
2026-07-31 13:00:01:   Error fetching act_1423425976190315: Meta API error 400: {"error":{"message":"Invalid OAuth access token - Cannot parse access token","type":"OAuthException","code":190,"fbtrace_id":"AuJb95V97ePpv5npcUP-G_a"}}
2026-07-31 13:00:01:   Error fetching act_1281838446384778: Meta API error 400: {"error":{"message":"Invalid OAuth access token - Cannot parse access token","type":"OAuthException","code":190,"fbtrace_id":"Aftc3YcPgWTTrUT16iIydtz"}}
2026-07-31 14:00:00:   Error fetching act_598233003217290: Meta API error 400: {"error":{"message":"Invalid OAuth access token - Cannot parse access token","type":"OAuthException","code":190,"fbtrace_id":"AtPf8_HBlKjpT8oP5yXBpIH"}}
2026-07-31 14:00:00:   Error fetching act_1423425976190315: Meta API error 400: {"error":{"message":"Invalid OAuth access token - Cannot parse access token","type":"OAuthException","code":190,"fbtrace_id":"AnJsASX3WNLaLFidmcn37kS"}}
2026-07-31 14:00:01:   Error fetching act_1281838446384778: Meta API error 400: {"error":{"message":"Invalid OAuth access token - Cannot parse access token","type":"OAuthException","code":190,"fbtrace_id":"ACAQxzSUaKJOItf4MU8L2ir"}}
2026-07-31 15:00:01:   Error fetching act_598233003217290: Meta API error 400: {"error":{"message":"Invalid OAuth access token - Cannot parse access token","type":"OAuthException","code":190,"fbtrace_id":"AJ--_YoP76LR8v7yXRN49fC"}}
2026-07-31 15:00:01:   Error fetching act_1423425976190315: Meta API error 400: {"error":{"message":"Invalid OAuth access token - Cannot parse access token","type":"OAuthException","code":190,"fbtrace_id":"A5nNN4mHlSri9mhgSJ2-Vmo"}}
2026-07-31 15:00:01:   Error fetching act_1281838446384778: Meta API error 400: {"error":{"message":"Invalid OAuth access token - Cannot parse access token","type":"OAuthException","code":190,"fbtrace_id":"ACK5E3elNmLZCd6geaiINC1"}}
2026-07-31 16:00:00:   Error fetching act_598233003217290: Meta API error 400: {"error":{"message":"Invalid OAuth access token - Cannot parse access token","type":"OAuthException","code":190,"fbtrace_id":"AR5W46QCU2g47d8xFDg7KWX"}}
2026-07-31 16:00:01:   Error fetching act_1423425976190315: Meta API error 400: {"error":{"message":"Invalid OAuth access token - Cannot parse access token","type":"OAuthException","code":190,"fbtrace_id":"ASIuOmra3X9s6uH4NAMIBIo"}}
2026-07-31 16:00:01:   Error fetching act_1281838446384778: Meta API error 400: {"error":{"message":"Invalid OAuth access token - Cannot parse access token","type":"OAuthException","code":190,"fbtrace_id":"AKdyka6G8pvGo3N9scQw_IY"}}
2026-07-31 17:00:00:   Error fetching act_598233003217290: Meta API error 400: {"error":{"message":"Invalid OAuth access token - Cannot parse access token","type":"OAuthException","code":190,"fbtrace_id":"Aj7XjAW8eyV5X3974Ym22BJ"}}
2026-07-31 17:00:00:   Error fetching act_1423425976190315: Meta API error 400: {"error":{"message":"Invalid OAuth access token - Cannot parse access token","type":"OAuthException","code":190,"fbtrace_id":"A4bKoeIer7lXVleIoLG7zLC"}}
2026-07-31 17:00:01:   Error fetching act_1281838446384778: Meta API error 400: {"error":{"message":"Invalid OAuth access token - Cannot parse access token","type":"OAuthException","code":190,"fbtrace_id":"A2P7HWv2KU5FAkzb35mg9Ge"}}
2026-07-31 18:00:00:   Error fetching act_598233003217290: Meta API error 400: {"error":{"message":"Invalid OAuth access token - Cannot parse access token","type":"OAuthException","code":190,"fbtrace_id":"Aq4YiV30xUJlMqR-W9UUMel"}}
2026-07-31 18:00:01:   Error fetching act_1423425976190315: Meta API error 400: {"error":{"message":"Invalid OAuth access token - Cannot parse access token","type":"OAuthException","code":190,"fbtrace_id":"A3jb1tiiexPlW-jvidTZTaJ"}}
2026-07-31 18:00:01:   Error fetching act_1281838446384778: Meta API error 400: {"error":{"message":"Invalid OAuth access token - Cannot parse access token","type":"OAuthException","code":190,"fbtrace_id":"Ab7qB2GlNsAaEdNhLyW7Z95"}}
2026-07-31 19:00:00:   Error fetching act_598233003217290: Meta API error 400: {"error":{"message":"Invalid OAuth access token - Cannot parse access token","type":"OAuthException","code":190,"fbtrace_id":"AeJ0ejenkUetSAcHuiRQZQE"}}
2026-07-31 19:00:00:   Error fetching act_1423425976190315: Meta API error 400: {"error":{"message":"Invalid OAuth access token - Cannot parse access token","type":"OAuthException","code":190,"fbtrace_id":"AwUbgJ67nGNV7oqDYLbjYhK"}}
2026-07-31 19:00:00:   Error fetching act_1281838446384778: Meta API error 400: {"error":{"message":"Invalid OAuth access token - Cannot parse access token","type":"OAuthException","code":190,"fbtrace_id":"AQ0Zh7uVBb4EhNM5OVm9PqX"}}
2026-07-31 20:00:00:   Error fetching act_598233003217290: Meta API error 400: {"error":{"message":"Invalid OAuth access token - Cannot parse access token","type":"OAuthException","code":190,"fbtrace_id":"ALYKuQyBOb2PKa2_6_fy6YA"}}
2026-07-31 20:00:00:   Error fetching act_1423425976190315: Meta API error 400: {"error":{"message":"Invalid OAuth access token - Cannot parse access token","type":"OAuthException","code":190,"fbtrace_id":"AMGG0xY5eKCh1MEjJSxQ5mI"}}
2026-07-31 20:00:01:   Error fetching act_1281838446384778: Meta API error 400: {"error":{"message":"Invalid OAuth access token - Cannot parse access token","type":"OAuthException","code":190,"fbtrace_id":"AFX4USvftRNeRqDmMQ9-__x"}}
2026-07-31 21:00:00:   Error fetching act_598233003217290: Meta API error 400: {"error":{"message":"Invalid OAuth access token - Cannot parse access token","type":"OAuthException","code":190,"fbtrace_id":"A2p7l3fhzI0QuHMnwy2FaWe"}}
2026-07-31 21:00:00:   Error fetching act_1423425976190315: Meta API error 400: {"error":{"message":"Invalid OAuth access token - Cannot parse access token","type":"OAuthException","code":190,"fbtrace_id":"AC-N1gJDR9FG3FiqyxwGS_j"}}
2026-07-31 21:00:00:   Error fetching act_1281838446384778: Meta API error 400: {"error":{"message":"Invalid OAuth access token - Cannot parse access token","type":"OAuthException","code":190,"fbtrace_id":"AIe34wpqYVJv2z_cxnDag_c"}}
2026-07-31 22:00:00:   Error fetching act_598233003217290: Meta API error 400: {"error":{"message":"Invalid OAuth access token - Cannot parse access token","type":"OAuthException","code":190,"fbtrace_id":"ATZY32P7_b1s_h1eUE7zXQR"}}
2026-07-31 22:00:00:   Error fetching act_1423425976190315: Meta API error 400: {"error":{"message":"Invalid OAuth access token - Cannot parse access token","type":"OAuthException","code":190,"fbtrace_id":"A34WhappuwXxAo2_RnizDnt"}}
2026-07-31 22:00:00:   Error fetching act_1281838446384778: Meta API error 400: {"error":{"message":"Invalid OAuth access token - Cannot parse access token","type":"OAuthException","code":190,"fbtrace_id":"AVzimt3cbSIcbgg6einQ8VW"}}
2026-07-31 23:00:01:   Error fetching act_598233003217290: Meta API error 400: {"error":{"message":"Invalid OAuth access token - Cannot parse access token","type":"OAuthException","code":190,"fbtrace_id":"AB5WOfD4IjOk6iV8LhkfbDo"}}
2026-07-31 23:00:01:   Error fetching act_1423425976190315: Meta API error 400: {"error":{"message":"Invalid OAuth access token - Cannot parse access token","type":"OAuthException","code":190,"fbtrace_id":"AOrXN0-0VRm2W6_6qhhxkic"}}
2026-07-31 23:00:01:   Error fetching act_1281838446384778: Meta API error 400: {"error":{"message":"Invalid OAuth access token - Cannot parse access token","type":"OAuthException","code":190,"fbtrace_id":"AAyMLqiov_vykZsqWlHbMc3"}}
2026-08-01 00:00:01:   Error fetching act_598233003217290: Meta API error 400: {"error":{"message":"Invalid OAuth access token - Cannot parse access token","type":"OAuthException","code":190,"fbtrace_id":"AFmAWpsWngLaitXbvs_b99q"}}
2026-08-01 00:00:01:   Error fetching act_1423425976190315: Meta API error 400: {"error":{"message":"Invalid OAuth access token - Cannot parse access token","type":"OAuthException","code":190,"fbtrace_id":"AyKnEXTD2HI700FlKZdO-X1"}}
2026-08-01 00:00:01:   Error fetching act_1281838446384778: Meta API error 400: {"error":{"message":"Invalid OAuth access token - Cannot parse access token","type":"OAuthException","code":190,"fbtrace_id":"ABRmKYh733xMlA49ay5__U2"}}
2026-08-01 01:00:00:   Error fetching act_598233003217290: Meta API error 400: {"error":{"message":"Invalid OAuth access token - Cannot parse access token","type":"OAuthException","code":190,"fbtrace_id":"A_cmZieTPOA1bugIXHlmsAC"}}
2026-08-01 01:00:00:   Error fetching act_1423425976190315: Meta API error 400: {"error":{"message":"Invalid OAuth access token - Cannot parse access token","type":"OAuthException","code":190,"fbtrace_id":"AYJvR44S79ZRzT6Ez2ACpCa"}}
2026-08-01 01:00:00:   Error fetching act_1281838446384778: Meta API error 400: {"error":{"message":"Invalid OAuth access token - Cannot parse access token","type":"OAuthException","code":190,"fbtrace_id":"AR6Vtp0vtvD9OdGEJqzHdYr"}}
2026-08-01 02:00:01:   Error fetching act_598233003217290: Meta API error 400: {"error":{"message":"Invalid OAuth access token - Cannot parse access token","type":"OAuthException","code":190,"fbtrace_id":"AwSB1RM4MeJ9i1dM7kdSk0z"}}
2026-08-01 02:00:01:   Error fetching act_1423425976190315: Meta API error 400: {"error":{"message":"Invalid OAuth access token - Cannot parse access token","type":"OAuthException","code":190,"fbtrace_id":"A-RL1wMlacGVs_B5jYCkF33"}}
2026-08-01 02:00:01:   Error fetching act_1281838446384778: Meta API error 400: {"error":{"message":"Invalid OAuth access token - Cannot parse access token","type":"OAuthException","code":190,"fbtrace_id":"ARNhvdtQfxSeXOO-IWzxzSu"}}
2026-08-01 03:00:01:   Error fetching act_598233003217290: Meta API error 400: {"error":{"message":"Invalid OAuth access token - Cannot parse access token","type":"OAuthException","code":190,"fbtrace_id":"A_T0VFv7Shec9DfkVnGvYFQ"}}
2026-08-01 03:00:01:   Error fetching act_1423425976190315: Meta API error 400: {"error":{"message":"Invalid OAuth access token - Cannot parse access token","type":"OAuthException","code":190,"fbtrace_id":"ApWfOw6QjQTfRlVX8On8bla"}}
2026-08-01 03:00:01:   Error fetching act_1281838446384778: Meta API error 400: {"error":{"message":"Invalid OAuth access token - Cannot parse access token","type":"OAuthException","code":190,"fbtrace_id":"AO1BSgBVEXJgaU4cfB1GV7J"}}
2026-08-01 04:00:01:   Error fetching act_598233003217290: Meta API error 400: {"error":{"message":"Invalid OAuth access token - Cannot parse access token","type":"OAuthException","code":190,"fbtrace_id":"AWQRI48iYW86kl_7-6V910K"}}
2026-08-01 04:00:01:   Error fetching act_1423425976190315: Meta API error 400: {"error":{"message":"Invalid OAuth access token - Cannot parse access token","type":"OAuthException","code":190,"fbtrace_id":"Av5A4HJHnHWGc9gL1ERJB74"}}
2026-08-01 04:00:01:   Error fetching act_1281838446384778: Meta API error 400: {"error":{"message":"Invalid OAuth access token - Cannot parse access token","type":"OAuthException","code":190,"fbtrace_id":"As7S0nFoPc1GOGEgh183E-_"}}
2026-08-01 05:00:00:   Error fetching act_598233003217290: Meta API error 400: {"error":{"message":"Invalid OAuth access token - Cannot parse access token","type":"OAuthException","code":190,"fbtrace_id":"AnDaxQMnPkrmCvD1inooOQT"}}
2026-08-01 05:00:01:   Error fetching act_1423425976190315: Meta API error 400: {"error":{"message":"Invalid OAuth access token - Cannot parse access token","type":"OAuthException","code":190,"fbtrace_id":"AbKywtVJnSk0wl9kH4G9hn_"}}
2026-08-01 05:00:01:   Error fetching act_1281838446384778: Meta API error 400: {"error":{"message":"Invalid OAuth access token - Cannot parse access token","type":"OAuthException","code":190,"fbtrace_id":"ASXLg-_tzYR_xAttkqed9pC"}}
2026-08-01 06:00:00:   Error fetching act_598233003217290: Meta API error 400: {"error":{"message":"Invalid OAuth access token - Cannot parse access token","type":"OAuthException","code":190,"fbtrace_id":"AzTOE7Rlq3fSkhrspsza3mC"}}
2026-08-01 06:00:00:   Error fetching act_1423425976190315: Meta API error 400: {"error":{"message":"Invalid OAuth access token - Cannot parse access token","type":"OAuthException","code":190,"fbtrace_id":"ASf6GKScmOxEfUsiO1kN6Hb"}}
2026-08-01 06:00:00:   Error fetching act_1281838446384778: Meta API error 400: {"error":{"message":"Invalid OAuth access token - Cannot parse access token","type":"OAuthException","code":190,"fbtrace_id":"ABzG0alDOOkkzEeu2QaUbbn"}}
2026-08-01 07:00:00:   Error fetching act_598233003217290: Meta API error 400: {"error":{"message":"Invalid OAuth access token - Cannot parse access token","type":"OAuthException","code":190,"fbtrace_id":"AR7qByTpuTgVfRSw5KECqBU"}}
2026-08-01 07:00:00:   Error fetching act_1423425976190315: Meta API error 400: {"error":{"message":"Invalid OAuth access token - Cannot parse access token","type":"OAuthException","code":190,"fbtrace_id":"AnBIL0yL0a8cev-_-5V-wRc"}}
2026-08-01 07:00:00:   Error fetching act_1281838446384778: Meta API error 400: {"error":{"message":"Invalid OAuth access token - Cannot parse access token","type":"OAuthException","code":190,"fbtrace_id":"AWW2Dvfxht0gmPJ1ySDjuBq"}}
2026-08-01 08:00:00:   Error fetching act_598233003217290: Meta API error 400: {"error":{"message":"Invalid OAuth access token - Cannot parse access token","type":"OAuthException","code":190,"fbtrace_id":"AwC_5gmUp_2TJ72m8rFaVC7"}}
2026-08-01 08:00:00:   Error fetching act_1423425976190315: Meta API error 400: {"error":{"message":"Invalid OAuth access token - Cannot parse access token","type":"OAuthException","code":190,"fbtrace_id":"AMrhHPL2gsuGStS-rtyDN5H"}}
2026-08-01 08:00:00:   Error fetching act_1281838446384778: Meta API error 400: {"error":{"message":"Invalid OAuth access token - Cannot parse access token","type":"OAuthException","code":190,"fbtrace_id":"AkTWx_doR2u_9dEDy01u98m"}}
2026-08-01 09:00:00:   Error fetching act_598233003217290: Meta API error 400: {"error":{"message":"Invalid OAuth access token - Cannot parse access token","type":"OAuthException","code":190,"fbtrace_id":"A51CcnTD-DBDaaRwrW4r47_"}}
2026-08-01 09:00:00:   Error fetching act_1423425976190315: Meta API error 400: {"error":{"message":"Invalid OAuth access token - Cannot parse access token","type":"OAuthException","code":190,"fbtrace_id":"AJK_FJP5Ftsnos6HwBGiEcI"}}
2026-08-01 09:00:00:   Error fetching act_1281838446384778: Meta API error 400: {"error":{"message":"Invalid OAuth access token - Cannot parse access token","type":"OAuthException","code":190,"fbtrace_id":"Ap2rivcNcTb5cPvaWF7EXRr"}}
2026-08-01 10:00:00:   Error fetching act_598233003217290: Meta API error 400: {"error":{"message":"Invalid OAuth access token - Cannot parse access token","type":"OAuthException","code":190,"fbtrace_id":"AJbt4MBoPTF6ZXOM9VYePw_"}}
2026-08-01 10:00:00:   Error fetching act_1423425976190315: Meta API error 400: {"error":{"message":"Invalid OAuth access token - Cannot parse access token","type":"OAuthException","code":190,"fbtrace_id":"Ad0hnE60_A1DLYBu14x-Qm8"}}
2026-08-01 10:00:00:   Error fetching act_1281838446384778: Meta API error 400: {"error":{"message":"Invalid OAuth access token - Cannot parse access token","type":"OAuthException","code":190,"fbtrace_id":"Ays87v1A3sH5L3RRQya9JQS"}}
2026-08-01 11:00:00:   Error fetching act_598233003217290: Meta API error 400: {"error":{"message":"Invalid OAuth access token - Cannot parse access token","type":"OAuthException","code":190,"fbtrace_id":"AuwnS5EkV9H0IkAgsYD6sg1"}}
2026-08-01 11:00:00:   Error fetching act_1423425976190315: Meta API error 400: {"error":{"message":"Invalid OAuth access token - Cannot parse access token","type":"OAuthException","code":190,"fbtrace_id":"A-XxHzt3wPRWbU-1pNXJHlD"}}
2026-08-01 11:00:00:   Error fetching act_1281838446384778: Meta API error 400: {"error":{"message":"Invalid OAuth access token - Cannot parse access token","type":"OAuthException","code":190,"fbtrace_id":"AyS_TXBbYdumHCxUChS1fyH"}}
2026-08-01 12:00:00:   Error fetching act_598233003217290: Meta API error 400: {"error":{"message":"Invalid OAuth access token - Cannot parse access token","type":"OAuthException","code":190,"fbtrace_id":"AjSgyYruo1Oyr8_5BvL5cr5"}}
2026-08-01 12:00:00:   Error fetching act_1423425976190315: Meta API error 400: {"error":{"message":"Invalid OAuth access token - Cannot parse access token","type":"OAuthException","code":190,"fbtrace_id":"AHoUpG_bAGEuOUPr7Zzp3Ub"}}
2026-08-01 12:00:00:   Error fetching act_1281838446384778: Meta API error 400: {"error":{"message":"Invalid OAuth access token - Cannot parse access token","type":"OAuthException","code":190,"fbtrace_id":"ARbfcQ2sWxV3yOdw0rrJUKl"}}
2026-08-01 13:00:00:   Error fetching act_598233003217290: Meta API error 400: {"error":{"message":"Invalid OAuth access token - Cannot parse access token","type":"OAuthException","code":190,"fbtrace_id":"AOcVOcq-vI24gMSS0wI6dfd"}}
2026-08-01 13:00:00:   Error fetching act_1423425976190315: Meta API error 400: {"error":{"message":"Invalid OAuth access token - Cannot parse access token","type":"OAuthException","code":190,"fbtrace_id":"AvXkQt7IWmMXzVO9HMMyBl3"}}
2026-08-01 13:00:01:   Error fetching act_1281838446384778: Meta API error 400: {"error":{"message":"Invalid OAuth access token - Cannot parse access token","type":"OAuthException","code":190,"fbtrace_id":"AxuHlRgRNNA9SvvpZsnwkvU"}}
2026-08-01 14:00:01:   Error fetching act_598233003217290: Meta API error 400: {"error":{"message":"Invalid OAuth access token - Cannot parse access token","type":"OAuthException","code":190,"fbtrace_id":"AsoHqX8yEmhEWWF-HHPEW8S"}}
2026-08-01 14:00:01:   Error fetching act_1423425976190315: Meta API error 400: {"error":{"message":"Invalid OAuth access token - Cannot parse access token","type":"OAuthException","code":190,"fbtrace_id":"Ahbhkf6Shzvo5rc29kfGZDR"}}
2026-08-01 14:00:01:   Error fetching act_1281838446384778: Meta API error 400: {"error":{"message":"Invalid OAuth access token - Cannot parse access token","type":"OAuthException","code":190,"fbtrace_id":"AK2D452wiHv5dRCzHGyu7NB"}}
2026-08-01 15:00:00:   Error fetching act_598233003217290: Meta API error 400: {"error":{"message":"Invalid OAuth access token - Cannot parse access token","type":"OAuthException","code":190,"fbtrace_id":"Aismt6Z90VftRY_kxcBJ9VC"}}
2026-08-01 15:00:00:   Error fetching act_1423425976190315: Meta API error 400: {"error":{"message":"Invalid OAuth access token - Cannot parse access token","type":"OAuthException","code":190,"fbtrace_id":"A_QnL6L2lc0M44pSI1F6dqD"}}
2026-08-01 15:00:00:   Error fetching act_1281838446384778: Meta API error 400: {"error":{"message":"Invalid OAuth access token - Cannot parse access token","type":"OAuthException","code":190,"fbtrace_id":"A9AKLJEshygmK0UyEFRZO91"}}
2026-08-01 16:00:00:   Error fetching act_598233003217290: Meta API error 400: {"error":{"message":"Invalid OAuth access token - Cannot parse access token","type":"OAuthException","code":190,"fbtrace_id":"A-UpQt81JKSxm-yTJXgrbCy"}}
2026-08-01 16:00:00:   Error fetching act_1423425976190315: Meta API error 400: {"error":{"message":"Invalid OAuth access token - Cannot parse access token","type":"OAuthException","code":190,"fbtrace_id":"AiFAd1xdzdOUnkjCiSZtXub"}}
2026-08-01 16:00:01:   Error fetching act_1281838446384778: Meta API error 400: {"error":{"message":"Invalid OAuth access token - Cannot parse access token","type":"OAuthException","code":190,"fbtrace_id":"An5AUNWcmEPXfTyZRQ8LLdh"}}
2026-08-01 17:00:00:   Error fetching act_598233003217290: Meta API error 400: {"error":{"message":"Invalid OAuth access token - Cannot parse access token","type":"OAuthException","code":190,"fbtrace_id":"ALou2l8obpKbjbNmktnXFjZ"}}
2026-08-01 17:00:00:   Error fetching act_1423425976190315: Meta API error 400: {"error":{"message":"Invalid OAuth access token - Cannot parse access token","type":"OAuthException","code":190,"fbtrace_id":"AUn1YL5mNfG3Dtlck6VNnLl"}}
2026-08-01 17:00:00:   Error fetching act_1281838446384778: Meta API error 400: {"error":{"message":"Invalid OAuth access token - Cannot parse access token","type":"OAuthException","code":190,"fbtrace_id":"AvI5uv_MHR9UkgKHYn3dFmQ"}}
2026-08-01 18:00:01:   Error fetching act_598233003217290: Meta API error 400: {"error":{"message":"Invalid OAuth access token - Cannot parse access token","type":"OAuthException","code":190,"fbtrace_id":"Ah0uWVYO7tEc4UZHLSIDlRI"}}
2026-08-01 18:00:01:   Error fetching act_1423425976190315: Meta API error 400: {"error":{"message":"Invalid OAuth access token - Cannot parse access token","type":"OAuthException","code":190,"fbtrace_id":"AcDdx1gfk5KPzBBnhFrVMGp"}}
2026-08-01 18:00:01:   Error fetching act_1281838446384778: Meta API error 400: {"error":{"message":"Invalid OAuth access token - Cannot parse access token","type":"OAuthException","code":190,"fbtrace_id":"AIo_g4Y-m6rvXjFTbWauBn_"}}
2026-08-01 19:00:00:   Error fetching act_598233003217290: Meta API error 400: {"error":{"message":"Invalid OAuth access token - Cannot parse access token","type":"OAuthException","code":190,"fbtrace_id":"Aj5XMwz5ZZg9bxgjz_iYnHu"}}
2026-08-01 19:00:00:   Error fetching act_1423425976190315: Meta API error 400: {"error":{"message":"Invalid OAuth access token - Cannot parse access token","type":"OAuthException","code":190,"fbtrace_id":"AXFdFmcrK9CTzA5lIS2lGSY"}}
2026-08-01 19:00:00:   Error fetching act_1281838446384778: Meta API error 400: {"error":{"message":"Invalid OAuth access token - Cannot parse access token","type":"OAuthException","code":190,"fbtrace_id":"AttkagxPEZs2x4sf9nBpd0E"}}
2026-08-01 20:00:00:   Error fetching act_598233003217290: Meta API error 400: {"error":{"message":"Invalid OAuth access token - Cannot parse access token","type":"OAuthException","code":190,"fbtrace_id":"AKWI9CiMP5oLBS0ayqwnLGz"}}
2026-08-01 20:00:01:   Error fetching act_1423425976190315: Meta API error 400: {"error":{"message":"Invalid OAuth access token - Cannot parse access token","type":"OAuthException","code":190,"fbtrace_id":"AiHwvJIMu8c-jJPfv9RrLpj"}}
2026-08-01 20:00:01:   Error fetching act_1281838446384778: Meta API error 400: {"error":{"message":"Invalid OAuth access token - Cannot parse access token","type":"OAuthException","code":190,"fbtrace_id":"AczwHdwju991XEzn9wUIZVo"}}
2026-08-01 21:00:01:   Error fetching act_598233003217290: Meta API error 400: {"error":{"message":"Invalid OAuth access token - Cannot parse access token","type":"OAuthException","code":190,"fbtrace_id":"AtaYK3mL_f83hHPyAWIJgjg"}}
2026-08-01 21:00:01:   Error fetching act_1423425976190315: Meta API error 400: {"error":{"message":"Invalid OAuth access token - Cannot parse access token","type":"OAuthException","code":190,"fbtrace_id":"AkWcXtfXqQi4KWPmS1uNh0a"}}
2026-08-01 21:00:01:   Error fetching act_1281838446384778: Meta API error 400: {"error":{"message":"Invalid OAuth access token - Cannot parse access token","type":"OAuthException","code":190,"fbtrace_id":"APLRL8EECKZTSXnK0cNXzF6"}}
2026-08-01 22:00:01:   Error fetching act_598233003217290: Meta API error 400: {"error":{"message":"Invalid OAuth access token - Cannot parse access token","type":"OAuthException","code":190,"fbtrace_id":"A2tCNsOrYpiYA7OXd2OEY8w"}}
2026-08-01 22:00:01:   Error fetching act_1423425976190315: Meta API error 400: {"error":{"message":"Invalid OAuth access token - Cannot parse access token","type":"OAuthException","code":190,"fbtrace_id":"ApM5uTASF5fhnhooxJ8YAkf"}}
2026-08-01 22:00:01:   Error fetching act_1281838446384778: Meta API error 400: {"error":{"message":"Invalid OAuth access token - Cannot parse access token","type":"OAuthException","code":190,"fbtrace_id":"AGoVAjh1ozZxbHYt_rz1Bx5"}}
2026-08-01 23:00:00:   Error fetching act_598233003217290: Meta API error 400: {"error":{"message":"Invalid OAuth access token - Cannot parse access token","type":"OAuthException","code":190,"fbtrace_id":"AthT29_72H-kJZgR32sJU8q"}}
2026-08-01 23:00:00:   Error fetching act_1423425976190315: Meta API error 400: {"error":{"message":"Invalid OAuth access token - Cannot parse access token","type":"OAuthException","code":190,"fbtrace_id":"A1o0DsMiqhH34M2whwMA0Wn"}}
2026-08-01 23:00:00:   Error fetching act_1281838446384778: Meta API error 400: {"error":{"message":"Invalid OAuth access token - Cannot parse access token","type":"OAuthException","code":190,"fbtrace_id":"AUtky9S4_DiWfUb1sd5wJtw"}}
2026-08-02 00:00:01:   Error fetching act_598233003217290: Meta API error 400: {"error":{"message":"Invalid OAuth access token - Cannot parse access token","type":"OAuthException","code":190,"fbtrace_id":"A-v0v1rhJzH7cuUByhSB-WY"}}
2026-08-02 00:00:01:   Error fetching act_1423425976190315: Meta API error 400: {"error":{"message":"Invalid OAuth access token - Cannot parse access token","type":"OAuthException","code":190,"fbtrace_id":"AcsF-cUZjxxNb5_ZfQcXK-o"}}
2026-08-02 00:00:01:   Error fetching act_1281838446384778: Meta API error 400: {"error":{"message":"Invalid OAuth access token - Cannot parse access token","type":"OAuthException","code":190,"fbtrace_id":"AzQH2leoLmUNR6Jdzi0LPjS"}}
2026-08-02 01:00:00:   Error fetching act_598233003217290: Meta API error 400: {"error":{"message":"Invalid OAuth access token - Cannot parse access token","type":"OAuthException","code":190,"fbtrace_id":"AQky8Bkdi-TzcaeaodZHIBp"}}
2026-08-02 01:00:00:   Error fetching act_1423425976190315: Meta API error 400: {"error":{"message":"Invalid OAuth access token - Cannot parse access token","type":"OAuthException","code":190,"fbtrace_id":"AGmwCB9yryjDSzVY0wPoOHc"}}
2026-08-02 01:00:00:   Error fetching act_1281838446384778: Meta API error 400: {"error":{"message":"Invalid OAuth access token - Cannot parse access token","type":"OAuthException","code":190,"fbtrace_id":"AYahmqVX1yF09zYB3ZERpgP"}}
2026-08-02 02:00:00:   Error fetching act_598233003217290: Meta API error 400: {"error":{"message":"Invalid OAuth access token - Cannot parse access token","type":"OAuthException","code":190,"fbtrace_id":"AjcXD4sYWq2Wp2pqwd6eOCZ"}}
2026-08-02 02:00:00:   Error fetching act_1423425976190315: Meta API error 400: {"error":{"message":"Invalid OAuth access token - Cannot parse access token","type":"OAuthException","code":190,"fbtrace_id":"A0xFsraNmHGitUoS3oIPZKJ"}}
2026-08-02 02:00:01:   Error fetching act_1281838446384778: Meta API error 400: {"error":{"message":"Invalid OAuth access token - Cannot parse access token","type":"OAuthException","code":190,"fbtrace_id":"A-Og9c_-vQtf7VVHsDofrBs"}}
2026-08-02 03:00:01:   Error fetching act_598233003217290: Meta API error 400: {"error":{"message":"Invalid OAuth access token - Cannot parse access token","type":"OAuthException","code":190,"fbtrace_id":"ARpZk5dOitYIjY7CbT53rUt"}}
2026-08-02 03:00:01:   Error fetching act_1423425976190315: Meta API error 400: {"error":{"message":"Invalid OAuth access token - Cannot parse access token","type":"OAuthException","code":190,"fbtrace_id":"AScDwYq-C5zD63pf_7Ewk_b"}}
2026-08-02 03:00:01:   Error fetching act_1281838446384778: Meta API error 400: {"error":{"message":"Invalid OAuth access token - Cannot parse access token","type":"OAuthException","code":190,"fbtrace_id":"AERfJ7H0_eW6lWugZ6mdeal"}}
2026-08-02 04:00:01:   Error fetching act_598233003217290: Meta API error 400: {"error":{"message":"Invalid OAuth access token - Cannot parse access token","type":"OAuthException","code":190,"fbtrace_id":"AwucrnJaTm7r9x2fZ_alq5R"}}
2026-08-02 04:00:01:   Error fetching act_1423425976190315: Meta API error 400: {"error":{"message":"Invalid OAuth access token - Cannot parse access token","type":"OAuthException","code":190,"fbtrace_id":"Ai0caI7gL0mNdZdmWjRylji"}}
2026-08-02 04:00:01:   Error fetching act_1281838446384778: Meta API error 400: {"error":{"message":"Invalid OAuth access token - Cannot parse access token","type":"OAuthException","code":190,"fbtrace_id":"APVj63kAPjMtmQ5L3McIRIF"}}
2026-08-02 05:00:00:   Error fetching act_598233003217290: Meta API error 400: {"error":{"message":"Invalid OAuth access token - Cannot parse access token","type":"OAuthException","code":190,"fbtrace_id":"AbRACUggC0BLjDGca78PPx7"}}
2026-08-02 05:00:00:   Error fetching act_1423425976190315: Meta API error 400: {"error":{"message":"Invalid OAuth access token - Cannot parse access token","type":"OAuthException","code":190,"fbtrace_id":"ArKuc3jVfyFqazLENHcIY3h"}}
2026-08-02 05:00:00:   Error fetching act_1281838446384778: Meta API error 400: {"error":{"message":"Invalid OAuth access token - Cannot parse access token","type":"OAuthException","code":190,"fbtrace_id":"AakUbZGcpHEWTDkC_iqHaA2"}}
2026-08-02 06:00:00:   Error fetching act_598233003217290: Meta API error 400: {"error":{"message":"Invalid OAuth access token - Cannot parse access token","type":"OAuthException","code":190,"fbtrace_id":"AA5AvyCQDVtC-n7-jPHRvS5"}}
2026-08-02 06:00:00:   Error fetching act_1423425976190315: Meta API error 400: {"error":{"message":"Invalid OAuth access token - Cannot parse access token","type":"OAuthException","code":190,"fbtrace_id":"Atp8RWPLrO3GMzxag_3ck8V"}}
2026-08-02 06:00:00:   Error fetching act_1281838446384778: Meta API error 400: {"error":{"message":"Invalid OAuth access token - Cannot parse access token","type":"OAuthException","code":190,"fbtrace_id":"AsjVih2koCOK7dkQLKnlN0h"}}
2026-08-02 07:00:00:   Error fetching act_598233003217290: Meta API error 400: {"error":{"message":"Invalid OAuth access token - Cannot parse access token","type":"OAuthException","code":190,"fbtrace_id":"AGd2aH0qFfYFT3hd5UJTlMh"}}
2026-08-02 07:00:00:   Error fetching act_1423425976190315: Meta API error 400: {"error":{"message":"Invalid OAuth access token - Cannot parse access token","type":"OAuthException","code":190,"fbtrace_id":"ATGkFvoky7kqM1yvMSCDCW_"}}
2026-08-02 07:00:00:   Error fetching act_1281838446384778: Meta API error 400: {"error":{"message":"Invalid OAuth access token - Cannot parse access token","type":"OAuthException","code":190,"fbtrace_id":"Asat8d2NLpyh43C5v2jBlLl"}}
2026-08-02 08:00:01:   Error fetching act_598233003217290: Meta API error 400: {"error":{"message":"Invalid OAuth access token - Cannot parse access token","type":"OAuthException","code":190,"fbtrace_id":"ATTQtO9SCurMYQZhu_Xpqwv"}}
2026-08-02 08:00:01:   Error fetching act_1423425976190315: Meta API error 400: {"error":{"message":"Invalid OAuth access token - Cannot parse access token","type":"OAuthException","code":190,"fbtrace_id":"APqgQY9e-bSs-4x2hKGrt6K"}}
2026-08-02 08:00:01:   Error fetching act_1281838446384778: Meta API error 400: {"error":{"message":"Invalid OAuth access token - Cannot parse access token","type":"OAuthException","code":190,"fbtrace_id":"Am-j3W8eaf65tK7ebD-dAxW"}}
2026-08-02 09:00:01:   Error fetching act_598233003217290: Meta API error 400: {"error":{"message":"Invalid OAuth access token - Cannot parse access token","type":"OAuthException","code":190,"fbtrace_id":"AXg4AVNGIwj4dbepDYVHjc3"}}
2026-08-02 09:00:01:   Error fetching act_1423425976190315: Meta API error 400: {"error":{"message":"Invalid OAuth access token - Cannot parse access token","type":"OAuthException","code":190,"fbtrace_id":"Ae-Ty8dGme8-lUNpqg_6OmA"}}
2026-08-02 09:00:01:   Error fetching act_1281838446384778: Meta API error 400: {"error":{"message":"Invalid OAuth access token - Cannot parse access token","type":"OAuthException","code":190,"fbtrace_id":"AYa_MuToT-JQXJZ8hwQK_-N"}}
2026-08-02 10:00:00:   Error fetching act_598233003217290: Meta API error 400: {"error":{"message":"Invalid OAuth access token - Cannot parse access token","type":"OAuthException","code":190,"fbtrace_id":"Ax3dF-qfg4t3PZr7czO5ubE"}}
2026-08-02 10:00:00:   Error fetching act_1423425976190315: Meta API error 400: {"error":{"message":"Invalid OAuth access token - Cannot parse access token","type":"OAuthException","code":190,"fbtrace_id":"ApGu-QkFSnsstH4NZfZeICr"}}
2026-08-02 10:00:00:   Error fetching act_1281838446384778: Meta API error 400: {"error":{"message":"Invalid OAuth access token - Cannot parse access token","type":"OAuthException","code":190,"fbtrace_id":"AWDe_u4ZEBxaXf-siZYGnJq"}}
2026-08-02 11:00:00:   Error fetching act_598233003217290: Meta API error 400: {"error":{"message":"Invalid OAuth access token - Cannot parse access token","type":"OAuthException","code":190,"fbtrace_id":"Aki_wmRt-C5ILLwfWWzpLTV"}}
2026-08-02 11:00:00:   Error fetching act_1423425976190315: Meta API error 400: {"error":{"message":"Invalid OAuth access token - Cannot parse access token","type":"OAuthException","code":190,"fbtrace_id":"AnUqfx1sAGdn2ah1Qx-crnG"}}
2026-08-02 11:00:00:   Error fetching act_1281838446384778: Meta API error 400: {"error":{"message":"Invalid OAuth access token - Cannot parse access token","type":"OAuthException","code":190,"fbtrace_id":"AurYqUWWNP30Hhwh3jcHwlI"}}
2026-08-02 12:00:00:   Error fetching act_598233003217290: Meta API error 400: {"error":{"message":"Invalid OAuth access token - Cannot parse access token","type":"OAuthException","code":190,"fbtrace_id":"AaXKo9mYH4LHcfBXiinxrHF"}}
2026-08-02 12:00:00:   Error fetching act_1423425976190315: Meta API error 400: {"error":{"message":"Invalid OAuth access token - Cannot parse access token","type":"OAuthException","code":190,"fbtrace_id":"A_hXI4yB1shyl1tlUjSxy7X"}}
2026-08-02 12:00:00:   Error fetching act_1281838446384778: Meta API error 400: {"error":{"message":"Invalid OAuth access token - Cannot parse access token","type":"OAuthException","code":190,"fbtrace_id":"Am8RBDGAr3gpPNFEbciwHEz"}}
2026-08-02 13:00:00:   Error fetching act_598233003217290: Meta API error 400: {"error":{"message":"Invalid OAuth access token - Cannot parse access token","type":"OAuthException","code":190,"fbtrace_id":"AyKIeOBPun4B-rxaI9xvoZR"}}
2026-08-02 13:00:00:   Error fetching act_1423425976190315: Meta API error 400: {"error":{"message":"Invalid OAuth access token - Cannot parse access token","type":"OAuthException","code":190,"fbtrace_id":"AYeoISX7Uqpdwlo6pmibXVi"}}
2026-08-02 13:00:00:   Error fetching act_1281838446384778: Meta API error 400: {"error":{"message":"Invalid OAuth access token - Cannot parse access token","type":"OAuthException","code":190,"fbtrace_id":"AMmjuoUu-k358nnzMdeD7KG"}}
2026-08-02 14:00:01:   Error fetching act_598233003217290: Meta API error 400: {"error":{"message":"Invalid OAuth access token - Cannot parse access token","type":"OAuthException","code":190,"fbtrace_id":"A72e_oOuRSglakMq0Il01X3"}}
2026-08-02 14:00:01:   Error fetching act_1423425976190315: Meta API error 400: {"error":{"message":"Invalid OAuth access token - Cannot parse access token","type":"OAuthException","code":190,"fbtrace_id":"ANLlg5mmWllBKy4l2DemW9Q"}}
2026-08-02 14:00:01:   Error fetching act_1281838446384778: Meta API error 400: {"error":{"message":"Invalid OAuth access token - Cannot parse access token","type":"OAuthException","code":190,"fbtrace_id":"AWdInUXNUGDrUAQjyqpvEIU"}}
2026-08-02 15:00:00:   Error fetching act_598233003217290: Meta API error 400: {"error":{"message":"Invalid OAuth access token - Cannot parse access token","type":"OAuthException","code":190,"fbtrace_id":"A1UN7SVva0wKi-TSM-Z23oA"}}
2026-08-02 15:00:00:   Error fetching act_1423425976190315: Meta API error 400: {"error":{"message":"Invalid OAuth access token - Cannot parse access token","type":"OAuthException","code":190,"fbtrace_id":"AF2niFds3C-1DvSI83zPPUG"}}
2026-08-02 15:00:00:   Error fetching act_1281838446384778: Meta API error 400: {"error":{"message":"Invalid OAuth access token - Cannot parse access token","type":"OAuthException","code":190,"fbtrace_id":"AF8T0tqnPAEz1qe442VcyMb"}}
2026-08-02 16:00:00:   Error fetching act_598233003217290: Meta API error 400: {"error":{"message":"Invalid OAuth access token - Cannot parse access token","type":"OAuthException","code":190,"fbtrace_id":"A5b-MqylKx0BZJ1fDFkesLV"}}
2026-08-02 16:00:01:   Error fetching act_1423425976190315: Meta API error 400: {"error":{"message":"Invalid OAuth access token - Cannot parse access token","type":"OAuthException","code":190,"fbtrace_id":"AsAONALL-4MVxwgB7uG8HUe"}}
2026-08-02 16:00:01:   Error fetching act_1281838446384778: Meta API error 400: {"error":{"message":"Invalid OAuth access token - Cannot parse access token","type":"OAuthException","code":190,"fbtrace_id":"AGDk4kQtjLWKlN7WiXLlHfU"}}
2026-08-02 17:00:00:   Error fetching act_598233003217290: Meta API error 400: {"error":{"message":"Invalid OAuth access token - Cannot parse access token","type":"OAuthException","code":190,"fbtrace_id":"AcmCqHgSmFASF4mr1awmD-g"}}
2026-08-02 17:00:00:   Error fetching act_1423425976190315: Meta API error 400: {"error":{"message":"Invalid OAuth access token - Cannot parse access token","type":"OAuthException","code":190,"fbtrace_id":"A8OeDoZI51H595t0awopWuH"}}
2026-08-02 17:00:00:   Error fetching act_1281838446384778: Meta API error 400: {"error":{"message":"Invalid OAuth access token - Cannot parse access token","type":"OAuthException","code":190,"fbtrace_id":"AObTc-6zLT377FCTh0sF9Qv"}}
2026-08-02 18:00:00:   Error fetching act_598233003217290: Meta API error 400: {"error":{"message":"Invalid OAuth access token - Cannot parse access token","type":"OAuthException","code":190,"fbtrace_id":"A2zAPVHrGHEqLFqFmqkGCml"}}
2026-08-02 18:00:00:   Error fetching act_1423425976190315: Meta API error 400: {"error":{"message":"Invalid OAuth access token - Cannot parse access token","type":"OAuthException","code":190,"fbtrace_id":"A6m6ieRuwazEEIxQe9SWPXx"}}
2026-08-02 18:00:01:   Error fetching act_1281838446384778: Meta API error 400: {"error":{"message":"Invalid OAuth access token - Cannot parse access token","type":"OAuthException","code":190,"fbtrace_id":"ANaubTcFPuXtMjpTDA6O4NY"}}
2026-08-02 19:00:00:   Error fetching act_598233003217290: Meta API error 400: {"error":{"message":"Invalid OAuth access token - Cannot parse access token","type":"OAuthException","code":190,"fbtrace_id":"A5iUnYyZBNVzmpDWQdiJrqU"}}
2026-08-02 19:00:00:   Error fetching act_1423425976190315: Meta API error 400: {"error":{"message":"Invalid OAuth access token - Cannot parse access token","type":"OAuthException","code":190,"fbtrace_id":"A8-UpjuelspkXwCr29DvJ-y"}}
2026-08-02 19:00:01:   Error fetching act_1281838446384778: Meta API error 400: {"error":{"message":"Invalid OAuth access token - Cannot parse access token","type":"OAuthException","code":190,"fbtrace_id":"As0A2FssZrEIAEpD84FxcKn"}}
2026-08-02 20:00:00:   Error fetching act_598233003217290: Meta API error 400: {"error":{"message":"Invalid OAuth access token - Cannot parse access token","type":"OAuthException","code":190,"fbtrace_id":"AnitufuIu0hxzXtZDHxKXAM"}}
2026-08-02 20:00:01:   Error fetching act_1423425976190315: Meta API error 400: {"error":{"message":"Invalid OAuth access token - Cannot parse access token","type":"OAuthException","code":190,"fbtrace_id":"AmhPy8gRo3MUdupiAGujjNw"}}
2026-08-02 20:00:01:   Error fetching act_1281838446384778: Meta API error 400: {"error":{"message":"Invalid OAuth access token - Cannot parse access token","type":"OAuthException","code":190,"fbtrace_id":"AyguxQ6jrMSXYMm6SwZxJRA"}}
2026-08-02 21:00:00:   Error fetching act_598233003217290: Meta API error 400: {"error":{"message":"Invalid OAuth access token - Cannot parse access token","type":"OAuthException","code":190,"fbtrace_id":"A2skn5X99h-fNzwJgJ0tEBp"}}
2026-08-02 21:00:00:   Error fetching act_1423425976190315: Meta API error 400: {"error":{"message":"Invalid OAuth access token - Cannot parse access token","type":"OAuthException","code":190,"fbtrace_id":"AN6AbxkDJMRMnUO_6IACQt6"}}
2026-08-02 21:00:00:   Error fetching act_1281838446384778: Meta API error 400: {"error":{"message":"Invalid OAuth access token - Cannot parse access token","type":"OAuthException","code":190,"fbtrace_id":"A1oD-6WoZQrebrWy1V63BC_"}}
2026-08-02 22:00:01:   Error fetching act_598233003217290: Meta API error 400: {"error":{"message":"Invalid OAuth access token - Cannot parse access token","type":"OAuthException","code":190,"fbtrace_id":"AUwemKho2HGEwuXxxgoZF1t"}}
2026-08-02 22:00:01:   Error fetching act_1423425976190315: Meta API error 400: {"error":{"message":"Invalid OAuth access token - Cannot parse access token","type":"OAuthException","code":190,"fbtrace_id":"AFjMDmOh1O3zWQinH82r33i"}}
2026-08-02 22:00:01:   Error fetching act_1281838446384778: Meta API error 400: {"error":{"message":"Invalid OAuth access token - Cannot parse access token","type":"OAuthException","code":190,"fbtrace_id":"AVbKOJOrz0kOeanpupQI7Qw"}}
2026-08-02 23:00:01:   Error fetching act_598233003217290: Meta API error 400: {"error":{"message":"Invalid OAuth access token - Cannot parse access token","type":"OAuthException","code":190,"fbtrace_id":"Ao4egH9rV0MbxG9qeQQhUJn"}}
2026-08-02 23:00:01:   Error fetching act_1423425976190315: Meta API error 400: {"error":{"message":"Invalid OAuth access token - Cannot parse access token","type":"OAuthException","code":190,"fbtrace_id":"AnMBcIcnlZBlkTJjnlztuId"}}
2026-08-02 23:00:01:   Error fetching act_1281838446384778: Meta API error 400: {"error":{"message":"Invalid OAuth access token - Cannot parse access token","type":"OAuthException","code":190,"fbtrace_id":"AW5T0hAaRomXszlsmj3PAoa"}}
2026-08-03 00:00:00:   Error fetching act_598233003217290: Meta API error 400: {"error":{"message":"Invalid OAuth access token - Cannot parse access token","type":"OAuthException","code":190,"fbtrace_id":"AJmxGNCciw82zEWT7pv2PqC"}}
2026-08-03 00:00:00:   Error fetching act_1423425976190315: Meta API error 400: {"error":{"message":"Invalid OAuth access token - Cannot parse access token","type":"OAuthException","code":190,"fbtrace_id":"Alx8Gp2b3VD-fKLW5IqCLqE"}}
2026-08-03 00:00:00:   Error fetching act_1281838446384778: Meta API error 400: {"error":{"message":"Invalid OAuth access token - Cannot parse access token","type":"OAuthException","code":190,"fbtrace_id":"A3x14Ovwg5FVeQwwG-z3Y3Y"}}
2026-08-03 01:00:00:   Error fetching act_598233003217290: Meta API error 400: {"error":{"message":"Invalid OAuth access token - Cannot parse access token","type":"OAuthException","code":190,"fbtrace_id":"ArxIOAJULE0TQr0HgTlyI17"}}
2026-08-03 01:00:00:   Error fetching act_1423425976190315: Meta API error 400: {"error":{"message":"Invalid OAuth access token - Cannot parse access token","type":"OAuthException","code":190,"fbtrace_id":"AIxFd7Ain_mLjNWJy9QG1WX"}}
2026-08-03 01:00:01:   Error fetching act_1281838446384778: Meta API error 400: {"error":{"message":"Invalid OAuth access token - Cannot parse access token","type":"OAuthException","code":190,"fbtrace_id":"A-k5nFOZ14MsTchUPz1HKYT"}}
2026-08-03 02:00:01:   Error fetching act_598233003217290: Meta API error 400: {"error":{"message":"Invalid OAuth access token - Cannot parse access token","type":"OAuthException","code":190,"fbtrace_id":"AXS6dH4i8mI6yazCaCsQRit"}}
2026-08-03 02:00:01:   Error fetching act_1423425976190315: Meta API error 400: {"error":{"message":"Invalid OAuth access token - Cannot parse access token","type":"OAuthException","code":190,"fbtrace_id":"AH5fdrYPkuLc2mbTzl_jTuB"}}
2026-08-03 02:00:01:   Error fetching act_1281838446384778: Meta API error 400: {"error":{"message":"Invalid OAuth access token - Cannot parse access token","type":"OAuthException","code":190,"fbtrace_id":"AWA48fOQ_lRXB7cb_AWydTO"}}
2026-08-03 03:00:00:   Error fetching act_598233003217290: Meta API error 400: {"error":{"message":"Invalid OAuth access token - Cannot parse access token","type":"OAuthException","code":190,"fbtrace_id":"AkVmPcZd0j-9NkmFctvOUNQ"}}
2026-08-03 03:00:00:   Error fetching act_1423425976190315: Meta API error 400: {"error":{"message":"Invalid OAuth access token - Cannot parse access token","type":"OAuthException","code":190,"fbtrace_id":"AoRomOMzpPzbTPpFLeoyq7H"}}
2026-08-03 03:00:00:   Error fetching act_1281838446384778: Meta API error 400: {"error":{"message":"Invalid OAuth access token - Cannot parse access token","type":"OAuthException","code":190,"fbtrace_id":"Auqwv5nzmTY9qZ-YVqpb-01"}}
2026-08-03 04:00:01:   Error fetching act_598233003217290: Meta API error 400: {"error":{"message":"Invalid OAuth access token - Cannot parse access token","type":"OAuthException","code":190,"fbtrace_id":"AiHzwkBKlyEMKV2SaHBmBE2"}}
2026-08-03 04:00:01:   Error fetching act_1423425976190315: Meta API error 400: {"error":{"message":"Invalid OAuth access token - Cannot parse access token","type":"OAuthException","code":190,"fbtrace_id":"A_-AARraHWhJTY666E-DKtM"}}
2026-08-03 04:00:01:   Error fetching act_1281838446384778: Meta API error 400: {"error":{"message":"Invalid OAuth access token - Cannot parse access token","type":"OAuthException","code":190,"fbtrace_id":"ANVkvhelXZ3e4R6LPv1elfp"}}
2026-08-03 05:00:00:   Error fetching act_598233003217290: Meta API error 400: {"error":{"message":"Invalid OAuth access token - Cannot parse access token","type":"OAuthException","code":190,"fbtrace_id":"ApUPnVSQ-vrPe-1tQiu8UIy"}}
2026-08-03 05:00:00:   Error fetching act_1423425976190315: Meta API error 400: {"error":{"message":"Invalid OAuth access token - Cannot parse access token","type":"OAuthException","code":190,"fbtrace_id":"A_OxKFJgEToRvIdyjolKaXn"}}
2026-08-03 05:00:00:   Error fetching act_1281838446384778: Meta API error 400: {"error":{"message":"Invalid OAuth access token - Cannot parse access token","type":"OAuthException","code":190,"fbtrace_id":"AYDn2z6dvmawBi0s3TByUC7"}}
2026-08-03 06:00:00:   Error fetching act_598233003217290: Meta API error 400: {"error":{"message":"Invalid OAuth access token - Cannot parse access token","type":"OAuthException","code":190,"fbtrace_id":"AqYr2pdNKfPr0eC-WL42ZYk"}}
2026-08-03 06:00:00:   Error fetching act_1423425976190315: Meta API error 400: {"error":{"message":"Invalid OAuth access token - Cannot parse access token","type":"OAuthException","code":190,"fbtrace_id":"Ac4j0r9gkaN3CrMUHuoJxNS"}}
2026-08-03 06:00:01:   Error fetching act_1281838446384778: Meta API error 400: {"error":{"message":"Invalid OAuth access token - Cannot parse access token","type":"OAuthException","code":190,"fbtrace_id":"AMJxOldChJx2joF_KF7q4sS"}}
2026-08-03 07:00:01:   Error fetching act_598233003217290: Meta API error 400: {"error":{"message":"Invalid OAuth access token - Cannot parse access token","type":"OAuthException","code":190,"fbtrace_id":"AJAypeVdBJ6irIUkHJNtsWL"}}
2026-08-03 07:00:01:   Error fetching act_1423425976190315: Meta API error 400: {"error":{"message":"Invalid OAuth access token - Cannot parse access token","type":"OAuthException","code":190,"fbtrace_id":"ApSO8kuPZjW-zZk8Zh-LPpV"}}
2026-08-03 07:00:01:   Error fetching act_1281838446384778: Meta API error 400: {"error":{"message":"Invalid OAuth access token - Cannot parse access token","type":"OAuthException","code":190,"fbtrace_id":"A-QSNUeb6WajDNn4K0N5r_k"}}
2026-08-03 08:00:00:   Error fetching act_598233003217290: Meta API error 400: {"error":{"message":"Invalid OAuth access token - Cannot parse access token","type":"OAuthException","code":190,"fbtrace_id":"AIC9iq5j9o41CBhzbfsEi8Z"}}
2026-08-03 08:00:00:   Error fetching act_1423425976190315: Meta API error 400: {"error":{"message":"Invalid OAuth access token - Cannot parse access token","type":"OAuthException","code":190,"fbtrace_id":"AZsyxNR-wiwpgV_oqYOvHx7"}}
2026-08-03 08:00:00:   Error fetching act_1281838446384778: Meta API error 400: {"error":{"message":"Invalid OAuth access token - Cannot parse access token","type":"OAuthException","code":190,"fbtrace_id":"AkOy7RYAa6YicwWhqLSzT6Y"}}
2026-08-03 09:00:00:   Error fetching act_598233003217290: Meta API error 400: {"error":{"message":"Invalid OAuth access token - Cannot parse access token","type":"OAuthException","code":190,"fbtrace_id":"ANmiWM3kjuRR_XfwPxxypoZ"}}
2026-08-03 09:00:00:   Error fetching act_1423425976190315: Meta API error 400: {"error":{"message":"Invalid OAuth access token - Cannot parse access token","type":"OAuthException","code":190,"fbtrace_id":"AuVlgXS7UOdstg8hBanVI91"}}
2026-08-03 09:00:01:   Error fetching act_1281838446384778: Meta API error 400: {"error":{"message":"Invalid OAuth access token - Cannot parse access token","type":"OAuthException","code":190,"fbtrace_id":"AZuWWpXFBKyMCzowscRAJ5H"}}
2026-08-03 10:00:01:   Error fetching act_598233003217290: Meta API error 400: {"error":{"message":"Invalid OAuth access token - Cannot parse access token","type":"OAuthException","code":190,"fbtrace_id":"Aq7ZURlzQusQheX22ca1tdy"}}
2026-08-03 10:00:01:   Error fetching act_1423425976190315: Meta API error 400: {"error":{"message":"Invalid OAuth access token - Cannot parse access token","type":"OAuthException","code":190,"fbtrace_id":"ARurnNP5-mK74Oob4xm4xQs"}}
2026-08-03 10:00:01:   Error fetching act_1281838446384778: Meta API error 400: {"error":{"message":"Invalid OAuth access token - Cannot parse access token","type":"OAuthException","code":190,"fbtrace_id":"AnAHjZKSXFxWMJ23f0bxJeW"}}
2026-08-03 11:00:00:   Error fetching act_598233003217290: Meta API error 400: {"error":{"message":"Invalid OAuth access token - Cannot parse access token","type":"OAuthException","code":190,"fbtrace_id":"AXVZECwucR2uP0Bz1wlZIFO"}}
2026-08-03 11:00:00:   Error fetching act_1423425976190315: Meta API error 400: {"error":{"message":"Invalid OAuth access token - Cannot parse access token","type":"OAuthException","code":190,"fbtrace_id":"AV0yRR-HP6ArH2fyCbc0EIA"}}
2026-08-03 11:00:00:   Error fetching act_1281838446384778: Meta API error 400: {"error":{"message":"Invalid OAuth access token - Cannot parse access token","type":"OAuthException","code":190,"fbtrace_id":"A99diME6u08v5awpvYPuaFD"}}
2026-08-03 12:00:01:   Error fetching act_598233003217290: Meta API error 400: {"error":{"message":"Invalid OAuth access token - Cannot parse access token","type":"OAuthException","code":190,"fbtrace_id":"AnSGquXhRTP3eF0np39wKbn"}}
2026-08-03 12:00:01:   Error fetching act_1423425976190315: Meta API error 400: {"error":{"message":"Invalid OAuth access token - Cannot parse access token","type":"OAuthException","code":190,"fbtrace_id":"A-r6Ly6LIpb5NYabOwoqguC"}}
2026-08-03 12:00:01:   Error fetching act_1281838446384778: Meta API error 400: {"error":{"message":"Invalid OAuth access token - Cannot parse access token","type":"OAuthException","code":190,"fbtrace_id":"Ah9G_X3cmQnbOLDL_7ZJvNL"}}
2026-08-03 13:00:00:   Error fetching act_598233003217290: Meta API error 400: {"error":{"message":"Invalid OAuth access token - Cannot parse access token","type":"OAuthException","code":190,"fbtrace_id":"A5Cl6u2LkbbLURhlwzTTBh4"}}
2026-08-03 13:00:00:   Error fetching act_1423425976190315: Meta API error 400: {"error":{"message":"Invalid OAuth access token - Cannot parse access token","type":"OAuthException","code":190,"fbtrace_id":"AWwXGfeCE43aCarCylQL1Pn"}}
2026-08-03 13:00:01:   Error fetching act_1281838446384778: Meta API error 400: {"error":{"message":"Invalid OAuth access token - Cannot parse access token","type":"OAuthException","code":190,"fbtrace_id":"A2uNwuEzisFZ0WOcNqVGKxu"}}
2026-08-03 14:00:01:   Error fetching act_598233003217290: Meta API error 400: {"error":{"message":"Invalid OAuth access token - Cannot parse access token","type":"OAuthException","code":190,"fbtrace_id":"A37b6uYjbX3rFNUPSGMsgch"}}
2026-08-03 14:00:01:   Error fetching act_1423425976190315: Meta API error 400: {"error":{"message":"Invalid OAuth access token - Cannot parse access token","type":"OAuthException","code":190,"fbtrace_id":"AV0_E6jAZcjU2bZmvSkwJCk"}}
2026-08-03 14:00:01:   Error fetching act_1281838446384778: Meta API error 400: {"error":{"message":"Invalid OAuth access token - Cannot parse access token","type":"OAuthException","code":190,"fbtrace_id":"AaweBg6vfHP7-1iI4XdKesy"}}
2026-08-03 15:00:00:   Error fetching act_598233003217290: Meta API error 400: {"error":{"message":"Invalid OAuth access token - Cannot parse access token","type":"OAuthException","code":190,"fbtrace_id":"A0uTNoSg9-KGUXtsgxdOfuu"}}
2026-08-03 15:00:00:   Error fetching act_1423425976190315: Meta API error 400: {"error":{"message":"Invalid OAuth access token - Cannot parse access token","type":"OAuthException","code":190,"fbtrace_id":"A_KO99q3xN6MEnh9U6rJM0w"}}
2026-08-03 15:00:01:   Error fetching act_1281838446384778: Meta API error 400: {"error":{"message":"Invalid OAuth access token - Cannot parse access token","type":"OAuthException","code":190,"fbtrace_id":"AQXmuDwKWhNDbAn7fEebTAF"}}
2026-08-03 16:00:01:   Error fetching act_598233003217290: Meta API error 400: {"error":{"message":"Invalid OAuth access token - Cannot parse access token","type":"OAuthException","code":190,"fbtrace_id":"ApTSFzCnGqSGtKoxzELvIZx"}}
2026-08-03 16:00:01:   Error fetching act_1423425976190315: Meta API error 400: {"error":{"message":"Invalid OAuth access token - Cannot parse access token","type":"OAuthException","code":190,"fbtrace_id":"A12nAenvwFXlBjAjZM1JlgS"}}
2026-08-03 16:00:01:   Error fetching act_1281838446384778: Meta API error 400: {"error":{"message":"Invalid OAuth access token - Cannot parse access token","type":"OAuthException","code":190,"fbtrace_id":"AqUfMqHEJKP5BQWGwj63LSD"}}
2026-08-03 17:00:00:   Error fetching act_598233003217290: Meta API error 400: {"error":{"message":"Invalid OAuth access token - Cannot parse access token","type":"OAuthException","code":190,"fbtrace_id":"A65dDe1WrBGt3GHZ-_C-RyQ"}}
2026-08-03 17:00:00:   Error fetching act_1423425976190315: Meta API error 400: {"error":{"message":"Invalid OAuth access token - Cannot parse access token","type":"OAuthException","code":190,"fbtrace_id":"ATZWdAQz7YTwrFXqOtqE-F5"}}
2026-08-03 17:00:00:   Error fetching act_1281838446384778: Meta API error 400: {"error":{"message":"Invalid OAuth access token - Cannot parse access token","type":"OAuthException","code":190,"fbtrace_id":"AS34SBAEstucgXjlWKopjBe"}}
2026-08-03 18:00:01:   Error fetching act_598233003217290: Meta API error 400: {"error":{"message":"Invalid OAuth access token - Cannot parse access token","type":"OAuthException","code":190,"fbtrace_id":"ACs_E0B_G1ASpq7hpvsM-TY"}}
2026-08-03 18:00:01:   Error fetching act_1423425976190315: Meta API error 400: {"error":{"message":"Invalid OAuth access token - Cannot parse access token","type":"OAuthException","code":190,"fbtrace_id":"AOQnMRacPvWUW8u_gNOOZdV"}}
2026-08-03 18:00:01:   Error fetching act_1281838446384778: Meta API error 400: {"error":{"message":"Invalid OAuth access token - Cannot parse access token","type":"OAuthException","code":190,"fbtrace_id":"A8ITabMZ3sQQOsv2W1tLN44"}}
2026-08-03 19:00:00:   Error fetching act_598233003217290: Meta API error 400: {"error":{"message":"Invalid OAuth access token - Cannot parse access token","type":"OAuthException","code":190,"fbtrace_id":"AyNW4qgzrvUsjX3MCaAY8KQ"}}
2026-08-03 19:00:00:   Error fetching act_1423425976190315: Meta API error 400: {"error":{"message":"Invalid OAuth access token - Cannot parse access token","type":"OAuthException","code":190,"fbtrace_id":"ADU2Al1P6vsLlNVkaRg4hTx"}}
2026-08-03 19:00:00:   Error fetching act_1281838446384778: Meta API error 400: {"error":{"message":"Invalid OAuth access token - Cannot parse access token","type":"OAuthException","code":190,"fbtrace_id":"AhLD1PGUQQQ8VtdbsUi7zQZ"}}
2026-08-03 20:00:01:   Error fetching act_598233003217290: Meta API error 400: {"error":{"message":"Invalid OAuth access token - Cannot parse access token","type":"OAuthException","code":190,"fbtrace_id":"AyD6vxy92tvVVfvRr1ypwF9"}}
2026-08-03 20:00:01:   Error fetching act_1423425976190315: Meta API error 400: {"error":{"message":"Invalid OAuth access token - Cannot parse access token","type":"OAuthException","code":190,"fbtrace_id":"AV5ecDIp1i-5iBFgJXwm_rF"}}
2026-08-03 20:00:01:   Error fetching act_1281838446384778: Meta API error 400: {"error":{"message":"Invalid OAuth access token - Cannot parse access token","type":"OAuthException","code":190,"fbtrace_id":"A7JH8ixUWbak_NvDQDu07QU"}}
2026-08-03 21:00:01:   Error fetching act_598233003217290: Meta API error 400: {"error":{"message":"Invalid OAuth access token - Cannot parse access token","type":"OAuthException","code":190,"fbtrace_id":"ANnIuzsINsDtdkTdjtT90Oh"}}
2026-08-03 21:00:01:   Error fetching act_1423425976190315: Meta API error 400: {"error":{"message":"Invalid OAuth access token - Cannot parse access token","type":"OAuthException","code":190,"fbtrace_id":"AySAXGa4pl0JI5Xqi28etfZ"}}
2026-08-03 21:00:01:   Error fetching act_1281838446384778: Meta API error 400: {"error":{"message":"Invalid OAuth access token - Cannot parse access token","type":"OAuthException","code":190,"fbtrace_id":"Ap2OsPlzPOI8dIlfewws574"}}
2026-08-03 22:00:00:   Error fetching act_598233003217290: Meta API error 400: {"error":{"message":"Invalid OAuth access token - Cannot parse access token","type":"OAuthException","code":190,"fbtrace_id":"AtiHJmFsd-OAMynlMhfKKpi"}}
2026-08-03 22:00:00:   Error fetching act_1423425976190315: Meta API error 400: {"error":{"message":"Invalid OAuth access token - Cannot parse access token","type":"OAuthException","code":190,"fbtrace_id":"AVuI0tL540SP1J2Dhd88jK8"}}
2026-08-03 22:00:00:   Error fetching act_1281838446384778: Meta API error 400: {"error":{"message":"Invalid OAuth access token - Cannot parse access token","type":"OAuthException","code":190,"fbtrace_id":"AE8tXyIrUQ4HeqS_8E49zuM"}}
2026-08-03 23:00:00:   Error fetching act_598233003217290: Meta API error 400: {"error":{"message":"Invalid OAuth access token - Cannot parse access token","type":"OAuthException","code":190,"fbtrace_id":"At4Be0frAdyFRnFHfAX0iHT"}}
2026-08-03 23:00:00:   Error fetching act_1423425976190315: Meta API error 400: {"error":{"message":"Invalid OAuth access token - Cannot parse access token","type":"OAuthException","code":190,"fbtrace_id":"AQ-ZQQQpISqZVa-3dOihFKL"}}
2026-08-03 23:00:01:   Error fetching act_1281838446384778: Meta API error 400: {"error":{"message":"Invalid OAuth access token - Cannot parse access token","type":"OAuthException","code":190,"fbtrace_id":"ADdx7MRYj0-_WtWwXWpwezi"}}
2026-08-04 00:00:01:   Error fetching act_598233003217290: Meta API error 400: {"error":{"message":"Invalid OAuth access token - Cannot parse access token","type":"OAuthException","code":190,"fbtrace_id":"AmiSucNPv7nVlDOk17Aw2GB"}}
2026-08-04 00:00:01:   Error fetching act_1423425976190315: Meta API error 400: {"error":{"message":"Invalid OAuth access token - Cannot parse access token","type":"OAuthException","code":190,"fbtrace_id":"ASrrs3kSX0nxG4QAh-W3DpW"}}
2026-08-04 00:00:01:   Error fetching act_1281838446384778: Meta API error 400: {"error":{"message":"Invalid OAuth access token - Cannot parse access token","type":"OAuthException","code":190,"fbtrace_id":"Ave-2cfRni8cKMQ9xZZ3p5k"}}
2026-08-04 01:00:01:   Error fetching act_598233003217290: Meta API error 400: {"error":{"message":"Invalid OAuth access token - Cannot parse access token","type":"OAuthException","code":190,"fbtrace_id":"A61_90b7CjniQCV0l1s5j5S"}}
2026-08-04 01:00:01:   Error fetching act_1423425976190315: Meta API error 400: {"error":{"message":"Invalid OAuth access token - Cannot parse access token","type":"OAuthException","code":190,"fbtrace_id":"AcnFX-X6Nsi28X7GQyIiJnz"}}
2026-08-04 01:00:01:   Error fetching act_1281838446384778: Meta API error 400: {"error":{"message":"Invalid OAuth access token - Cannot parse access token","type":"OAuthException","code":190,"fbtrace_id":"AP92CT8_mk3AZzHCKPtGsmj"}}
2026-08-04 02:00:00:   Error fetching act_598233003217290: Meta API error 400: {"error":{"message":"Invalid OAuth access token - Cannot parse access token","type":"OAuthException","code":190,"fbtrace_id":"AXk58yUTJmn3lSptaPiNLII"}}
2026-08-04 02:00:00:   Error fetching act_1423425976190315: Meta API error 400: {"error":{"message":"Invalid OAuth access token - Cannot parse access token","type":"OAuthException","code":190,"fbtrace_id":"AXPg17UMMzR0ZkQj3MQPQ3i"}}
2026-08-04 02:00:00:   Error fetching act_1281838446384778: Meta API error 400: {"error":{"message":"Invalid OAuth access token - Cannot parse access token","type":"OAuthException","code":190,"fbtrace_id":"AHGDPaNR_3kRQ9666fFXjS3"}}
2026-08-04 03:00:00:   Error fetching act_598233003217290: Meta API error 400: {"error":{"message":"Invalid OAuth access token - Cannot parse access token","type":"OAuthException","code":190,"fbtrace_id":"AuXm0-oG5-cAu7VVUTMf0uT"}}
2026-08-04 03:00:00:   Error fetching act_1423425976190315: Meta API error 400: {"error":{"message":"Invalid OAuth access token - Cannot parse access token","type":"OAuthException","code":190,"fbtrace_id":"AG4Juxory34ctvqalVQaFzl"}}
2026-08-04 03:00:01:   Error fetching act_1281838446384778: Meta API error 400: {"error":{"message":"Invalid OAuth access token - Cannot parse access token","type":"OAuthException","code":190,"fbtrace_id":"ABwMXO0iDayurQnQP3evisN"}}
2026-08-04 04:00:01:   Error fetching act_598233003217290: Meta API error 400: {"error":{"message":"Invalid OAuth access token - Cannot parse access token","type":"OAuthException","code":190,"fbtrace_id":"AtATe_VOaCAneIOWl-q_ofg"}}
2026-08-04 04:00:01:   Error fetching act_1423425976190315: Meta API error 400: {"error":{"message":"Invalid OAuth access token - Cannot parse access token","type":"OAuthException","code":190,"fbtrace_id":"A9d2GEw-YKEP7l5JtFXo5SA"}}
2026-08-04 04:00:01:   Error fetching act_1281838446384778: Meta API error 400: {"error":{"message":"Invalid OAuth access token - Cannot parse access token","type":"OAuthException","code":190,"fbtrace_id":"AXLqUFh4dkFwGhjvB9bg5Gl"}}
2026-08-04 05:00:00:   Error fetching act_598233003217290: Meta API error 400: {"error":{"message":"Invalid OAuth access token - Cannot parse access token","type":"OAuthException","code":190,"fbtrace_id":"AIX4rlyT8zrnEsecxok22AN"}}
2026-08-04 05:00:00:   Error fetching act_1423425976190315: Meta API error 400: {"error":{"message":"Invalid OAuth access token - Cannot parse access token","type":"OAuthException","code":190,"fbtrace_id":"AjjTd13uBIykWXg5L2pyEr2"}}
2026-08-04 05:00:00:   Error fetching act_1281838446384778: Meta API error 400: {"error":{"message":"Invalid OAuth access token - Cannot parse access token","type":"OAuthException","code":190,"fbtrace_id":"AdDT0ovrU9tAUew7Y16iRbY"}}
2026-08-04 06:00:01:   Error fetching act_598233003217290: Meta API error 400: {"error":{"message":"Invalid OAuth access token - Cannot parse access token","type":"OAuthException","code":190,"fbtrace_id":"ALoOepedri18CKqRlafghQY"}}
2026-08-04 06:00:01:   Error fetching act_1423425976190315: Meta API error 400: {"error":{"message":"Invalid OAuth access token - Cannot parse access token","type":"OAuthException","code":190,"fbtrace_id":"Ajy6TXUVmRmz3dnE1yHLO76"}}
2026-08-04 06:00:01:   Error fetching act_1281838446384778: Meta API error 400: {"error":{"message":"Invalid OAuth access token - Cannot parse access token","type":"OAuthException","code":190,"fbtrace_id":"AZsS3ikAw5n4fLoWyUQMIij"}}
2026-08-04 07:00:00:   Error fetching act_598233003217290: Meta API error 400: {"error":{"message":"Invalid OAuth access token - Cannot parse access token","type":"OAuthException","code":190,"fbtrace_id":"A0XuqcFvXrlCDELkgxZ6FGU"}}
2026-08-04 07:00:00:   Error fetching act_1423425976190315: Meta API error 400: {"error":{"message":"Invalid OAuth access token - Cannot parse access token","type":"OAuthException","code":190,"fbtrace_id":"A2EjMcL4ljIViFYtoJ2CVo2"}}
2026-08-04 07:00:00:   Error fetching act_1281838446384778: Meta API error 400: {"error":{"message":"Invalid OAuth access token - Cannot parse access token","type":"OAuthException","code":190,"fbtrace_id":"AyuG_InB-MH-KGkC0oyzJQ3"}}
2026-08-04 08:00:01:   Error fetching act_598233003217290: Meta API error 400: {"error":{"message":"Invalid OAuth access token - Cannot parse access token","type":"OAuthException","code":190,"fbtrace_id":"A_FA9g2tUQaP6y-jGuBI3Ss"}}
2026-08-04 08:00:01:   Error fetching act_1423425976190315: Meta API error 400: {"error":{"message":"Invalid OAuth access token - Cannot parse access token","type":"OAuthException","code":190,"fbtrace_id":"AkZwdjL-cLLe3g9d_JYd8Su"}}
2026-08-04 08:00:01:   Error fetching act_1281838446384778: Meta API error 400: {"error":{"message":"Invalid OAuth access token - Cannot parse access token","type":"OAuthException","code":190,"fbtrace_id":"AQjrekMZLTwM98kWT_1EFL_"}}
2026-08-04 09:00:00:   Error fetching act_598233003217290: Meta API error 400: {"error":{"message":"Invalid OAuth access token - Cannot parse access token","type":"OAuthException","code":190,"fbtrace_id":"AnXEHn9S3qJqAWHVE8nYNFC"}}
2026-08-04 09:00:00:   Error fetching act_1423425976190315: Meta API error 400: {"error":{"message":"Invalid OAuth access token - Cannot parse access token","type":"OAuthException","code":190,"fbtrace_id":"A1tvNy4e3GZ2TidY6JI_jRx"}}
2026-08-04 09:00:00:   Error fetching act_1281838446384778: Meta API error 400: {"error":{"message":"Invalid OAuth access token - Cannot parse access token","type":"OAuthException","code":190,"fbtrace_id":"A1c7KF2WXFeek7OXsLfBHJR"}}
2026-08-04 10:00:00:   Error fetching act_598233003217290: Meta API error 400: {"error":{"message":"Invalid OAuth access token - Cannot parse access token","type":"OAuthException","code":190,"fbtrace_id":"ALM7IKCEGL0L3C_bv2QBNvp"}}
2026-08-04 10:00:01:   Error fetching act_1423425976190315: Meta API error 400: {"error":{"message":"Invalid OAuth access token - Cannot parse access token","type":"OAuthException","code":190,"fbtrace_id":"AmcNPxShgHpMYfrTpfoVyUm"}}
2026-08-04 10:00:01:   Error fetching act_1281838446384778: Meta API error 400: {"error":{"message":"Invalid OAuth access token - Cannot parse access token","type":"OAuthException","code":190,"fbtrace_id":"AaDpg8a3jNc2FLzk9LOMiKy"}}
2026-08-04 11:00:01:   Error fetching act_598233003217290: Meta API error 400: {"error":{"message":"Invalid OAuth access token - Cannot parse access token","type":"OAuthException","code":190,"fbtrace_id":"A3iZP8AudO6PbGBt0T7pDh1"}}
2026-08-04 11:00:01:   Error fetching act_1423425976190315: Meta API error 400: {"error":{"message":"Invalid OAuth access token - Cannot parse access token","type":"OAuthException","code":190,"fbtrace_id":"AkxEkw3WyAjZyyktyhWuk7I"}}
2026-08-04 11:00:01:   Error fetching act_1281838446384778: Meta API error 400: {"error":{"message":"Invalid OAuth access token - Cannot parse access token","type":"OAuthException","code":190,"fbtrace_id":"AVl4H1m4M926ESXJgAbhG7D"}}
2026-08-04 12:00:00:   Error fetching act_598233003217290: Meta API error 400: {"error":{"message":"Invalid OAuth access token - Cannot parse access token","type":"OAuthException","code":190,"fbtrace_id":"Afx_fKHfqcJvC4HawCVFVS2"}}
2026-08-04 12:00:00:   Error fetching act_1423425976190315: Meta API error 400: {"error":{"message":"Invalid OAuth access token - Cannot parse access token","type":"OAuthException","code":190,"fbtrace_id":"AvvVrLQL7IoIAohYDu_JsVP"}}
2026-08-04 12:00:00:   Error fetching act_1281838446384778: Meta API error 400: {"error":{"message":"Invalid OAuth access token - Cannot parse access token","type":"OAuthException","code":190,"fbtrace_id":"AcXvgq_oUqAbQrvdHbREQa3"}}
2026-08-04 13:00:01:   Error fetching act_598233003217290: Meta API error 400: {"error":{"message":"Invalid OAuth access token - Cannot parse access token","type":"OAuthException","code":190,"fbtrace_id":"A2hD8fhMqGeZyKZM-crPFQ6"}}
2026-08-04 13:00:01:   Error fetching act_1423425976190315: Meta API error 400: {"error":{"message":"Invalid OAuth access token - Cannot parse access token","type":"OAuthException","code":190,"fbtrace_id":"AIJ9SSbEt2uemmHvyH6CdZ1"}}
2026-08-04 13:00:01:   Error fetching act_1281838446384778: Meta API error 400: {"error":{"message":"Invalid OAuth access token - Cannot parse access token","type":"OAuthException","code":190,"fbtrace_id":"A-wOni2maq9QQUrOZZ0HMNA"}}
2026-08-04 14:00:01:   Error fetching act_598233003217290: Meta API error 400: {"error":{"message":"Invalid OAuth access token - Cannot parse access token","type":"OAuthException","code":190,"fbtrace_id":"AqawUWqRUdKni-ZgNkBYyVs"}}
2026-08-04 14:00:01:   Error fetching act_1423425976190315: Meta API error 400: {"error":{"message":"Invalid OAuth access token - Cannot parse access token","type":"OAuthException","code":190,"fbtrace_id":"At3NoAML9vjeMPMH7_QYjf0"}}
2026-08-04 14:00:01:   Error fetching act_1281838446384778: Meta API error 400: {"error":{"message":"Invalid OAuth access token - Cannot parse access token","type":"OAuthException","code":190,"fbtrace_id":"AiBjHSsa66LPzzDC3utQXaB"}}
2026-08-04 15:00:01:   Error fetching act_598233003217290: Meta API error 400: {"error":{"message":"Invalid OAuth access token - Cannot parse access token","type":"OAuthException","code":190,"fbtrace_id":"AZYuxRZmgWn_uOH7sPzAheP"}}
2026-08-04 15:00:01:   Error fetching act_1423425976190315: Meta API error 400: {"error":{"message":"Invalid OAuth access token - Cannot parse access token","type":"OAuthException","code":190,"fbtrace_id":"Arqt3f_eUPiQYjfzsO6Zsq5"}}
2026-08-04 15:00:01:   Error fetching act_1281838446384778: Meta API error 400: {"error":{"message":"Invalid OAuth access token - Cannot parse access token","type":"OAuthException","code":190,"fbtrace_id":"A1fohCdhjQZcTk55W-1wyiU"}}
2026-08-04 16:00:01:   Error fetching act_598233003217290: Meta API error 400: {"error":{"message":"Invalid OAuth access token - Cannot parse access token","type":"OAuthException","code":190,"fbtrace_id":"A7mGyyXRz3bHUTPUbpy5z7G"}}
2026-08-04 16:00:01:   Error fetching act_1423425976190315: Meta API error 400: {"error":{"message":"Invalid OAuth access token - Cannot parse access token","type":"OAuthException","code":190,"fbtrace_id":"AM97zIb-OzpV_-1XnUlqEKP"}}
2026-08-04 16:00:01:   Error fetching act_1281838446384778: Meta API error 400: {"error":{"message":"Invalid OAuth access token - Cannot parse access token","type":"OAuthException","code":190,"fbtrace_id":"Asb8YPKXtqvMouaifr98pd3"}}
2026-08-04 17:00:00:   Error fetching act_598233003217290: Meta API error 400: {"error":{"message":"Invalid OAuth access token - Cannot parse access token","type":"OAuthException","code":190,"fbtrace_id":"A7gnKoPdwhq5UCkCNQqXsiD"}}
2026-08-04 17:00:01:   Error fetching act_1423425976190315: Meta API error 400: {"error":{"message":"Invalid OAuth access token - Cannot parse access token","type":"OAuthException","code":190,"fbtrace_id":"APWueWx2sJzVT1q18DnD2-d"}}
2026-08-04 17:00:01:   Error fetching act_1281838446384778: Meta API error 400: {"error":{"message":"Invalid OAuth access token - Cannot parse access token","type":"OAuthException","code":190,"fbtrace_id":"AUDAnbBgXRN8n6Hx7grFJ2e"}}
2026-08-04 18:00:00:   Error fetching act_598233003217290: Meta API error 400: {"error":{"message":"Invalid OAuth access token - Cannot parse access token","type":"OAuthException","code":190,"fbtrace_id":"ABbr_dya0-VZolmUYh1nH3v"}}
2026-08-04 18:00:00:   Error fetching act_1423425976190315: Meta API error 400: {"error":{"message":"Invalid OAuth access token - Cannot parse access token","type":"OAuthException","code":190,"fbtrace_id":"A7Y7635CHgql5eK4tbUUpDz"}}
2026-08-04 18:00:00:   Error fetching act_1281838446384778: Meta API error 400: {"error":{"message":"Invalid OAuth access token - Cannot parse access token","type":"OAuthException","code":190,"fbtrace_id":"A545d8cGrXdsOpb9JBg3ci8"}}
2026-08-04 19:00:00:   Error fetching act_598233003217290: Meta API error 400: {"error":{"message":"Invalid OAuth access token - Cannot parse access token","type":"OAuthException","code":190,"fbtrace_id":"AwPt8WfSMqPjreJNyy2yQl0"}}
2026-08-04 19:00:00:   Error fetching act_1423425976190315: Meta API error 400: {"error":{"message":"Invalid OAuth access token - Cannot parse access token","type":"OAuthException","code":190,"fbtrace_id":"A19Q4Oj_OImP16h4o3k3KkY"}}
2026-08-04 19:00:00:   Error fetching act_1281838446384778: Meta API error 400: {"error":{"message":"Invalid OAuth access token - Cannot parse access token","type":"OAuthException","code":190,"fbtrace_id":"Az1AXHozGxe3GbCIqDGVBd0"}}
2026-08-04 20:00:01:   Error fetching act_598233003217290: Meta API error 400: {"error":{"message":"Invalid OAuth access token - Cannot parse access token","type":"OAuthException","code":190,"fbtrace_id":"AfUe2odC839-hI-QUXObtGi"}}
2026-08-04 20:00:01:   Error fetching act_1423425976190315: Meta API error 400: {"error":{"message":"Invalid OAuth access token - Cannot parse access token","type":"OAuthException","code":190,"fbtrace_id":"AKjspLg6_O9Y55FqEi4rZQ6"}}
2026-08-04 20:00:01:   Error fetching act_1281838446384778: Meta API error 400: {"error":{"message":"Invalid OAuth access token - Cannot parse access token","type":"OAuthException","code":190,"fbtrace_id":"ASk7wPiRCamoTL9FuEPtZBw"}}
2026-08-04 21:00:00:   Error fetching act_598233003217290: Meta API error 400: {"error":{"message":"Invalid OAuth access token - Cannot parse access token","type":"OAuthException","code":190,"fbtrace_id":"AeLlcy5gPjZtMQbgUe6OZbv"}}
2026-08-04 21:00:00:   Error fetching act_1423425976190315: Meta API error 400: {"error":{"message":"Invalid OAuth access token - Cannot parse access token","type":"OAuthException","code":190,"fbtrace_id":"AhCCgxqNZesBWaH8EKYIRm0"}}
2026-08-04 21:00:00:   Error fetching act_1281838446384778: Meta API error 400: {"error":{"message":"Invalid OAuth access token - Cannot parse access token","type":"OAuthException","code":190,"fbtrace_id":"AWHTD2lZvYLnh7u9af9_7dI"}}
2026-08-04 22:00:00:   Error fetching act_598233003217290: Meta API error 400: {"error":{"message":"Invalid OAuth access token - Cannot parse access token","type":"OAuthException","code":190,"fbtrace_id":"ArC_okYL1RMbWJ-s_KkoZwo"}}
2026-08-04 22:00:00:   Error fetching act_1423425976190315: Meta API error 400: {"error":{"message":"Invalid OAuth access token - Cannot parse access token","type":"OAuthException","code":190,"fbtrace_id":"ARuccFTHIWlwxraO7VHGj1N"}}
2026-08-04 22:00:00:   Error fetching act_1281838446384778: Meta API error 400: {"error":{"message":"Invalid OAuth access token - Cannot parse access token","type":"OAuthException","code":190,"fbtrace_id":"A56-YdWSFu3dLx_oz9GzWIY"}}
2026-08-04 23:00:00:   Error fetching act_598233003217290: Meta API error 400: {"error":{"message":"Invalid OAuth access token - Cannot parse access token","type":"OAuthException","code":190,"fbtrace_id":"A8NRFhKHnMvPg4E-EHXNUST"}}
2026-08-04 23:00:00:   Error fetching act_1423425976190315: Meta API error 400: {"error":{"message":"Invalid OAuth access token - Cannot parse access token","type":"OAuthException","code":190,"fbtrace_id":"AnIDc8nN8uz1QvNoH3vxvS-"}}
2026-08-04 23:00:00:   Error fetching act_1281838446384778: Meta API error 400: {"error":{"message":"Invalid OAuth access token - Cannot parse access token","type":"OAuthException","code":190,"fbtrace_id":"A1MAwoYEDsYA83zQKaGB_aH"}}
2026-08-05 00:00:01:   Error fetching act_598233003217290: Meta API error 400: {"error":{"message":"Invalid OAuth access token - Cannot parse access token","type":"OAuthException","code":190,"fbtrace_id":"Aa_4qiGPBNgb7iZUqJXRcX4"}}
2026-08-05 00:00:01:   Error fetching act_1423425976190315: Meta API error 400: {"error":{"message":"Invalid OAuth access token - Cannot parse access token","type":"OAuthException","code":190,"fbtrace_id":"AfkGtjKeHLTSgn8DnW-3Hul"}}
2026-08-05 00:00:01:   Error fetching act_1281838446384778: Meta API error 400: {"error":{"message":"Invalid OAuth access token - Cannot parse access token","type":"OAuthException","code":190,"fbtrace_id":"AbTJ467rY5X7XspH0SumX4i"}}
2026-08-05 01:00:00:   Error fetching act_598233003217290: Meta API error 400: {"error":{"message":"Invalid OAuth access token - Cannot parse access token","type":"OAuthException","code":190,"fbtrace_id":"AaqnSfpFaXXFxhTGBCji9gR"}}
2026-08-05 01:00:00:   Error fetching act_1423425976190315: Meta API error 400: {"error":{"message":"Invalid OAuth access token - Cannot parse access token","type":"OAuthException","code":190,"fbtrace_id":"Az1EX-1wCCHN30GUK3vQ4Gt"}}
2026-08-05 01:00:00:   Error fetching act_1281838446384778: Meta API error 400: {"error":{"message":"Invalid OAuth access token - Cannot parse access token","type":"OAuthException","code":190,"fbtrace_id":"AlCgsCdJvW9EKHkBfhPBOlE"}}
2026-08-05 02:00:00:   Error fetching act_598233003217290: Meta API error 400: {"error":{"message":"Invalid OAuth access token - Cannot parse access token","type":"OAuthException","code":190,"fbtrace_id":"ACdgMYiq2jjkMVejNGDmypP"}}
2026-08-05 02:00:00:   Error fetching act_1423425976190315: Meta API error 400: {"error":{"message":"Invalid OAuth access token - Cannot parse access token","type":"OAuthException","code":190,"fbtrace_id":"AWBK4QVyw5143STpJ8W8fWC"}}
2026-08-05 02:00:01:   Error fetching act_1281838446384778: Meta API error 400: {"error":{"message":"Invalid OAuth access token - Cannot parse access token","type":"OAuthException","code":190,"fbtrace_id":"A-evLvCVek_sUdPTbBxBOGL"}}
2026-08-05 03:00:01:   Error fetching act_598233003217290: Meta API error 400: {"error":{"message":"Invalid OAuth access token - Cannot parse access token","type":"OAuthException","code":190,"fbtrace_id":"A0INZ9unr6myCf_bQrAnBwZ"}}
2026-08-05 03:00:01:   Error fetching act_1423425976190315: Meta API error 400: {"error":{"message":"Invalid OAuth access token - Cannot parse access token","type":"OAuthException","code":190,"fbtrace_id":"ARffmeW2capVmWEC0AjccyT"}}
2026-08-05 03:00:01:   Error fetching act_1281838446384778: Meta API error 400: {"error":{"message":"Invalid OAuth access token - Cannot parse access token","type":"OAuthException","code":190,"fbtrace_id":"Amd-9Ry-f_CuATmFZTbdHMc"}}
2026-08-05 04:00:01:   Error fetching act_598233003217290: Meta API error 400: {"error":{"message":"Invalid OAuth access token - Cannot parse access token","type":"OAuthException","code":190,"fbtrace_id":"A7mRuFbGBVRgNg4MczSt_ur"}}
2026-08-05 04:00:01:   Error fetching act_1423425976190315: Meta API error 400: {"error":{"message":"Invalid OAuth access token - Cannot parse access token","type":"OAuthException","code":190,"fbtrace_id":"AmSiCCRPpF5NLXKT8z6uFo7"}}
2026-08-05 04:00:01:   Error fetching act_1281838446384778: Meta API error 400: {"error":{"message":"Invalid OAuth access token - Cannot parse access token","type":"OAuthException","code":190,"fbtrace_id":"APMsIlTzPsGkIZ-2OCf6Bq0"}}
2026-08-05 05:00:00:   Error fetching act_598233003217290: Meta API error 400: {"error":{"message":"Invalid OAuth access token - Cannot parse access token","type":"OAuthException","code":190,"fbtrace_id":"A24YCsrFmislHcyKz44zuq-"}}
2026-08-05 05:00:00:   Error fetching act_1423425976190315: Meta API error 400: {"error":{"message":"Invalid OAuth access token - Cannot parse access token","type":"OAuthException","code":190,"fbtrace_id":"AGS3sGdckXtCCfoFqpdQ9qS"}}
2026-08-05 05:00:00:   Error fetching act_1281838446384778: Meta API error 400: {"error":{"message":"Invalid OAuth access token - Cannot parse access token","type":"OAuthException","code":190,"fbtrace_id":"A_HtVGM72Atobe6xtISm-Eh"}}
2026-08-05 06:00:00:   Error fetching act_598233003217290: Meta API error 400: {"error":{"message":"Invalid OAuth access token - Cannot parse access token","type":"OAuthException","code":190,"fbtrace_id":"A3LBD5xmd6aZHj5uOu94ZFC"}}
2026-08-05 06:00:01:   Error fetching act_1423425976190315: Meta API error 400: {"error":{"message":"Invalid OAuth access token - Cannot parse access token","type":"OAuthException","code":190,"fbtrace_id":"ABhjsWQzy4nPfiOW9fq2TwS"}}
2026-08-05 06:00:01:   Error fetching act_1281838446384778: Meta API error 400: {"error":{"message":"Invalid OAuth access token - Cannot parse access token","type":"OAuthException","code":190,"fbtrace_id":"AlkxWmsZQf7vc9pyGci9_Nn"}}
2026-08-05 07:00:00:   Error fetching act_598233003217290: Meta API error 400: {"error":{"message":"Invalid OAuth access token - Cannot parse access token","type":"OAuthException","code":190,"fbtrace_id":"AMZp5yZDXw7dQJXL6qw7z1T"}}
2026-08-05 07:00:01:   Error fetching act_1423425976190315: Meta API error 400: {"error":{"message":"Invalid OAuth access token - Cannot parse access token","type":"OAuthException","code":190,"fbtrace_id":"A3JyAwwR_X0GhRtDpU7XpPX"}}
2026-08-05 07:00:01:   Error fetching act_1281838446384778: Meta API error 400: {"error":{"message":"Invalid OAuth access token - Cannot parse access token","type":"OAuthException","code":190,"fbtrace_id":"A9y3COL027wepCsoCQ1SuUE"}}
2026-08-05 08:00:01:   Error fetching act_598233003217290: Meta API error 400: {"error":{"message":"Invalid OAuth access token - Cannot parse access token","type":"OAuthException","code":190,"fbtrace_id":"A0k2uximFW--y_Jn-7K2KVZ"}}
2026-08-05 08:00:01:   Error fetching act_1423425976190315: Meta API error 400: {"error":{"message":"Invalid OAuth access token - Cannot parse access token","type":"OAuthException","code":190,"fbtrace_id":"AJZw3ouWUZrh7-4ISbsurEr"}}
2026-08-05 08:00:01:   Error fetching act_1281838446384778: Meta API error 400: {"error":{"message":"Invalid OAuth access token - Cannot parse access token","type":"OAuthException","code":190,"fbtrace_id":"A8qb8G2aGgT8Z15UHHiGgMI"}}
2026-08-05 09:00:00:   Error fetching act_598233003217290: Meta API error 400: {"error":{"message":"Invalid OAuth access token - Cannot parse access token","type":"OAuthException","code":190,"fbtrace_id":"ADGBj6gOI2N3pJn70QXa4UM"}}
2026-08-05 09:00:00:   Error fetching act_1423425976190315: Meta API error 400: {"error":{"message":"Invalid OAuth access token - Cannot parse access token","type":"OAuthException","code":190,"fbtrace_id":"AUEZENvmC6ScYwqrzP4u5SL"}}
2026-08-05 09:00:00:   Error fetching act_1281838446384778: Meta API error 400: {"error":{"message":"Invalid OAuth access token - Cannot parse access token","type":"OAuthException","code":190,"fbtrace_id":"AjqS1wRSdbTKgSB5VMPqnpH"}}
2026-08-05 10:00:00:   Error fetching act_598233003217290: Meta API error 400: {"error":{"message":"Invalid OAuth access token - Cannot parse access token","type":"OAuthException","code":190,"fbtrace_id":"ATja-P62TbyrcLzBAnLVRFh"}}
2026-08-05 10:00:00:   Error fetching act_1423425976190315: Meta API error 400: {"error":{"message":"Invalid OAuth access token - Cannot parse access token","type":"OAuthException","code":190,"fbtrace_id":"A0U71MrhpRV-HBIHyf-SJj-"}}
2026-08-05 10:00:01:   Error fetching act_1281838446384778: Meta API error 400: {"error":{"message":"Invalid OAuth access token - Cannot parse access token","type":"OAuthException","code":190,"fbtrace_id":"A5mqcQTW2PIuE-5jxI5VZS_"}}
2026-08-05 11:00:00:   Error fetching act_598233003217290: Meta API error 400: {"error":{"message":"Invalid OAuth access token - Cannot parse access token","type":"OAuthException","code":190,"fbtrace_id":"AVG9avAvWvENP2NuhLEqQo7"}}
2026-08-05 11:00:00:   Error fetching act_1423425976190315: Meta API error 400: {"error":{"message":"Invalid OAuth access token - Cannot parse access token","type":"OAuthException","code":190,"fbtrace_id":"AZjtPFpWRb-5iGYi-FvLNqU"}}
2026-08-05 11:00:00:   Error fetching act_1281838446384778: Meta API error 400: {"error":{"message":"Invalid OAuth access token - Cannot parse access token","type":"OAuthException","code":190,"fbtrace_id":"A00zk3MH8z176FcJvvUz42x"}}
2026-08-05 12:00:00:   Error fetching act_598233003217290: Meta API error 400: {"error":{"message":"Invalid OAuth access token - Cannot parse access token","type":"OAuthException","code":190,"fbtrace_id":"AV9oycO1unS_Nj4Tdzlv7tv"}}
2026-08-05 12:00:00:   Error fetching act_1423425976190315: Meta API error 400: {"error":{"message":"Invalid OAuth access token - Cannot parse access token","type":"OAuthException","code":190,"fbtrace_id":"ADRW9AiwdUVsHa5jQHQAoSJ"}}
2026-08-05 12:00:00:   Error fetching act_1281838446384778: Meta API error 400: {"error":{"message":"Invalid OAuth access token - Cannot parse access token","type":"OAuthException","code":190,"fbtrace_id":"Aj-hOOrOuTDeaxQoecNZGur"}}
2026-08-05 13:00:00:   Error fetching act_598233003217290: Meta API error 400: {"error":{"message":"Invalid OAuth access token - Cannot parse access token","type":"OAuthException","code":190,"fbtrace_id":"A46mpwQzG4Kde-kbjmKkGJV"}}
2026-08-05 13:00:00:   Error fetching act_1423425976190315: Meta API error 400: {"error":{"message":"Invalid OAuth access token - Cannot parse access token","type":"OAuthException","code":190,"fbtrace_id":"AylR1Pqn1H6p-3jSgKBZSFD"}}
2026-08-05 13:00:00:   Error fetching act_1281838446384778: Meta API error 400: {"error":{"message":"Invalid OAuth access token - Cannot parse access token","type":"OAuthException","code":190,"fbtrace_id":"A7YjxPDQxBhcX416j4d4IAD"}}
2026-08-05 14:00:00:   Error fetching act_598233003217290: Meta API error 400: {"error":{"message":"Invalid OAuth access token - Cannot parse access token","type":"OAuthException","code":190,"fbtrace_id":"A6EWRGK2JZmLzKDOWYLVNXD"}}
2026-08-05 14:00:00:   Error fetching act_1423425976190315: Meta API error 400: {"error":{"message":"Invalid OAuth access token - Cannot parse access token","type":"OAuthException","code":190,"fbtrace_id":"AcJtcQ3yDpRlsJXnVAnMc9a"}}
2026-08-05 14:00:00:   Error fetching act_1281838446384778: Meta API error 400: {"error":{"message":"Invalid OAuth access token - Cannot parse access token","type":"OAuthException","code":190,"fbtrace_id":"A1kIdBzn3xqIfBF141IPNqe"}}
2026-08-05 15:00:00:   Error fetching act_598233003217290: Meta API error 400: {"error":{"message":"Invalid OAuth access token - Cannot parse access token","type":"OAuthException","code":190,"fbtrace_id":"AmsL0ZfZ3018HSXPPTPBHTA"}}
2026-08-05 15:00:00:   Error fetching act_1423425976190315: Meta API error 400: {"error":{"message":"Invalid OAuth access token - Cannot parse access token","type":"OAuthException","code":190,"fbtrace_id":"AS0jFQaa_QFmyJB6WAOZbY4"}}
2026-08-05 15:00:00:   Error fetching act_1281838446384778: Meta API error 400: {"error":{"message":"Invalid OAuth access token - Cannot parse access token","type":"OAuthException","code":190,"fbtrace_id":"APfmiqeh4aOvxfAriuJj_S2"}}
2026-08-05 16:00:00:   Error fetching act_598233003217290: Meta API error 400: {"error":{"message":"Invalid OAuth access token - Cannot parse access token","type":"OAuthException","code":190,"fbtrace_id":"Acep1E7BdOw4fEU6mxqnvMg"}}
2026-08-05 16:00:00:   Error fetching act_1423425976190315: Meta API error 400: {"error":{"message":"Invalid OAuth access token - Cannot parse access token","type":"OAuthException","code":190,"fbtrace_id":"ALrHsKH81kZnL2swvm1idu6"}}
2026-08-05 16:00:01:   Error fetching act_1281838446384778: Meta API error 400: {"error":{"message":"Invalid OAuth access token - Cannot parse access token","type":"OAuthException","code":190,"fbtrace_id":"AK7kBS2gjN5yp2h2S-CEnpH"}}
2026-08-05 17:00:00:   Error fetching act_598233003217290: Meta API error 400: {"error":{"message":"Invalid OAuth access token - Cannot parse access token","type":"OAuthException","code":190,"fbtrace_id":"ANTLdvxDuTfUVPUBIdbp2Uu"}}
2026-08-05 17:00:00:   Error fetching act_1423425976190315: Meta API error 400: {"error":{"message":"Invalid OAuth access token - Cannot parse access token","type":"OAuthException","code":190,"fbtrace_id":"ASr__dQMwjvRq-NkdZXKhv9"}}
2026-08-05 17:00:00:   Error fetching act_1281838446384778: Meta API error 400: {"error":{"message":"Invalid OAuth access token - Cannot parse access token","type":"OAuthException","code":190,"fbtrace_id":"A4fKWsTQq7Fty-U_lPtvqU1"}}
2026-08-05 18:00:01:   Error fetching act_598233003217290: Meta API error 400: {"error":{"message":"Invalid OAuth access token - Cannot parse access token","type":"OAuthException","code":190,"fbtrace_id":"AieIiu9Mr_mw3pTgeFwbrez"}}
2026-08-05 18:00:01:   Error fetching act_1423425976190315: Meta API error 400: {"error":{"message":"Invalid OAuth access token - Cannot parse access token","type":"OAuthException","code":190,"fbtrace_id":"AwnvDL1f3xLUZho16X_sPgO"}}
2026-08-05 18:00:01:   Error fetching act_1281838446384778: Meta API error 400: {"error":{"message":"Invalid OAuth access token - Cannot parse access token","type":"OAuthException","code":190,"fbtrace_id":"AqBnQNPD5a8gSth6s2-x29h"}}
2026-08-05 19:00:01:   Error fetching act_598233003217290: Meta API error 400: {"error":{"message":"Invalid OAuth access token - Cannot parse access token","type":"OAuthException","code":190,"fbtrace_id":"AirEsrUnj8n7-ykTu7e-1Ds"}}
2026-08-05 19:00:01:   Error fetching act_1423425976190315: Meta API error 400: {"error":{"message":"Invalid OAuth access token - Cannot parse access token","type":"OAuthException","code":190,"fbtrace_id":"AS0_xXsBUE7mxQunkwBuXix"}}
2026-08-05 19:00:01:   Error fetching act_1281838446384778: Meta API error 400: {"error":{"message":"Invalid OAuth access token - Cannot parse access token","type":"OAuthException","code":190,"fbtrace_id":"A9wg9EEHIrHArC7HxJAwnjF"}}
2026-08-05 20:00:00:   Error fetching act_598233003217290: Meta API error 400: {"error":{"message":"Invalid OAuth access token - Cannot parse access token","type":"OAuthException","code":190,"fbtrace_id":"AVBIoMayanBAPPnyOUzyEdc"}}
2026-08-05 20:00:00:   Error fetching act_1423425976190315: Meta API error 400: {"error":{"message":"Invalid OAuth access token - Cannot parse access token","type":"OAuthException","code":190,"fbtrace_id":"AliZo6YpITq7U1S5EcFDpQW"}}
2026-08-05 20:00:01:   Error fetching act_1281838446384778: Meta API error 400: {"error":{"message":"Invalid OAuth access token - Cannot parse access token","type":"OAuthException","code":190,"fbtrace_id":"AynMrjr03NaU65P5f53OJPT"}}
2026-08-05 21:00:00:   Error fetching act_598233003217290: Meta API error 400: {"error":{"message":"Invalid OAuth access token - Cannot parse access token","type":"OAuthException","code":190,"fbtrace_id":"AjrIQLBjxmrbdwUtHWNt50t"}}
2026-08-05 21:00:00:   Error fetching act_1423425976190315: Meta API error 400: {"error":{"message":"Invalid OAuth access token - Cannot parse access token","type":"OAuthException","code":190,"fbtrace_id":"AU9OOgEF4ZM39j8EYqzyD8D"}}
2026-08-05 21:00:00:   Error fetching act_1281838446384778: Meta API error 400: {"error":{"message":"Invalid OAuth access token - Cannot parse access token","type":"OAuthException","code":190,"fbtrace_id":"AWRwowzgCTc6rabrhUfxHlV"}}
2026-08-05 22:00:01:   Error fetching act_598233003217290: Meta API error 400: {"error":{"message":"Invalid OAuth access token - Cannot parse access token","type":"OAuthException","code":190,"fbtrace_id":"AVE0oqh5JgW1YpRVzYYt5Cf"}}
2026-08-05 22:00:01:   Error fetching act_1423425976190315: Meta API error 400: {"error":{"message":"Invalid OAuth access token - Cannot parse access token","type":"OAuthException","code":190,"fbtrace_id":"Aq4WYA7HQ6F8TYoJlxzwfyv"}}
2026-08-05 22:00:01:   Error fetching act_1281838446384778: Meta API error 400: {"error":{"message":"Invalid OAuth access token - Cannot parse access token","type":"OAuthException","code":190,"fbtrace_id":"A5hTlnDppa0mNPqM7b1DhKJ"}}
2026-08-05 22:36:09:   Error fetching act_598233003217290: Meta API error 400: {"error":{"message":"Invalid OAuth access token - Cannot parse access token","type":"OAuthException","code":190,"fbtrace_id":"ATcGIqIzUwGCg-iLZAvN8-Z"}}
2026-08-05 22:36:09:   Error fetching act_1423425976190315: Meta API error 400: {"error":{"message":"Invalid OAuth access token - Cannot parse access token","type":"OAuthException","code":190,"fbtrace_id":"AX_0AgXpAGi0RUT2z76kqXd"}}
2026-08-05 22:36:09:   Error fetching act_1281838446384778: Meta API error 400: {"error":{"message":"Invalid OAuth access token - Cannot parse access token","type":"OAuthException","code":190,"fbtrace_id":"A0aKiG4Dhdm8T3_LQjQmyd6"}}
