2026-07-29 16:49:03: 
========================================
2026-07-29 16:49:03:   Ben ADU Budget Dashboard
2026-07-29 16:49:03:   http://localhost:3500
2026-07-29 16:49:03:   Auto-refresh: every 60 minutes
2026-07-29 16:49:03:   Slack alerts: disabled
2026-07-29 16:49:03:   Password: disabled
2026-07-29 16:49:03: ========================================

2026-07-29 16:49:03: [2026-07-29T14:49:03.257Z] Fetching data: 2026-07-01 to 2026-07-29
2026-07-29 16:49:03:   Accounts: act_598233003217290, act_1423425976190315, act_1281838446384778
2026-07-29 16:49:03:   Success! Geo totals:
2026-07-29 16:49:03:     LA County: $0.00 / $50000 (0.0%) — 0 leads
2026-07-29 16:49:03:     Orange County: $0.00 / $20000 (0.0%) — 0 leads
2026-07-29 16:49:03:     San Jose: $0.00 / $20000 (0.0%) — 0 leads
2026-07-29 16:49:03:     Green V2 (Outdoor): $0.00 / $10000 (0.0%) — 0 leads
2026-07-29 16:53:56: [2026-07-29T14:53:56.576Z] Fetching data: 2026-07-01 to 2026-07-29
2026-07-29 16:53:56:   Accounts: act_598233003217290, act_1423425976190315, act_1281838446384778
2026-07-29 16:53:56:   Success! Geo totals:
2026-07-29 16:53:56:     LA County: $0.00 / $50000 (0.0%) — 0 leads
2026-07-29 16:53:56:     Orange County: $0.00 / $20000 (0.0%) — 0 leads
2026-07-29 16:53:56:     San Jose: $0.00 / $20000 (0.0%) — 0 leads
2026-07-29 16:53:56:     Green V2 (Outdoor): $0.00 / $10000 (0.0%) — 0 leads
2026-07-29 16:53:58: [2026-07-29T14:53:58.540Z] Fetching data: 2026-07-01 to 2026-07-29
2026-07-29 16:53:58:   Accounts: act_598233003217290, act_1423425976190315, act_1281838446384778
2026-07-29 16:53:58:   Success! Geo totals:
2026-07-29 16:53:58:     LA County: $0.00 / $50000 (0.0%) — 0 leads
2026-07-29 16:53:58:     Orange County: $0.00 / $20000 (0.0%) — 0 leads
2026-07-29 16:53:58:     San Jose: $0.00 / $20000 (0.0%) — 0 leads
2026-07-29 16:53:58:     Green V2 (Outdoor): $0.00 / $10000 (0.0%) — 0 leads
2026-07-29 16:56:15: [2026-07-29T14:56:15.426Z] Fetching data: 2026-07-01 to 2026-07-29
2026-07-29 16:56:15:   Accounts: act_598233003217290, act_1423425976190315, act_1281838446384778
2026-07-29 16:56:15:   Success! Geo totals:
2026-07-29 16:56:15:     LA County: $0.00 / $50000 (0.0%) — 0 leads
2026-07-29 16:56:15:     Orange County: $0.00 / $20000 (0.0%) — 0 leads
2026-07-29 16:56:15:     San Jose: $0.00 / $20000 (0.0%) — 0 leads
2026-07-29 16:56:15:     Green V2 (Outdoor): $0.00 / $10000 (0.0%) — 0 leads
2026-07-29 16:57:02: [2026-07-29T14:57:02.879Z] Fetching data: 2026-07-01 to 2026-07-29
2026-07-29 16:57:02:   Accounts: act_598233003217290, act_1423425976190315, act_1281838446384778
2026-07-29 16:57:03:   Success! Geo totals:
2026-07-29 16:57:03:     LA County: $0.00 / $50000 (0.0%) — 0 leads
2026-07-29 16:57:03:     Orange County: $0.00 / $20000 (0.0%) — 0 leads
2026-07-29 16:57:03:     San Jose: $0.00 / $20000 (0.0%) — 0 leads
2026-07-29 16:57:03:     Green V2 (Outdoor): $0.00 / $10000 (0.0%) — 0 leads
2026-07-29 16:57:03: [2026-07-29T14:57:03.642Z] Fetching data: 2026-07-01 to 2026-07-29
2026-07-29 16:57:03:   Accounts: act_598233003217290, act_1423425976190315, act_1281838446384778
2026-07-29 16:57:03:   Success! Geo totals:
2026-07-29 16:57:03:     LA County: $0.00 / $50000 (0.0%) — 0 leads
2026-07-29 16:57:03:     Orange County: $0.00 / $20000 (0.0%) — 0 leads
2026-07-29 16:57:03:     San Jose: $0.00 / $20000 (0.0%) — 0 leads
2026-07-29 16:57:03:     Green V2 (Outdoor): $0.00 / $10000 (0.0%) — 0 leads
2026-07-29 17:00:00: [CRON] Auto-refresh triggered
2026-07-29 17:00:00: [2026-07-29T15:00:00.734Z] Fetching data: 2026-07-01 to 2026-07-29
2026-07-29 17:00:00:   Accounts: act_598233003217290, act_1423425976190315, act_1281838446384778
2026-07-29 17:00:01:   Success! Geo totals:
2026-07-29 17:00:01:     LA County: $0.00 / $50000 (0.0%) — 0 leads
2026-07-29 17:00:01:     Orange County: $0.00 / $20000 (0.0%) — 0 leads
2026-07-29 17:00:01:     San Jose: $0.00 / $20000 (0.0%) — 0 leads
2026-07-29 17:00:01:     Green V2 (Outdoor): $0.00 / $10000 (0.0%) — 0 leads
2026-07-29 18:00:00: [CRON] Auto-refresh triggered
2026-07-29 18:00:00: [2026-07-29T16:00:00.629Z] Fetching data: 2026-07-01 to 2026-07-29
2026-07-29 18:00:00:   Accounts: act_598233003217290, act_1423425976190315, act_1281838446384778
2026-07-29 18:00:01:   Success! Geo totals:
2026-07-29 18:00:01:     LA County: $0.00 / $50000 (0.0%) — 0 leads
2026-07-29 18:00:01:     Orange County: $0.00 / $20000 (0.0%) — 0 leads
2026-07-29 18:00:01:     San Jose: $0.00 / $20000 (0.0%) — 0 leads
2026-07-29 18:00:01:     Green V2 (Outdoor): $0.00 / $10000 (0.0%) — 0 leads
2026-07-29 19:00:00: [CRON] Auto-refresh triggered
2026-07-29 19:00:00: [2026-07-29T17:00:00.511Z] Fetching data: 2026-07-01 to 2026-07-29
2026-07-29 19:00:00:   Accounts: act_598233003217290, act_1423425976190315, act_1281838446384778
2026-07-29 19:00:01:   Success! Geo totals:
2026-07-29 19:00:01:     LA County: $0.00 / $50000 (0.0%) — 0 leads
2026-07-29 19:00:01:     Orange County: $0.00 / $20000 (0.0%) — 0 leads
2026-07-29 19:00:01:     San Jose: $0.00 / $20000 (0.0%) — 0 leads
2026-07-29 19:00:01:     Green V2 (Outdoor): $0.00 / $10000 (0.0%) — 0 leads
2026-07-29 20:00:00: [CRON] Auto-refresh triggered
2026-07-29 20:00:00: [2026-07-29T18:00:00.361Z] Fetching data: 2026-07-01 to 2026-07-29
2026-07-29 20:00:00:   Accounts: act_598233003217290, act_1423425976190315, act_1281838446384778
2026-07-29 20:00:01:   Success! Geo totals:
2026-07-29 20:00:01:     LA County: $0.00 / $50000 (0.0%) — 0 leads
2026-07-29 20:00:01:     Orange County: $0.00 / $20000 (0.0%) — 0 leads
2026-07-29 20:00:01:     San Jose: $0.00 / $20000 (0.0%) — 0 leads
2026-07-29 20:00:01:     Green V2 (Outdoor): $0.00 / $10000 (0.0%) — 0 leads
2026-07-29 21:00:00: [CRON] Auto-refresh triggered
2026-07-29 21:00:00: [2026-07-29T19:00:00.218Z] Fetching data: 2026-07-01 to 2026-07-29
2026-07-29 21:00:00:   Accounts: act_598233003217290, act_1423425976190315, act_1281838446384778
2026-07-29 21:00:00:   Success! Geo totals:
2026-07-29 21:00:00:     LA County: $0.00 / $50000 (0.0%) — 0 leads
2026-07-29 21:00:00:     Orange County: $0.00 / $20000 (0.0%) — 0 leads
2026-07-29 21:00:00:     San Jose: $0.00 / $20000 (0.0%) — 0 leads
2026-07-29 21:00:00:     Green V2 (Outdoor): $0.00 / $10000 (0.0%) — 0 leads
2026-07-29 22:00:00: [CRON] Auto-refresh triggered
2026-07-29 22:00:00: [2026-07-29T20:00:00.081Z] Fetching data: 2026-07-01 to 2026-07-29
2026-07-29 22:00:00:   Accounts: act_598233003217290, act_1423425976190315, act_1281838446384778
2026-07-29 22:00:00:   Success! Geo totals:
2026-07-29 22:00:00:     LA County: $0.00 / $50000 (0.0%) — 0 leads
2026-07-29 22:00:00:     Orange County: $0.00 / $20000 (0.0%) — 0 leads
2026-07-29 22:00:00:     San Jose: $0.00 / $20000 (0.0%) — 0 leads
2026-07-29 22:00:00:     Green V2 (Outdoor): $0.00 / $10000 (0.0%) — 0 leads
2026-07-29 23:00:00: [CRON] Auto-refresh triggered
2026-07-29 23:00:00: [2026-07-29T21:00:00.080Z] Fetching data: 2026-07-01 to 2026-07-29
2026-07-29 23:00:00:   Accounts: act_598233003217290, act_1423425976190315, act_1281838446384778
2026-07-29 23:00:00:   Success! Geo totals:
2026-07-29 23:00:00:     LA County: $0.00 / $50000 (0.0%) — 0 leads
2026-07-29 23:00:00:     Orange County: $0.00 / $20000 (0.0%) — 0 leads
2026-07-29 23:00:00:     San Jose: $0.00 / $20000 (0.0%) — 0 leads
2026-07-29 23:00:00:     Green V2 (Outdoor): $0.00 / $10000 (0.0%) — 0 leads
2026-07-30 00:00:00: [CRON] Auto-refresh triggered
2026-07-30 00:00:00: [2026-07-29T22:00:00.871Z] Fetching data: 2026-07-01 to 2026-07-30
2026-07-30 00:00:00:   Accounts: act_598233003217290, act_1423425976190315, act_1281838446384778
2026-07-30 00:00:01:   Success! Geo totals:
2026-07-30 00:00:01:     LA County: $0.00 / $50000 (0.0%) — 0 leads
2026-07-30 00:00:01:     Orange County: $0.00 / $20000 (0.0%) — 0 leads
2026-07-30 00:00:01:     San Jose: $0.00 / $20000 (0.0%) — 0 leads
2026-07-30 00:00:01:     Green V2 (Outdoor): $0.00 / $10000 (0.0%) — 0 leads
2026-07-30 01:00:00: [CRON] Auto-refresh triggered
2026-07-30 01:00:00: [2026-07-29T23:00:00.439Z] Fetching data: 2026-07-01 to 2026-07-30
2026-07-30 01:00:00:   Accounts: act_598233003217290, act_1423425976190315, act_1281838446384778
2026-07-30 01:00:01:   Success! Geo totals:
2026-07-30 01:00:01:     LA County: $0.00 / $50000 (0.0%) — 0 leads
2026-07-30 01:00:01:     Orange County: $0.00 / $20000 (0.0%) — 0 leads
2026-07-30 01:00:01:     San Jose: $0.00 / $20000 (0.0%) — 0 leads
2026-07-30 01:00:01:     Green V2 (Outdoor): $0.00 / $10000 (0.0%) — 0 leads
2026-07-30 02:00:00: [CRON] Auto-refresh triggered
2026-07-30 02:00:00: [2026-07-30T00:00:00.635Z] Fetching data: 2026-07-01 to 2026-07-30
2026-07-30 02:00:00:   Accounts: act_598233003217290, act_1423425976190315, act_1281838446384778
2026-07-30 02:00:01:   Success! Geo totals:
2026-07-30 02:00:01:     LA County: $0.00 / $50000 (0.0%) — 0 leads
2026-07-30 02:00:01:     Orange County: $0.00 / $20000 (0.0%) — 0 leads
2026-07-30 02:00:01:     San Jose: $0.00 / $20000 (0.0%) — 0 leads
2026-07-30 02:00:01:     Green V2 (Outdoor): $0.00 / $10000 (0.0%) — 0 leads
2026-07-30 03:00:00: [CRON] Auto-refresh triggered
2026-07-30 03:00:00: [2026-07-30T01:00:00.440Z] Fetching data: 2026-07-01 to 2026-07-30
2026-07-30 03:00:00:   Accounts: act_598233003217290, act_1423425976190315, act_1281838446384778
2026-07-30 03:00:01:   Success! Geo totals:
2026-07-30 03:00:01:     LA County: $0.00 / $50000 (0.0%) — 0 leads
2026-07-30 03:00:01:     Orange County: $0.00 / $20000 (0.0%) — 0 leads
2026-07-30 03:00:01:     San Jose: $0.00 / $20000 (0.0%) — 0 leads
2026-07-30 03:00:01:     Green V2 (Outdoor): $0.00 / $10000 (0.0%) — 0 leads
2026-07-30 04:00:00: [CRON] Auto-refresh triggered
2026-07-30 04:00:00: [2026-07-30T02:00:00.344Z] Fetching data: 2026-07-01 to 2026-07-30
2026-07-30 04:00:00:   Accounts: act_598233003217290, act_1423425976190315, act_1281838446384778
2026-07-30 04:00:00:   Success! Geo totals:
2026-07-30 04:00:00:     LA County: $0.00 / $50000 (0.0%) — 0 leads
2026-07-30 04:00:00:     Orange County: $0.00 / $20000 (0.0%) — 0 leads
2026-07-30 04:00:00:     San Jose: $0.00 / $20000 (0.0%) — 0 leads
2026-07-30 04:00:00:     Green V2 (Outdoor): $0.00 / $10000 (0.0%) — 0 leads
2026-07-30 05:00:00: [CRON] Auto-refresh triggered
2026-07-30 05:00:00: [2026-07-30T03:00:00.103Z] Fetching data: 2026-07-01 to 2026-07-30
2026-07-30 05:00:00:   Accounts: act_598233003217290, act_1423425976190315, act_1281838446384778
2026-07-30 05:00:00:   Success! Geo totals:
2026-07-30 05:00:00:     LA County: $0.00 / $50000 (0.0%) — 0 leads
2026-07-30 05:00:00:     Orange County: $0.00 / $20000 (0.0%) — 0 leads
2026-07-30 05:00:00:     San Jose: $0.00 / $20000 (0.0%) — 0 leads
2026-07-30 05:00:00:     Green V2 (Outdoor): $0.00 / $10000 (0.0%) — 0 leads
2026-07-30 06:00:00: [CRON] Auto-refresh triggered
2026-07-30 06:00:00: [2026-07-30T04:00:00.919Z] Fetching data: 2026-07-01 to 2026-07-30
2026-07-30 06:00:00:   Accounts: act_598233003217290, act_1423425976190315, act_1281838446384778
2026-07-30 06:00:01:   Success! Geo totals:
2026-07-30 06:00:01:     LA County: $0.00 / $50000 (0.0%) — 0 leads
2026-07-30 06:00:01:     Orange County: $0.00 / $20000 (0.0%) — 0 leads
2026-07-30 06:00:01:     San Jose: $0.00 / $20000 (0.0%) — 0 leads
2026-07-30 06:00:01:     Green V2 (Outdoor): $0.00 / $10000 (0.0%) — 0 leads
2026-07-30 07:00:00: [CRON] Auto-refresh triggered
2026-07-30 07:00:00: [2026-07-30T05:00:00.805Z] Fetching data: 2026-07-01 to 2026-07-30
2026-07-30 07:00:00:   Accounts: act_598233003217290, act_1423425976190315, act_1281838446384778
2026-07-30 07:00:01:   Success! Geo totals:
2026-07-30 07:00:01:     LA County: $0.00 / $50000 (0.0%) — 0 leads
2026-07-30 07:00:01:     Orange County: $0.00 / $20000 (0.0%) — 0 leads
2026-07-30 07:00:01:     San Jose: $0.00 / $20000 (0.0%) — 0 leads
2026-07-30 07:00:01:     Green V2 (Outdoor): $0.00 / $10000 (0.0%) — 0 leads
2026-07-30 08:00:00: [CRON] Auto-refresh triggered
2026-07-30 08:00:00: [2026-07-30T06:00:00.552Z] Fetching data: 2026-07-01 to 2026-07-30
2026-07-30 08:00:00:   Accounts: act_598233003217290, act_1423425976190315, act_1281838446384778
2026-07-30 08:00:00:   Success! Geo totals:
2026-07-30 08:00:00:     LA County: $0.00 / $50000 (0.0%) — 0 leads
2026-07-30 08:00:00:     Orange County: $0.00 / $20000 (0.0%) — 0 leads
2026-07-30 08:00:00:     San Jose: $0.00 / $20000 (0.0%) — 0 leads
2026-07-30 08:00:00:     Green V2 (Outdoor): $0.00 / $10000 (0.0%) — 0 leads
2026-07-30 09:00:00: [CRON] Auto-refresh triggered
2026-07-30 09:00:00: [2026-07-30T07:00:00.493Z] Fetching data: 2026-07-01 to 2026-07-30
2026-07-30 09:00:00:   Accounts: act_598233003217290, act_1423425976190315, act_1281838446384778
2026-07-30 09:00:01:   Success! Geo totals:
2026-07-30 09:00:01:     LA County: $0.00 / $50000 (0.0%) — 0 leads
2026-07-30 09:00:01:     Orange County: $0.00 / $20000 (0.0%) — 0 leads
2026-07-30 09:00:01:     San Jose: $0.00 / $20000 (0.0%) — 0 leads
2026-07-30 09:00:01:     Green V2 (Outdoor): $0.00 / $10000 (0.0%) — 0 leads
2026-07-30 10:00:00: [CRON] Auto-refresh triggered
2026-07-30 10:00:00: [2026-07-30T08:00:00.356Z] Fetching data: 2026-07-01 to 2026-07-30
2026-07-30 10:00:00:   Accounts: act_598233003217290, act_1423425976190315, act_1281838446384778
2026-07-30 10:00:00:   Success! Geo totals:
2026-07-30 10:00:00:     LA County: $0.00 / $50000 (0.0%) — 0 leads
2026-07-30 10:00:00:     Orange County: $0.00 / $20000 (0.0%) — 0 leads
2026-07-30 10:00:00:     San Jose: $0.00 / $20000 (0.0%) — 0 leads
2026-07-30 10:00:00:     Green V2 (Outdoor): $0.00 / $10000 (0.0%) — 0 leads
2026-07-30 10:48:05: 
========================================
2026-07-30 10:48:05:   Ben ADU Budget Dashboard
2026-07-30 10:48:05:   http://localhost:3500
2026-07-30 10:48:05:   Auto-refresh: every 60 minutes
2026-07-30 10:48:05:   Slack alerts: disabled
2026-07-30 10:48:05:   Password: disabled
2026-07-30 10:48:05: ========================================

2026-07-30 10:48:05: [2026-07-30T08:48:05.783Z] Fetching data: 2026-07-01 to 2026-07-30
2026-07-30 10:48:05:   Accounts: act_598233003217290, act_1423425976190315, act_1281838446384778
2026-07-30 10:48:06:   Success! Geo totals:
2026-07-30 10:48:06:     LA County: $0.00 / $50000 (0.0%) — 0 leads
2026-07-30 10:48:06:     Orange County: $0.00 / $20000 (0.0%) — 0 leads
2026-07-30 10:48:06:     San Jose: $0.00 / $20000 (0.0%) — 0 leads
2026-07-30 10:48:06:     Green V2 (Outdoor): $0.00 / $10000 (0.0%) — 0 leads
2026-07-30 10:49:16: 
========================================
2026-07-30 10:49:16:   Ben ADU Budget Dashboard
2026-07-30 10:49:16:   http://localhost:3500
2026-07-30 10:49:16:   Auto-refresh: every 60 minutes
2026-07-30 10:49:16:   Slack alerts: disabled
2026-07-30 10:49:16:   Password: disabled
2026-07-30 10:49:16: ========================================

2026-07-30 10:49:16: [2026-07-30T08:49:16.624Z] Fetching data: 2026-07-01 to 2026-07-30
2026-07-30 10:49:16:   Accounts: act_598233003217290, act_1423425976190315, act_1281838446384778
2026-07-30 10:49:17:   Success! Geo totals:
2026-07-30 10:49:17:     LA County: $0.00 / $50000 (0.0%) — 0 leads
2026-07-30 10:49:17:     Orange County: $0.00 / $20000 (0.0%) — 0 leads
2026-07-30 10:49:17:     San Jose: $0.00 / $20000 (0.0%) — 0 leads
2026-07-30 10:49:17:     Green V2 (Outdoor): $0.00 / $10000 (0.0%) — 0 leads
2026-07-30 11:00:00: [CRON] Auto-refresh triggered
2026-07-30 11:00:00: [2026-07-30T09:00:00.116Z] Fetching data: 2026-07-01 to 2026-07-30
2026-07-30 11:00:00:   Accounts: act_598233003217290, act_1423425976190315, act_1281838446384778
2026-07-30 11:00:00:   Success! Geo totals:
2026-07-30 11:00:00:     LA County: $0.00 / $50000 (0.0%) — 0 leads
2026-07-30 11:00:00:     Orange County: $0.00 / $20000 (0.0%) — 0 leads
2026-07-30 11:00:00:     San Jose: $0.00 / $20000 (0.0%) — 0 leads
2026-07-30 11:00:00:     Green V2 (Outdoor): $0.00 / $10000 (0.0%) — 0 leads
2026-07-30 12:00:00: [CRON] Auto-refresh triggered
2026-07-30 12:00:00: [2026-07-30T10:00:00.843Z] Fetching data: 2026-07-01 to 2026-07-30
2026-07-30 12:00:00:   Accounts: act_598233003217290, act_1423425976190315, act_1281838446384778
2026-07-30 12:00:01:   Success! Geo totals:
2026-07-30 12:00:01:     LA County: $0.00 / $50000 (0.0%) — 0 leads
2026-07-30 12:00:01:     Orange County: $0.00 / $20000 (0.0%) — 0 leads
2026-07-30 12:00:01:     San Jose: $0.00 / $20000 (0.0%) — 0 leads
2026-07-30 12:00:01:     Green V2 (Outdoor): $0.00 / $10000 (0.0%) — 0 leads
2026-07-30 13:00:00: [CRON] Auto-refresh triggered
2026-07-30 13:00:00: [2026-07-30T11:00:00.875Z] Fetching data: 2026-07-01 to 2026-07-30
2026-07-30 13:00:00:   Accounts: act_598233003217290, act_1423425976190315, act_1281838446384778
2026-07-30 13:00:01:   Success! Geo totals:
2026-07-30 13:00:01:     LA County: $0.00 / $50000 (0.0%) — 0 leads
2026-07-30 13:00:01:     Orange County: $0.00 / $20000 (0.0%) — 0 leads
2026-07-30 13:00:01:     San Jose: $0.00 / $20000 (0.0%) — 0 leads
2026-07-30 13:00:01:     Green V2 (Outdoor): $0.00 / $10000 (0.0%) — 0 leads
2026-07-30 14:00:00: [CRON] Auto-refresh triggered
2026-07-30 14:00:00: [2026-07-30T12:00:00.714Z] Fetching data: 2026-07-01 to 2026-07-30
2026-07-30 14:00:00:   Accounts: act_598233003217290, act_1423425976190315, act_1281838446384778
2026-07-30 14:00:01:   Success! Geo totals:
2026-07-30 14:00:01:     LA County: $0.00 / $50000 (0.0%) — 0 leads
2026-07-30 14:00:01:     Orange County: $0.00 / $20000 (0.0%) — 0 leads
2026-07-30 14:00:01:     San Jose: $0.00 / $20000 (0.0%) — 0 leads
2026-07-30 14:00:01:     Green V2 (Outdoor): $0.00 / $10000 (0.0%) — 0 leads
2026-07-30 15:00:00: [CRON] Auto-refresh triggered
2026-07-30 15:00:00: [2026-07-30T13:00:00.833Z] Fetching data: 2026-07-01 to 2026-07-30
2026-07-30 15:00:00:   Accounts: act_598233003217290, act_1423425976190315, act_1281838446384778
2026-07-30 15:00:01:   Success! Geo totals:
2026-07-30 15:00:01:     LA County: $0.00 / $50000 (0.0%) — 0 leads
2026-07-30 15:00:01:     Orange County: $0.00 / $20000 (0.0%) — 0 leads
2026-07-30 15:00:01:     San Jose: $0.00 / $20000 (0.0%) — 0 leads
2026-07-30 15:00:01:     Green V2 (Outdoor): $0.00 / $10000 (0.0%) — 0 leads
2026-07-30 16:00:00: [CRON] Auto-refresh triggered
2026-07-30 16:00:00: [2026-07-30T14:00:00.663Z] Fetching data: 2026-07-01 to 2026-07-30
2026-07-30 16:00:00:   Accounts: act_598233003217290, act_1423425976190315, act_1281838446384778
2026-07-30 16:00:01:   Success! Geo totals:
2026-07-30 16:00:01:     LA County: $0.00 / $50000 (0.0%) — 0 leads
2026-07-30 16:00:01:     Orange County: $0.00 / $20000 (0.0%) — 0 leads
2026-07-30 16:00:01:     San Jose: $0.00 / $20000 (0.0%) — 0 leads
2026-07-30 16:00:01:     Green V2 (Outdoor): $0.00 / $10000 (0.0%) — 0 leads
2026-07-30 17:00:00: [CRON] Auto-refresh triggered
2026-07-30 17:00:00: [2026-07-30T15:00:00.529Z] Fetching data: 2026-07-01 to 2026-07-30
2026-07-30 17:00:00:   Accounts: act_598233003217290, act_1423425976190315, act_1281838446384778
2026-07-30 17:00:01:   Success! Geo totals:
2026-07-30 17:00:01:     LA County: $0.00 / $50000 (0.0%) — 0 leads
2026-07-30 17:00:01:     Orange County: $0.00 / $20000 (0.0%) — 0 leads
2026-07-30 17:00:01:     San Jose: $0.00 / $20000 (0.0%) — 0 leads
2026-07-30 17:00:01:     Green V2 (Outdoor): $0.00 / $10000 (0.0%) — 0 leads
2026-07-30 18:00:00: [CRON] Auto-refresh triggered
2026-07-30 18:00:00: [2026-07-30T16:00:00.558Z] Fetching data: 2026-07-01 to 2026-07-30
2026-07-30 18:00:00:   Accounts: act_598233003217290, act_1423425976190315, act_1281838446384778
2026-07-30 18:00:01:   Success! Geo totals:
2026-07-30 18:00:01:     LA County: $0.00 / $50000 (0.0%) — 0 leads
2026-07-30 18:00:01:     Orange County: $0.00 / $20000 (0.0%) — 0 leads
2026-07-30 18:00:01:     San Jose: $0.00 / $20000 (0.0%) — 0 leads
2026-07-30 18:00:01:     Green V2 (Outdoor): $0.00 / $10000 (0.0%) — 0 leads
2026-07-30 19:00:00: [CRON] Auto-refresh triggered
2026-07-30 19:00:00: [2026-07-30T17:00:00.420Z] Fetching data: 2026-07-01 to 2026-07-30
2026-07-30 19:00:00:   Accounts: act_598233003217290, act_1423425976190315, act_1281838446384778
2026-07-30 19:00:01:   Success! Geo totals:
2026-07-30 19:00:01:     LA County: $0.00 / $50000 (0.0%) — 0 leads
2026-07-30 19:00:01:     Orange County: $0.00 / $20000 (0.0%) — 0 leads
2026-07-30 19:00:01:     San Jose: $0.00 / $20000 (0.0%) — 0 leads
2026-07-30 19:00:01:     Green V2 (Outdoor): $0.00 / $10000 (0.0%) — 0 leads
2026-07-30 20:00:00: [CRON] Auto-refresh triggered
2026-07-30 20:00:00: [2026-07-30T18:00:00.457Z] Fetching data: 2026-07-01 to 2026-07-30
2026-07-30 20:00:00:   Accounts: act_598233003217290, act_1423425976190315, act_1281838446384778
2026-07-30 20:00:01:   Success! Geo totals:
2026-07-30 20:00:01:     LA County: $0.00 / $50000 (0.0%) — 0 leads
2026-07-30 20:00:01:     Orange County: $0.00 / $20000 (0.0%) — 0 leads
2026-07-30 20:00:01:     San Jose: $0.00 / $20000 (0.0%) — 0 leads
2026-07-30 20:00:01:     Green V2 (Outdoor): $0.00 / $10000 (0.0%) — 0 leads
2026-07-30 21:00:00: [CRON] Auto-refresh triggered
2026-07-30 21:00:00: [2026-07-30T19:00:00.308Z] Fetching data: 2026-07-01 to 2026-07-30
2026-07-30 21:00:00:   Accounts: act_598233003217290, act_1423425976190315, act_1281838446384778
2026-07-30 21:00:00:   Success! Geo totals:
2026-07-30 21:00:00:     LA County: $0.00 / $50000 (0.0%) — 0 leads
2026-07-30 21:00:00:     Orange County: $0.00 / $20000 (0.0%) — 0 leads
2026-07-30 21:00:00:     San Jose: $0.00 / $20000 (0.0%) — 0 leads
2026-07-30 21:00:00:     Green V2 (Outdoor): $0.00 / $10000 (0.0%) — 0 leads
2026-07-30 22:00:00: [CRON] Auto-refresh triggered
2026-07-30 22:00:00: [2026-07-30T20:00:00.182Z] Fetching data: 2026-07-01 to 2026-07-30
2026-07-30 22:00:00:   Accounts: act_598233003217290, act_1423425976190315, act_1281838446384778
2026-07-30 22:00:00:   Success! Geo totals:
2026-07-30 22:00:00:     LA County: $0.00 / $50000 (0.0%) — 0 leads
2026-07-30 22:00:00:     Orange County: $0.00 / $20000 (0.0%) — 0 leads
2026-07-30 22:00:00:     San Jose: $0.00 / $20000 (0.0%) — 0 leads
2026-07-30 22:00:00:     Green V2 (Outdoor): $0.00 / $10000 (0.0%) — 0 leads
2026-07-30 23:00:00: [CRON] Auto-refresh triggered
2026-07-30 23:00:00: [2026-07-30T21:00:00.986Z] Fetching data: 2026-07-01 to 2026-07-30
2026-07-30 23:00:00:   Accounts: act_598233003217290, act_1423425976190315, act_1281838446384778
2026-07-30 23:00:01:   Success! Geo totals:
2026-07-30 23:00:01:     LA County: $0.00 / $50000 (0.0%) — 0 leads
2026-07-30 23:00:01:     Orange County: $0.00 / $20000 (0.0%) — 0 leads
2026-07-30 23:00:01:     San Jose: $0.00 / $20000 (0.0%) — 0 leads
2026-07-30 23:00:01:     Green V2 (Outdoor): $0.00 / $10000 (0.0%) — 0 leads
2026-07-31 00:00:00: [CRON] Auto-refresh triggered
2026-07-31 00:00:00: [2026-07-30T22:00:00.673Z] Fetching data: 2026-07-01 to 2026-07-31
2026-07-31 00:00:00:   Accounts: act_598233003217290, act_1423425976190315, act_1281838446384778
2026-07-31 00:00:01:   Success! Geo totals:
2026-07-31 00:00:01:     LA County: $0.00 / $50000 (0.0%) — 0 leads
2026-07-31 00:00:01:     Orange County: $0.00 / $20000 (0.0%) — 0 leads
2026-07-31 00:00:01:     San Jose: $0.00 / $20000 (0.0%) — 0 leads
2026-07-31 00:00:01:     Green V2 (Outdoor): $0.00 / $10000 (0.0%) — 0 leads
2026-07-31 01:00:00: [CRON] Auto-refresh triggered
2026-07-31 01:00:00: [2026-07-30T23:00:00.407Z] Fetching data: 2026-07-01 to 2026-07-31
2026-07-31 01:00:00:   Accounts: act_598233003217290, act_1423425976190315, act_1281838446384778
2026-07-31 01:00:01:   Success! Geo totals:
2026-07-31 01:00:01:     LA County: $0.00 / $50000 (0.0%) — 0 leads
2026-07-31 01:00:01:     Orange County: $0.00 / $20000 (0.0%) — 0 leads
2026-07-31 01:00:01:     San Jose: $0.00 / $20000 (0.0%) — 0 leads
2026-07-31 01:00:01:     Green V2 (Outdoor): $0.00 / $10000 (0.0%) — 0 leads
2026-07-31 02:00:00: [CRON] Auto-refresh triggered
2026-07-31 02:00:00: [2026-07-31T00:00:00.395Z] Fetching data: 2026-07-01 to 2026-07-31
2026-07-31 02:00:00:   Accounts: act_598233003217290, act_1423425976190315, act_1281838446384778
2026-07-31 02:00:01:   Success! Geo totals:
2026-07-31 02:00:01:     LA County: $0.00 / $50000 (0.0%) — 0 leads
2026-07-31 02:00:01:     Orange County: $0.00 / $20000 (0.0%) — 0 leads
2026-07-31 02:00:01:     San Jose: $0.00 / $20000 (0.0%) — 0 leads
2026-07-31 02:00:01:     Green V2 (Outdoor): $0.00 / $10000 (0.0%) — 0 leads
2026-07-31 03:00:00: [CRON] Auto-refresh triggered
2026-07-31 03:00:00: [2026-07-31T01:00:00.966Z] Fetching data: 2026-07-01 to 2026-07-31
2026-07-31 03:00:00:   Accounts: act_598233003217290, act_1423425976190315, act_1281838446384778
2026-07-31 03:00:01:   Success! Geo totals:
2026-07-31 03:00:01:     LA County: $0.00 / $50000 (0.0%) — 0 leads
2026-07-31 03:00:01:     Orange County: $0.00 / $20000 (0.0%) — 0 leads
2026-07-31 03:00:01:     San Jose: $0.00 / $20000 (0.0%) — 0 leads
2026-07-31 03:00:01:     Green V2 (Outdoor): $0.00 / $10000 (0.0%) — 0 leads
2026-07-31 04:00:00: [CRON] Auto-refresh triggered
2026-07-31 04:00:00: [2026-07-31T02:00:00.622Z] Fetching data: 2026-07-01 to 2026-07-31
2026-07-31 04:00:00:   Accounts: act_598233003217290, act_1423425976190315, act_1281838446384778
2026-07-31 04:00:01:   Success! Geo totals:
2026-07-31 04:00:01:     LA County: $0.00 / $50000 (0.0%) — 0 leads
2026-07-31 04:00:01:     Orange County: $0.00 / $20000 (0.0%) — 0 leads
2026-07-31 04:00:01:     San Jose: $0.00 / $20000 (0.0%) — 0 leads
2026-07-31 04:00:01:     Green V2 (Outdoor): $0.00 / $10000 (0.0%) — 0 leads
2026-07-31 05:00:00: [CRON] Auto-refresh triggered
2026-07-31 05:00:00: [2026-07-31T03:00:00.360Z] Fetching data: 2026-07-01 to 2026-07-31
2026-07-31 05:00:00:   Accounts: act_598233003217290, act_1423425976190315, act_1281838446384778
2026-07-31 05:00:01:   Success! Geo totals:
2026-07-31 05:00:01:     LA County: $0.00 / $50000 (0.0%) — 0 leads
2026-07-31 05:00:01:     Orange County: $0.00 / $20000 (0.0%) — 0 leads
2026-07-31 05:00:01:     San Jose: $0.00 / $20000 (0.0%) — 0 leads
2026-07-31 05:00:01:     Green V2 (Outdoor): $0.00 / $10000 (0.0%) — 0 leads
2026-07-31 06:00:00: [CRON] Auto-refresh triggered
2026-07-31 06:00:00: [2026-07-31T04:00:00.089Z] Fetching data: 2026-07-01 to 2026-07-31
2026-07-31 06:00:00:   Accounts: act_598233003217290, act_1423425976190315, act_1281838446384778
2026-07-31 06:00:00:   Success! Geo totals:
2026-07-31 06:00:00:     LA County: $0.00 / $50000 (0.0%) — 0 leads
2026-07-31 06:00:00:     Orange County: $0.00 / $20000 (0.0%) — 0 leads
2026-07-31 06:00:00:     San Jose: $0.00 / $20000 (0.0%) — 0 leads
2026-07-31 06:00:00:     Green V2 (Outdoor): $0.00 / $10000 (0.0%) — 0 leads
2026-07-31 07:00:00: [CRON] Auto-refresh triggered
2026-07-31 07:00:00: [2026-07-31T05:00:00.110Z] Fetching data: 2026-07-01 to 2026-07-31
2026-07-31 07:00:00:   Accounts: act_598233003217290, act_1423425976190315, act_1281838446384778
2026-07-31 07:00:00:   Success! Geo totals:
2026-07-31 07:00:00:     LA County: $0.00 / $50000 (0.0%) — 0 leads
2026-07-31 07:00:00:     Orange County: $0.00 / $20000 (0.0%) — 0 leads
2026-07-31 07:00:00:     San Jose: $0.00 / $20000 (0.0%) — 0 leads
2026-07-31 07:00:00:     Green V2 (Outdoor): $0.00 / $10000 (0.0%) — 0 leads
2026-07-31 08:00:00: [CRON] Auto-refresh triggered
2026-07-31 08:00:00: [2026-07-31T06:00:00.912Z] Fetching data: 2026-07-01 to 2026-07-31
2026-07-31 08:00:00:   Accounts: act_598233003217290, act_1423425976190315, act_1281838446384778
2026-07-31 08:00:01:   Success! Geo totals:
2026-07-31 08:00:01:     LA County: $0.00 / $50000 (0.0%) — 0 leads
2026-07-31 08:00:01:     Orange County: $0.00 / $20000 (0.0%) — 0 leads
2026-07-31 08:00:01:     San Jose: $0.00 / $20000 (0.0%) — 0 leads
2026-07-31 08:00:01:     Green V2 (Outdoor): $0.00 / $10000 (0.0%) — 0 leads
2026-07-31 09:00:00: [CRON] Auto-refresh triggered
2026-07-31 09:00:00: [2026-07-31T07:00:00.658Z] Fetching data: 2026-07-01 to 2026-07-31
2026-07-31 09:00:00:   Accounts: act_598233003217290, act_1423425976190315, act_1281838446384778
2026-07-31 09:00:01:   Success! Geo totals:
2026-07-31 09:00:01:     LA County: $0.00 / $50000 (0.0%) — 0 leads
2026-07-31 09:00:01:     Orange County: $0.00 / $20000 (0.0%) — 0 leads
2026-07-31 09:00:01:     San Jose: $0.00 / $20000 (0.0%) — 0 leads
2026-07-31 09:00:01:     Green V2 (Outdoor): $0.00 / $10000 (0.0%) — 0 leads
2026-07-31 10:00:00: [CRON] Auto-refresh triggered
2026-07-31 10:00:00: [2026-07-31T08:00:00.547Z] Fetching data: 2026-07-01 to 2026-07-31
2026-07-31 10:00:00:   Accounts: act_598233003217290, act_1423425976190315, act_1281838446384778
2026-07-31 10:00:01:   Success! Geo totals:
2026-07-31 10:00:01:     LA County: $0.00 / $50000 (0.0%) — 0 leads
2026-07-31 10:00:01:     Orange County: $0.00 / $20000 (0.0%) — 0 leads
2026-07-31 10:00:01:     San Jose: $0.00 / $20000 (0.0%) — 0 leads
2026-07-31 10:00:01:     Green V2 (Outdoor): $0.00 / $10000 (0.0%) — 0 leads
2026-07-31 11:00:00: [CRON] Auto-refresh triggered
2026-07-31 11:00:00: [2026-07-31T09:00:00.543Z] Fetching data: 2026-07-01 to 2026-07-31
2026-07-31 11:00:00:   Accounts: act_598233003217290, act_1423425976190315, act_1281838446384778
2026-07-31 11:00:01:   Success! Geo totals:
2026-07-31 11:00:01:     LA County: $0.00 / $50000 (0.0%) — 0 leads
2026-07-31 11:00:01:     Orange County: $0.00 / $20000 (0.0%) — 0 leads
2026-07-31 11:00:01:     San Jose: $0.00 / $20000 (0.0%) — 0 leads
2026-07-31 11:00:01:     Green V2 (Outdoor): $0.00 / $10000 (0.0%) — 0 leads
2026-07-31 12:00:00: [CRON] Auto-refresh triggered
2026-07-31 12:00:00: [2026-07-31T10:00:00.666Z] Fetching data: 2026-07-01 to 2026-07-31
2026-07-31 12:00:00:   Accounts: act_598233003217290, act_1423425976190315, act_1281838446384778
2026-07-31 12:00:01:   Success! Geo totals:
2026-07-31 12:00:01:     LA County: $0.00 / $50000 (0.0%) — 0 leads
2026-07-31 12:00:01:     Orange County: $0.00 / $20000 (0.0%) — 0 leads
2026-07-31 12:00:01:     San Jose: $0.00 / $20000 (0.0%) — 0 leads
2026-07-31 12:00:01:     Green V2 (Outdoor): $0.00 / $10000 (0.0%) — 0 leads
2026-07-31 13:00:00: [CRON] Auto-refresh triggered
2026-07-31 13:00:00: [2026-07-31T11:00:00.751Z] Fetching data: 2026-07-01 to 2026-07-31
2026-07-31 13:00:00:   Accounts: act_598233003217290, act_1423425976190315, act_1281838446384778
2026-07-31 13:00:01:   Success! Geo totals:
2026-07-31 13:00:01:     LA County: $0.00 / $50000 (0.0%) — 0 leads
2026-07-31 13:00:01:     Orange County: $0.00 / $20000 (0.0%) — 0 leads
2026-07-31 13:00:01:     San Jose: $0.00 / $20000 (0.0%) — 0 leads
2026-07-31 13:00:01:     Green V2 (Outdoor): $0.00 / $10000 (0.0%) — 0 leads
2026-07-31 14:00:00: [CRON] Auto-refresh triggered
2026-07-31 14:00:00: [2026-07-31T12:00:00.604Z] Fetching data: 2026-07-01 to 2026-07-31
2026-07-31 14:00:00:   Accounts: act_598233003217290, act_1423425976190315, act_1281838446384778
2026-07-31 14:00:01:   Success! Geo totals:
2026-07-31 14:00:01:     LA County: $0.00 / $50000 (0.0%) — 0 leads
2026-07-31 14:00:01:     Orange County: $0.00 / $20000 (0.0%) — 0 leads
2026-07-31 14:00:01:     San Jose: $0.00 / $20000 (0.0%) — 0 leads
2026-07-31 14:00:01:     Green V2 (Outdoor): $0.00 / $10000 (0.0%) — 0 leads
2026-07-31 15:00:00: [CRON] Auto-refresh triggered
2026-07-31 15:00:00: [2026-07-31T13:00:00.615Z] Fetching data: 2026-07-01 to 2026-07-31
2026-07-31 15:00:00:   Accounts: act_598233003217290, act_1423425976190315, act_1281838446384778
2026-07-31 15:00:01:   Success! Geo totals:
2026-07-31 15:00:01:     LA County: $0.00 / $50000 (0.0%) — 0 leads
2026-07-31 15:00:01:     Orange County: $0.00 / $20000 (0.0%) — 0 leads
2026-07-31 15:00:01:     San Jose: $0.00 / $20000 (0.0%) — 0 leads
2026-07-31 15:00:01:     Green V2 (Outdoor): $0.00 / $10000 (0.0%) — 0 leads
2026-07-31 16:00:00: [CRON] Auto-refresh triggered
2026-07-31 16:00:00: [2026-07-31T14:00:00.530Z] Fetching data: 2026-07-01 to 2026-07-31
2026-07-31 16:00:00:   Accounts: act_598233003217290, act_1423425976190315, act_1281838446384778
2026-07-31 16:00:01:   Success! Geo totals:
2026-07-31 16:00:01:     LA County: $0.00 / $50000 (0.0%) — 0 leads
2026-07-31 16:00:01:     Orange County: $0.00 / $20000 (0.0%) — 0 leads
2026-07-31 16:00:01:     San Jose: $0.00 / $20000 (0.0%) — 0 leads
2026-07-31 16:00:01:     Green V2 (Outdoor): $0.00 / $10000 (0.0%) — 0 leads
2026-07-31 17:00:00: [CRON] Auto-refresh triggered
2026-07-31 17:00:00: [2026-07-31T15:00:00.712Z] Fetching data: 2026-07-01 to 2026-07-31
2026-07-31 17:00:00:   Accounts: act_598233003217290, act_1423425976190315, act_1281838446384778
2026-07-31 17:00:01:   Success! Geo totals:
2026-07-31 17:00:01:     LA County: $0.00 / $50000 (0.0%) — 0 leads
2026-07-31 17:00:01:     Orange County: $0.00 / $20000 (0.0%) — 0 leads
2026-07-31 17:00:01:     San Jose: $0.00 / $20000 (0.0%) — 0 leads
2026-07-31 17:00:01:     Green V2 (Outdoor): $0.00 / $10000 (0.0%) — 0 leads
2026-07-31 18:00:00: [CRON] Auto-refresh triggered
2026-07-31 18:00:00: [2026-07-31T16:00:00.553Z] Fetching data: 2026-07-01 to 2026-07-31
2026-07-31 18:00:00:   Accounts: act_598233003217290, act_1423425976190315, act_1281838446384778
2026-07-31 18:00:01:   Success! Geo totals:
2026-07-31 18:00:01:     LA County: $0.00 / $50000 (0.0%) — 0 leads
2026-07-31 18:00:01:     Orange County: $0.00 / $20000 (0.0%) — 0 leads
2026-07-31 18:00:01:     San Jose: $0.00 / $20000 (0.0%) — 0 leads
2026-07-31 18:00:01:     Green V2 (Outdoor): $0.00 / $10000 (0.0%) — 0 leads
2026-07-31 19:00:00: [CRON] Auto-refresh triggered
2026-07-31 19:00:00: [2026-07-31T17:00:00.640Z] Fetching data: 2026-07-01 to 2026-07-31
2026-07-31 19:00:00:   Accounts: act_598233003217290, act_1423425976190315, act_1281838446384778
2026-07-31 19:00:00:   Success! Geo totals:
2026-07-31 19:00:00:     LA County: $0.00 / $50000 (0.0%) — 0 leads
2026-07-31 19:00:00:     Orange County: $0.00 / $20000 (0.0%) — 0 leads
2026-07-31 19:00:00:     San Jose: $0.00 / $20000 (0.0%) — 0 leads
2026-07-31 19:00:00:     Green V2 (Outdoor): $0.00 / $10000 (0.0%) — 0 leads
2026-07-31 20:00:00: [CRON] Auto-refresh triggered
2026-07-31 20:00:00: [2026-07-31T18:00:00.437Z] Fetching data: 2026-07-01 to 2026-07-31
2026-07-31 20:00:00:   Accounts: act_598233003217290, act_1423425976190315, act_1281838446384778
2026-07-31 20:00:01:   Success! Geo totals:
2026-07-31 20:00:01:     LA County: $0.00 / $50000 (0.0%) — 0 leads
2026-07-31 20:00:01:     Orange County: $0.00 / $20000 (0.0%) — 0 leads
2026-07-31 20:00:01:     San Jose: $0.00 / $20000 (0.0%) — 0 leads
2026-07-31 20:00:01:     Green V2 (Outdoor): $0.00 / $10000 (0.0%) — 0 leads
2026-07-31 21:00:00: [CRON] Auto-refresh triggered
2026-07-31 21:00:00: [2026-07-31T19:00:00.281Z] Fetching data: 2026-07-01 to 2026-07-31
2026-07-31 21:00:00:   Accounts: act_598233003217290, act_1423425976190315, act_1281838446384778
2026-07-31 21:00:00:   Success! Geo totals:
2026-07-31 21:00:00:     LA County: $0.00 / $50000 (0.0%) — 0 leads
2026-07-31 21:00:00:     Orange County: $0.00 / $20000 (0.0%) — 0 leads
2026-07-31 21:00:00:     San Jose: $0.00 / $20000 (0.0%) — 0 leads
2026-07-31 21:00:00:     Green V2 (Outdoor): $0.00 / $10000 (0.0%) — 0 leads
2026-07-31 22:00:00: [CRON] Auto-refresh triggered
2026-07-31 22:00:00: [2026-07-31T20:00:00.173Z] Fetching data: 2026-07-01 to 2026-07-31
2026-07-31 22:00:00:   Accounts: act_598233003217290, act_1423425976190315, act_1281838446384778
2026-07-31 22:00:00:   Success! Geo totals:
2026-07-31 22:00:00:     LA County: $0.00 / $50000 (0.0%) — 0 leads
2026-07-31 22:00:00:     Orange County: $0.00 / $20000 (0.0%) — 0 leads
2026-07-31 22:00:00:     San Jose: $0.00 / $20000 (0.0%) — 0 leads
2026-07-31 22:00:00:     Green V2 (Outdoor): $0.00 / $10000 (0.0%) — 0 leads
2026-07-31 23:00:00: [CRON] Auto-refresh triggered
2026-07-31 23:00:00: [2026-07-31T21:00:00.894Z] Fetching data: 2026-07-01 to 2026-07-31
2026-07-31 23:00:00:   Accounts: act_598233003217290, act_1423425976190315, act_1281838446384778
2026-07-31 23:00:01:   Success! Geo totals:
2026-07-31 23:00:01:     LA County: $0.00 / $50000 (0.0%) — 0 leads
2026-07-31 23:00:01:     Orange County: $0.00 / $20000 (0.0%) — 0 leads
2026-07-31 23:00:01:     San Jose: $0.00 / $20000 (0.0%) — 0 leads
2026-07-31 23:00:01:     Green V2 (Outdoor): $0.00 / $10000 (0.0%) — 0 leads
2026-08-01 00:00:00: [CRON] Auto-refresh triggered
2026-08-01 00:00:00: [2026-07-31T22:00:00.819Z] Fetching data: 2026-08-01 to 2026-08-01
2026-08-01 00:00:00:   Accounts: act_598233003217290, act_1423425976190315, act_1281838446384778
2026-08-01 00:00:01:   Success! Geo totals:
2026-08-01 00:00:01:     LA County: $0.00 / $50000 (0.0%) — 0 leads
2026-08-01 00:00:01:     Orange County: $0.00 / $20000 (0.0%) — 0 leads
2026-08-01 00:00:01:     San Jose: $0.00 / $20000 (0.0%) — 0 leads
2026-08-01 00:00:01:     Green V2 (Outdoor): $0.00 / $10000 (0.0%) — 0 leads
2026-08-01 01:00:00: [CRON] Auto-refresh triggered
2026-08-01 01:00:00: [2026-07-31T23:00:00.090Z] Fetching data: 2026-08-01 to 2026-08-01
2026-08-01 01:00:00:   Accounts: act_598233003217290, act_1423425976190315, act_1281838446384778
2026-08-01 01:00:00:   Success! Geo totals:
2026-08-01 01:00:00:     LA County: $0.00 / $50000 (0.0%) — 0 leads
2026-08-01 01:00:00:     Orange County: $0.00 / $20000 (0.0%) — 0 leads
2026-08-01 01:00:00:     San Jose: $0.00 / $20000 (0.0%) — 0 leads
2026-08-01 01:00:00:     Green V2 (Outdoor): $0.00 / $10000 (0.0%) — 0 leads
2026-08-01 02:00:00: [CRON] Auto-refresh triggered
2026-08-01 02:00:00: [2026-08-01T00:00:00.861Z] Fetching data: 2026-08-01 to 2026-08-01
2026-08-01 02:00:00:   Accounts: act_598233003217290, act_1423425976190315, act_1281838446384778
2026-08-01 02:00:01:   Success! Geo totals:
2026-08-01 02:00:01:     LA County: $0.00 / $50000 (0.0%) — 0 leads
2026-08-01 02:00:01:     Orange County: $0.00 / $20000 (0.0%) — 0 leads
2026-08-01 02:00:01:     San Jose: $0.00 / $20000 (0.0%) — 0 leads
2026-08-01 02:00:01:     Green V2 (Outdoor): $0.00 / $10000 (0.0%) — 0 leads
2026-08-01 03:00:00: [CRON] Auto-refresh triggered
2026-08-01 03:00:00: [2026-08-01T01:00:00.731Z] Fetching data: 2026-08-01 to 2026-08-01
2026-08-01 03:00:00:   Accounts: act_598233003217290, act_1423425976190315, act_1281838446384778
2026-08-01 03:00:01:   Success! Geo totals:
2026-08-01 03:00:01:     LA County: $0.00 / $50000 (0.0%) — 0 leads
2026-08-01 03:00:01:     Orange County: $0.00 / $20000 (0.0%) — 0 leads
2026-08-01 03:00:01:     San Jose: $0.00 / $20000 (0.0%) — 0 leads
2026-08-01 03:00:01:     Green V2 (Outdoor): $0.00 / $10000 (0.0%) — 0 leads
2026-08-01 04:00:00: [CRON] Auto-refresh triggered
2026-08-01 04:00:00: [2026-08-01T02:00:00.437Z] Fetching data: 2026-08-01 to 2026-08-01
2026-08-01 04:00:00:   Accounts: act_598233003217290, act_1423425976190315, act_1281838446384778
2026-08-01 04:00:01:   Success! Geo totals:
2026-08-01 04:00:01:     LA County: $0.00 / $50000 (0.0%) — 0 leads
2026-08-01 04:00:01:     Orange County: $0.00 / $20000 (0.0%) — 0 leads
2026-08-01 04:00:01:     San Jose: $0.00 / $20000 (0.0%) — 0 leads
2026-08-01 04:00:01:     Green V2 (Outdoor): $0.00 / $10000 (0.0%) — 0 leads
2026-08-01 05:00:00: [CRON] Auto-refresh triggered
2026-08-01 05:00:00: [2026-08-01T03:00:00.482Z] Fetching data: 2026-08-01 to 2026-08-01
2026-08-01 05:00:00:   Accounts: act_598233003217290, act_1423425976190315, act_1281838446384778
2026-08-01 05:00:01:   Success! Geo totals:
2026-08-01 05:00:01:     LA County: $0.00 / $50000 (0.0%) — 0 leads
2026-08-01 05:00:01:     Orange County: $0.00 / $20000 (0.0%) — 0 leads
2026-08-01 05:00:01:     San Jose: $0.00 / $20000 (0.0%) — 0 leads
2026-08-01 05:00:01:     Green V2 (Outdoor): $0.00 / $10000 (0.0%) — 0 leads
2026-08-01 06:00:00: [CRON] Auto-refresh triggered
2026-08-01 06:00:00: [2026-08-01T04:00:00.373Z] Fetching data: 2026-08-01 to 2026-08-01
2026-08-01 06:00:00:   Accounts: act_598233003217290, act_1423425976190315, act_1281838446384778
2026-08-01 06:00:00:   Success! Geo totals:
2026-08-01 06:00:00:     LA County: $0.00 / $50000 (0.0%) — 0 leads
2026-08-01 06:00:00:     Orange County: $0.00 / $20000 (0.0%) — 0 leads
2026-08-01 06:00:00:     San Jose: $0.00 / $20000 (0.0%) — 0 leads
2026-08-01 06:00:00:     Green V2 (Outdoor): $0.00 / $10000 (0.0%) — 0 leads
2026-08-01 07:00:00: [CRON] Auto-refresh triggered
2026-08-01 07:00:00: [2026-08-01T05:00:00.304Z] Fetching data: 2026-08-01 to 2026-08-01
2026-08-01 07:00:00:   Accounts: act_598233003217290, act_1423425976190315, act_1281838446384778
2026-08-01 07:00:00:   Success! Geo totals:
2026-08-01 07:00:00:     LA County: $0.00 / $50000 (0.0%) — 0 leads
2026-08-01 07:00:00:     Orange County: $0.00 / $20000 (0.0%) — 0 leads
2026-08-01 07:00:00:     San Jose: $0.00 / $20000 (0.0%) — 0 leads
2026-08-01 07:00:00:     Green V2 (Outdoor): $0.00 / $10000 (0.0%) — 0 leads
2026-08-01 08:00:00: [CRON] Auto-refresh triggered
2026-08-01 08:00:00: [2026-08-01T06:00:00.148Z] Fetching data: 2026-08-01 to 2026-08-01
2026-08-01 08:00:00:   Accounts: act_598233003217290, act_1423425976190315, act_1281838446384778
2026-08-01 08:00:00:   Success! Geo totals:
2026-08-01 08:00:00:     LA County: $0.00 / $50000 (0.0%) — 0 leads
2026-08-01 08:00:00:     Orange County: $0.00 / $20000 (0.0%) — 0 leads
2026-08-01 08:00:00:     San Jose: $0.00 / $20000 (0.0%) — 0 leads
2026-08-01 08:00:00:     Green V2 (Outdoor): $0.00 / $10000 (0.0%) — 0 leads
2026-08-01 09:00:00: [CRON] Auto-refresh triggered
2026-08-01 09:00:00: [2026-08-01T07:00:00.064Z] Fetching data: 2026-08-01 to 2026-08-01
2026-08-01 09:00:00:   Accounts: act_598233003217290, act_1423425976190315, act_1281838446384778
2026-08-01 09:00:00:   Success! Geo totals:
2026-08-01 09:00:00:     LA County: $0.00 / $50000 (0.0%) — 0 leads
2026-08-01 09:00:00:     Orange County: $0.00 / $20000 (0.0%) — 0 leads
2026-08-01 09:00:00:     San Jose: $0.00 / $20000 (0.0%) — 0 leads
2026-08-01 09:00:00:     Green V2 (Outdoor): $0.00 / $10000 (0.0%) — 0 leads
2026-08-01 10:00:00: [CRON] Auto-refresh triggered
2026-08-01 10:00:00: [2026-08-01T08:00:00.089Z] Fetching data: 2026-08-01 to 2026-08-01
2026-08-01 10:00:00:   Accounts: act_598233003217290, act_1423425976190315, act_1281838446384778
2026-08-01 10:00:00:   Success! Geo totals:
2026-08-01 10:00:00:     LA County: $0.00 / $50000 (0.0%) — 0 leads
2026-08-01 10:00:00:     Orange County: $0.00 / $20000 (0.0%) — 0 leads
2026-08-01 10:00:00:     San Jose: $0.00 / $20000 (0.0%) — 0 leads
2026-08-01 10:00:00:     Green V2 (Outdoor): $0.00 / $10000 (0.0%) — 0 leads
2026-08-01 11:00:00: [CRON] Auto-refresh triggered
2026-08-01 11:00:00: [2026-08-01T09:00:00.553Z] Fetching data: 2026-08-01 to 2026-08-01
2026-08-01 11:00:00:   Accounts: act_598233003217290, act_1423425976190315, act_1281838446384778
2026-08-01 11:00:00:   Success! Geo totals:
2026-08-01 11:00:00:     LA County: $0.00 / $50000 (0.0%) — 0 leads
2026-08-01 11:00:00:     Orange County: $0.00 / $20000 (0.0%) — 0 leads
2026-08-01 11:00:00:     San Jose: $0.00 / $20000 (0.0%) — 0 leads
2026-08-01 11:00:00:     Green V2 (Outdoor): $0.00 / $10000 (0.0%) — 0 leads
2026-08-01 12:00:00: [CRON] Auto-refresh triggered
2026-08-01 12:00:00: [2026-08-01T10:00:00.310Z] Fetching data: 2026-08-01 to 2026-08-01
2026-08-01 12:00:00:   Accounts: act_598233003217290, act_1423425976190315, act_1281838446384778
2026-08-01 12:00:00:   Success! Geo totals:
2026-08-01 12:00:00:     LA County: $0.00 / $50000 (0.0%) — 0 leads
2026-08-01 12:00:00:     Orange County: $0.00 / $20000 (0.0%) — 0 leads
2026-08-01 12:00:00:     San Jose: $0.00 / $20000 (0.0%) — 0 leads
2026-08-01 12:00:00:     Green V2 (Outdoor): $0.00 / $10000 (0.0%) — 0 leads
2026-08-01 13:00:00: [CRON] Auto-refresh triggered
2026-08-01 13:00:00: [2026-08-01T11:00:00.416Z] Fetching data: 2026-08-01 to 2026-08-01
2026-08-01 13:00:00:   Accounts: act_598233003217290, act_1423425976190315, act_1281838446384778
2026-08-01 13:00:01:   Success! Geo totals:
2026-08-01 13:00:01:     LA County: $0.00 / $50000 (0.0%) — 0 leads
2026-08-01 13:00:01:     Orange County: $0.00 / $20000 (0.0%) — 0 leads
2026-08-01 13:00:01:     San Jose: $0.00 / $20000 (0.0%) — 0 leads
2026-08-01 13:00:01:     Green V2 (Outdoor): $0.00 / $10000 (0.0%) — 0 leads
2026-08-01 14:00:00: [CRON] Auto-refresh triggered
2026-08-01 14:00:00: [2026-08-01T12:00:00.652Z] Fetching data: 2026-08-01 to 2026-08-01
2026-08-01 14:00:00:   Accounts: act_598233003217290, act_1423425976190315, act_1281838446384778
2026-08-01 14:00:01:   Success! Geo totals:
2026-08-01 14:00:01:     LA County: $0.00 / $50000 (0.0%) — 0 leads
2026-08-01 14:00:01:     Orange County: $0.00 / $20000 (0.0%) — 0 leads
2026-08-01 14:00:01:     San Jose: $0.00 / $20000 (0.0%) — 0 leads
2026-08-01 14:00:01:     Green V2 (Outdoor): $0.00 / $10000 (0.0%) — 0 leads
2026-08-01 15:00:00: [CRON] Auto-refresh triggered
2026-08-01 15:00:00: [2026-08-01T13:00:00.073Z] Fetching data: 2026-08-01 to 2026-08-01
2026-08-01 15:00:00:   Accounts: act_598233003217290, act_1423425976190315, act_1281838446384778
2026-08-01 15:00:00:   Success! Geo totals:
2026-08-01 15:00:00:     LA County: $0.00 / $50000 (0.0%) — 0 leads
2026-08-01 15:00:00:     Orange County: $0.00 / $20000 (0.0%) — 0 leads
2026-08-01 15:00:00:     San Jose: $0.00 / $20000 (0.0%) — 0 leads
2026-08-01 15:00:00:     Green V2 (Outdoor): $0.00 / $10000 (0.0%) — 0 leads
2026-08-01 16:00:00: [CRON] Auto-refresh triggered
2026-08-01 16:00:00: [2026-08-01T14:00:00.416Z] Fetching data: 2026-08-01 to 2026-08-01
2026-08-01 16:00:00:   Accounts: act_598233003217290, act_1423425976190315, act_1281838446384778
2026-08-01 16:00:01:   Success! Geo totals:
2026-08-01 16:00:01:     LA County: $0.00 / $50000 (0.0%) — 0 leads
2026-08-01 16:00:01:     Orange County: $0.00 / $20000 (0.0%) — 0 leads
2026-08-01 16:00:01:     San Jose: $0.00 / $20000 (0.0%) — 0 leads
2026-08-01 16:00:01:     Green V2 (Outdoor): $0.00 / $10000 (0.0%) — 0 leads
2026-08-01 17:00:00: [CRON] Auto-refresh triggered
2026-08-01 17:00:00: [2026-08-01T15:00:00.039Z] Fetching data: 2026-08-01 to 2026-08-01
2026-08-01 17:00:00:   Accounts: act_598233003217290, act_1423425976190315, act_1281838446384778
2026-08-01 17:00:00:   Success! Geo totals:
2026-08-01 17:00:00:     LA County: $0.00 / $50000 (0.0%) — 0 leads
2026-08-01 17:00:00:     Orange County: $0.00 / $20000 (0.0%) — 0 leads
2026-08-01 17:00:00:     San Jose: $0.00 / $20000 (0.0%) — 0 leads
2026-08-01 17:00:00:     Green V2 (Outdoor): $0.00 / $10000 (0.0%) — 0 leads
2026-08-01 18:00:00: [CRON] Auto-refresh triggered
2026-08-01 18:00:00: [2026-08-01T16:00:00.808Z] Fetching data: 2026-08-01 to 2026-08-01
2026-08-01 18:00:00:   Accounts: act_598233003217290, act_1423425976190315, act_1281838446384778
2026-08-01 18:00:01:   Success! Geo totals:
2026-08-01 18:00:01:     LA County: $0.00 / $50000 (0.0%) — 0 leads
2026-08-01 18:00:01:     Orange County: $0.00 / $20000 (0.0%) — 0 leads
2026-08-01 18:00:01:     San Jose: $0.00 / $20000 (0.0%) — 0 leads
2026-08-01 18:00:01:     Green V2 (Outdoor): $0.00 / $10000 (0.0%) — 0 leads
2026-08-01 19:00:00: [CRON] Auto-refresh triggered
2026-08-01 19:00:00: [2026-08-01T17:00:00.458Z] Fetching data: 2026-08-01 to 2026-08-01
2026-08-01 19:00:00:   Accounts: act_598233003217290, act_1423425976190315, act_1281838446384778
2026-08-01 19:00:00:   Success! Geo totals:
2026-08-01 19:00:00:     LA County: $0.00 / $50000 (0.0%) — 0 leads
2026-08-01 19:00:00:     Orange County: $0.00 / $20000 (0.0%) — 0 leads
2026-08-01 19:00:00:     San Jose: $0.00 / $20000 (0.0%) — 0 leads
2026-08-01 19:00:00:     Green V2 (Outdoor): $0.00 / $10000 (0.0%) — 0 leads
2026-08-01 20:00:00: [CRON] Auto-refresh triggered
2026-08-01 20:00:00: [2026-08-01T18:00:00.540Z] Fetching data: 2026-08-01 to 2026-08-01
2026-08-01 20:00:00:   Accounts: act_598233003217290, act_1423425976190315, act_1281838446384778
2026-08-01 20:00:01:   Success! Geo totals:
2026-08-01 20:00:01:     LA County: $0.00 / $50000 (0.0%) — 0 leads
2026-08-01 20:00:01:     Orange County: $0.00 / $20000 (0.0%) — 0 leads
2026-08-01 20:00:01:     San Jose: $0.00 / $20000 (0.0%) — 0 leads
2026-08-01 20:00:01:     Green V2 (Outdoor): $0.00 / $10000 (0.0%) — 0 leads
2026-08-01 21:00:00: [CRON] Auto-refresh triggered
2026-08-01 21:00:00: [2026-08-01T19:00:00.870Z] Fetching data: 2026-08-01 to 2026-08-01
2026-08-01 21:00:00:   Accounts: act_598233003217290, act_1423425976190315, act_1281838446384778
2026-08-01 21:00:01:   Success! Geo totals:
2026-08-01 21:00:01:     LA County: $0.00 / $50000 (0.0%) — 0 leads
2026-08-01 21:00:01:     Orange County: $0.00 / $20000 (0.0%) — 0 leads
2026-08-01 21:00:01:     San Jose: $0.00 / $20000 (0.0%) — 0 leads
2026-08-01 21:00:01:     Green V2 (Outdoor): $0.00 / $10000 (0.0%) — 0 leads
2026-08-01 22:00:00: [CRON] Auto-refresh triggered
2026-08-01 22:00:00: [2026-08-01T20:00:00.946Z] Fetching data: 2026-08-01 to 2026-08-01
2026-08-01 22:00:00:   Accounts: act_598233003217290, act_1423425976190315, act_1281838446384778
2026-08-01 22:00:01:   Success! Geo totals:
2026-08-01 22:00:01:     LA County: $0.00 / $50000 (0.0%) — 0 leads
2026-08-01 22:00:01:     Orange County: $0.00 / $20000 (0.0%) — 0 leads
2026-08-01 22:00:01:     San Jose: $0.00 / $20000 (0.0%) — 0 leads
2026-08-01 22:00:01:     Green V2 (Outdoor): $0.00 / $10000 (0.0%) — 0 leads
2026-08-01 23:00:00: [CRON] Auto-refresh triggered
2026-08-01 23:00:00: [2026-08-01T21:00:00.187Z] Fetching data: 2026-08-01 to 2026-08-01
2026-08-01 23:00:00:   Accounts: act_598233003217290, act_1423425976190315, act_1281838446384778
2026-08-01 23:00:00:   Success! Geo totals:
2026-08-01 23:00:00:     LA County: $0.00 / $50000 (0.0%) — 0 leads
2026-08-01 23:00:00:     Orange County: $0.00 / $20000 (0.0%) — 0 leads
2026-08-01 23:00:00:     San Jose: $0.00 / $20000 (0.0%) — 0 leads
2026-08-01 23:00:00:     Green V2 (Outdoor): $0.00 / $10000 (0.0%) — 0 leads
2026-08-02 00:00:00: [CRON] Auto-refresh triggered
2026-08-02 00:00:00: [2026-08-01T22:00:00.698Z] Fetching data: 2026-08-01 to 2026-08-02
2026-08-02 00:00:00:   Accounts: act_598233003217290, act_1423425976190315, act_1281838446384778
2026-08-02 00:00:01:   Success! Geo totals:
2026-08-02 00:00:01:     LA County: $0.00 / $50000 (0.0%) — 0 leads
2026-08-02 00:00:01:     Orange County: $0.00 / $20000 (0.0%) — 0 leads
2026-08-02 00:00:01:     San Jose: $0.00 / $20000 (0.0%) — 0 leads
2026-08-02 00:00:01:     Green V2 (Outdoor): $0.00 / $10000 (0.0%) — 0 leads
2026-08-02 01:00:00: [CRON] Auto-refresh triggered
2026-08-02 01:00:00: [2026-08-01T23:00:00.222Z] Fetching data: 2026-08-01 to 2026-08-02
2026-08-02 01:00:00:   Accounts: act_598233003217290, act_1423425976190315, act_1281838446384778
2026-08-02 01:00:00:   Success! Geo totals:
2026-08-02 01:00:00:     LA County: $0.00 / $50000 (0.0%) — 0 leads
2026-08-02 01:00:00:     Orange County: $0.00 / $20000 (0.0%) — 0 leads
2026-08-02 01:00:00:     San Jose: $0.00 / $20000 (0.0%) — 0 leads
2026-08-02 01:00:00:     Green V2 (Outdoor): $0.00 / $10000 (0.0%) — 0 leads
2026-08-02 02:00:00: [CRON] Auto-refresh triggered
2026-08-02 02:00:00: [2026-08-02T00:00:00.445Z] Fetching data: 2026-08-01 to 2026-08-02
2026-08-02 02:00:00:   Accounts: act_598233003217290, act_1423425976190315, act_1281838446384778
2026-08-02 02:00:01:   Success! Geo totals:
2026-08-02 02:00:01:     LA County: $0.00 / $50000 (0.0%) — 0 leads
2026-08-02 02:00:01:     Orange County: $0.00 / $20000 (0.0%) — 0 leads
2026-08-02 02:00:01:     San Jose: $0.00 / $20000 (0.0%) — 0 leads
2026-08-02 02:00:01:     Green V2 (Outdoor): $0.00 / $10000 (0.0%) — 0 leads
2026-08-02 03:00:00: [CRON] Auto-refresh triggered
2026-08-02 03:00:00: [2026-08-02T01:00:00.687Z] Fetching data: 2026-08-01 to 2026-08-02
2026-08-02 03:00:00:   Accounts: act_598233003217290, act_1423425976190315, act_1281838446384778
2026-08-02 03:00:01:   Success! Geo totals:
2026-08-02 03:00:01:     LA County: $0.00 / $50000 (0.0%) — 0 leads
2026-08-02 03:00:01:     Orange County: $0.00 / $20000 (0.0%) — 0 leads
2026-08-02 03:00:01:     San Jose: $0.00 / $20000 (0.0%) — 0 leads
2026-08-02 03:00:01:     Green V2 (Outdoor): $0.00 / $10000 (0.0%) — 0 leads
2026-08-02 04:00:00: [CRON] Auto-refresh triggered
2026-08-02 04:00:00: [2026-08-02T02:00:00.834Z] Fetching data: 2026-08-01 to 2026-08-02
2026-08-02 04:00:00:   Accounts: act_598233003217290, act_1423425976190315, act_1281838446384778
2026-08-02 04:00:01:   Success! Geo totals:
2026-08-02 04:00:01:     LA County: $0.00 / $50000 (0.0%) — 0 leads
2026-08-02 04:00:01:     Orange County: $0.00 / $20000 (0.0%) — 0 leads
2026-08-02 04:00:01:     San Jose: $0.00 / $20000 (0.0%) — 0 leads
2026-08-02 04:00:01:     Green V2 (Outdoor): $0.00 / $10000 (0.0%) — 0 leads
2026-08-02 05:00:00: [CRON] Auto-refresh triggered
2026-08-02 05:00:00: [2026-08-02T03:00:00.422Z] Fetching data: 2026-08-01 to 2026-08-02
2026-08-02 05:00:00:   Accounts: act_598233003217290, act_1423425976190315, act_1281838446384778
2026-08-02 05:00:00:   Success! Geo totals:
2026-08-02 05:00:00:     LA County: $0.00 / $50000 (0.0%) — 0 leads
2026-08-02 05:00:00:     Orange County: $0.00 / $20000 (0.0%) — 0 leads
2026-08-02 05:00:00:     San Jose: $0.00 / $20000 (0.0%) — 0 leads
2026-08-02 05:00:00:     Green V2 (Outdoor): $0.00 / $10000 (0.0%) — 0 leads
2026-08-02 06:00:00: [CRON] Auto-refresh triggered
2026-08-02 06:00:00: [2026-08-02T04:00:00.081Z] Fetching data: 2026-08-01 to 2026-08-02
2026-08-02 06:00:00:   Accounts: act_598233003217290, act_1423425976190315, act_1281838446384778
2026-08-02 06:00:00:   Success! Geo totals:
2026-08-02 06:00:00:     LA County: $0.00 / $50000 (0.0%) — 0 leads
2026-08-02 06:00:00:     Orange County: $0.00 / $20000 (0.0%) — 0 leads
2026-08-02 06:00:00:     San Jose: $0.00 / $20000 (0.0%) — 0 leads
2026-08-02 06:00:00:     Green V2 (Outdoor): $0.00 / $10000 (0.0%) — 0 leads
2026-08-02 07:00:00: [CRON] Auto-refresh triggered
2026-08-02 07:00:00: [2026-08-02T05:00:00.159Z] Fetching data: 2026-08-01 to 2026-08-02
2026-08-02 07:00:00:   Accounts: act_598233003217290, act_1423425976190315, act_1281838446384778
2026-08-02 07:00:00:   Success! Geo totals:
2026-08-02 07:00:00:     LA County: $0.00 / $50000 (0.0%) — 0 leads
2026-08-02 07:00:00:     Orange County: $0.00 / $20000 (0.0%) — 0 leads
2026-08-02 07:00:00:     San Jose: $0.00 / $20000 (0.0%) — 0 leads
2026-08-02 07:00:00:     Green V2 (Outdoor): $0.00 / $10000 (0.0%) — 0 leads
2026-08-02 08:00:00: [CRON] Auto-refresh triggered
2026-08-02 08:00:00: [2026-08-02T06:00:00.674Z] Fetching data: 2026-08-01 to 2026-08-02
2026-08-02 08:00:00:   Accounts: act_598233003217290, act_1423425976190315, act_1281838446384778
2026-08-02 08:00:01:   Success! Geo totals:
2026-08-02 08:00:01:     LA County: $0.00 / $50000 (0.0%) — 0 leads
2026-08-02 08:00:01:     Orange County: $0.00 / $20000 (0.0%) — 0 leads
2026-08-02 08:00:01:     San Jose: $0.00 / $20000 (0.0%) — 0 leads
2026-08-02 08:00:01:     Green V2 (Outdoor): $0.00 / $10000 (0.0%) — 0 leads
2026-08-02 09:00:00: [CRON] Auto-refresh triggered
2026-08-02 09:00:00: [2026-08-02T07:00:00.906Z] Fetching data: 2026-08-01 to 2026-08-02
2026-08-02 09:00:00:   Accounts: act_598233003217290, act_1423425976190315, act_1281838446384778
2026-08-02 09:00:01:   Success! Geo totals:
2026-08-02 09:00:01:     LA County: $0.00 / $50000 (0.0%) — 0 leads
2026-08-02 09:00:01:     Orange County: $0.00 / $20000 (0.0%) — 0 leads
2026-08-02 09:00:01:     San Jose: $0.00 / $20000 (0.0%) — 0 leads
2026-08-02 09:00:01:     Green V2 (Outdoor): $0.00 / $10000 (0.0%) — 0 leads
2026-08-02 10:00:00: [CRON] Auto-refresh triggered
2026-08-02 10:00:00: [2026-08-02T08:00:00.174Z] Fetching data: 2026-08-01 to 2026-08-02
2026-08-02 10:00:00:   Accounts: act_598233003217290, act_1423425976190315, act_1281838446384778
2026-08-02 10:00:00:   Success! Geo totals:
2026-08-02 10:00:00:     LA County: $0.00 / $50000 (0.0%) — 0 leads
2026-08-02 10:00:00:     Orange County: $0.00 / $20000 (0.0%) — 0 leads
2026-08-02 10:00:00:     San Jose: $0.00 / $20000 (0.0%) — 0 leads
2026-08-02 10:00:00:     Green V2 (Outdoor): $0.00 / $10000 (0.0%) — 0 leads
2026-08-02 11:00:00: [CRON] Auto-refresh triggered
2026-08-02 11:00:00: [2026-08-02T09:00:00.324Z] Fetching data: 2026-08-01 to 2026-08-02
2026-08-02 11:00:00:   Accounts: act_598233003217290, act_1423425976190315, act_1281838446384778
2026-08-02 11:00:00:   Success! Geo totals:
2026-08-02 11:00:00:     LA County: $0.00 / $50000 (0.0%) — 0 leads
2026-08-02 11:00:00:     Orange County: $0.00 / $20000 (0.0%) — 0 leads
2026-08-02 11:00:00:     San Jose: $0.00 / $20000 (0.0%) — 0 leads
2026-08-02 11:00:00:     Green V2 (Outdoor): $0.00 / $10000 (0.0%) — 0 leads
2026-08-02 12:00:00: [CRON] Auto-refresh triggered
2026-08-02 12:00:00: [2026-08-02T10:00:00.342Z] Fetching data: 2026-08-01 to 2026-08-02
2026-08-02 12:00:00:   Accounts: act_598233003217290, act_1423425976190315, act_1281838446384778
2026-08-02 12:00:00:   Success! Geo totals:
2026-08-02 12:00:00:     LA County: $0.00 / $50000 (0.0%) — 0 leads
2026-08-02 12:00:00:     Orange County: $0.00 / $20000 (0.0%) — 0 leads
2026-08-02 12:00:00:     San Jose: $0.00 / $20000 (0.0%) — 0 leads
2026-08-02 12:00:00:     Green V2 (Outdoor): $0.00 / $10000 (0.0%) — 0 leads
2026-08-02 13:00:00: [CRON] Auto-refresh triggered
2026-08-02 13:00:00: [2026-08-02T11:00:00.580Z] Fetching data: 2026-08-01 to 2026-08-02
2026-08-02 13:00:00:   Accounts: act_598233003217290, act_1423425976190315, act_1281838446384778
2026-08-02 13:00:00:   Success! Geo totals:
2026-08-02 13:00:00:     LA County: $0.00 / $50000 (0.0%) — 0 leads
2026-08-02 13:00:00:     Orange County: $0.00 / $20000 (0.0%) — 0 leads
2026-08-02 13:00:00:     San Jose: $0.00 / $20000 (0.0%) — 0 leads
2026-08-02 13:00:00:     Green V2 (Outdoor): $0.00 / $10000 (0.0%) — 0 leads
2026-08-02 14:00:00: [CRON] Auto-refresh triggered
2026-08-02 14:00:00: [2026-08-02T12:00:00.690Z] Fetching data: 2026-08-01 to 2026-08-02
2026-08-02 14:00:00:   Accounts: act_598233003217290, act_1423425976190315, act_1281838446384778
2026-08-02 14:00:01:   Success! Geo totals:
2026-08-02 14:00:01:     LA County: $0.00 / $50000 (0.0%) — 0 leads
2026-08-02 14:00:01:     Orange County: $0.00 / $20000 (0.0%) — 0 leads
2026-08-02 14:00:01:     San Jose: $0.00 / $20000 (0.0%) — 0 leads
2026-08-02 14:00:01:     Green V2 (Outdoor): $0.00 / $10000 (0.0%) — 0 leads
2026-08-02 15:00:00: [CRON] Auto-refresh triggered
2026-08-02 15:00:00: [2026-08-02T13:00:00.182Z] Fetching data: 2026-08-01 to 2026-08-02
2026-08-02 15:00:00:   Accounts: act_598233003217290, act_1423425976190315, act_1281838446384778
2026-08-02 15:00:00:   Success! Geo totals:
2026-08-02 15:00:00:     LA County: $0.00 / $50000 (0.0%) — 0 leads
2026-08-02 15:00:00:     Orange County: $0.00 / $20000 (0.0%) — 0 leads
2026-08-02 15:00:00:     San Jose: $0.00 / $20000 (0.0%) — 0 leads
2026-08-02 15:00:00:     Green V2 (Outdoor): $0.00 / $10000 (0.0%) — 0 leads
2026-08-02 16:00:00: [CRON] Auto-refresh triggered
2026-08-02 16:00:00: [2026-08-02T14:00:00.527Z] Fetching data: 2026-08-01 to 2026-08-02
2026-08-02 16:00:00:   Accounts: act_598233003217290, act_1423425976190315, act_1281838446384778
2026-08-02 16:00:01:   Success! Geo totals:
2026-08-02 16:00:01:     LA County: $0.00 / $50000 (0.0%) — 0 leads
2026-08-02 16:00:01:     Orange County: $0.00 / $20000 (0.0%) — 0 leads
2026-08-02 16:00:01:     San Jose: $0.00 / $20000 (0.0%) — 0 leads
2026-08-02 16:00:01:     Green V2 (Outdoor): $0.00 / $10000 (0.0%) — 0 leads
2026-08-02 17:00:00: [CRON] Auto-refresh triggered
2026-08-02 17:00:00: [2026-08-02T15:00:00.008Z] Fetching data: 2026-08-01 to 2026-08-02
2026-08-02 17:00:00:   Accounts: act_598233003217290, act_1423425976190315, act_1281838446384778
2026-08-02 17:00:00:   Success! Geo totals:
2026-08-02 17:00:00:     LA County: $0.00 / $50000 (0.0%) — 0 leads
2026-08-02 17:00:00:     Orange County: $0.00 / $20000 (0.0%) — 0 leads
2026-08-02 17:00:00:     San Jose: $0.00 / $20000 (0.0%) — 0 leads
2026-08-02 17:00:00:     Green V2 (Outdoor): $0.00 / $10000 (0.0%) — 0 leads
2026-08-02 18:00:00: [CRON] Auto-refresh triggered
2026-08-02 18:00:00: [2026-08-02T16:00:00.351Z] Fetching data: 2026-08-01 to 2026-08-02
2026-08-02 18:00:00:   Accounts: act_598233003217290, act_1423425976190315, act_1281838446384778
2026-08-02 18:00:01:   Success! Geo totals:
2026-08-02 18:00:01:     LA County: $0.00 / $50000 (0.0%) — 0 leads
2026-08-02 18:00:01:     Orange County: $0.00 / $20000 (0.0%) — 0 leads
2026-08-02 18:00:01:     San Jose: $0.00 / $20000 (0.0%) — 0 leads
2026-08-02 18:00:01:     Green V2 (Outdoor): $0.00 / $10000 (0.0%) — 0 leads
2026-08-02 19:00:00: [CRON] Auto-refresh triggered
2026-08-02 19:00:00: [2026-08-02T17:00:00.697Z] Fetching data: 2026-08-01 to 2026-08-02
2026-08-02 19:00:00:   Accounts: act_598233003217290, act_1423425976190315, act_1281838446384778
2026-08-02 19:00:01:   Success! Geo totals:
2026-08-02 19:00:01:     LA County: $0.00 / $50000 (0.0%) — 0 leads
2026-08-02 19:00:01:     Orange County: $0.00 / $20000 (0.0%) — 0 leads
2026-08-02 19:00:01:     San Jose: $0.00 / $20000 (0.0%) — 0 leads
2026-08-02 19:00:01:     Green V2 (Outdoor): $0.00 / $10000 (0.0%) — 0 leads
2026-08-02 20:00:00: [CRON] Auto-refresh triggered
2026-08-02 20:00:00: [2026-08-02T18:00:00.413Z] Fetching data: 2026-08-01 to 2026-08-02
2026-08-02 20:00:00:   Accounts: act_598233003217290, act_1423425976190315, act_1281838446384778
2026-08-02 20:00:01:   Success! Geo totals:
2026-08-02 20:00:01:     LA County: $0.00 / $50000 (0.0%) — 0 leads
2026-08-02 20:00:01:     Orange County: $0.00 / $20000 (0.0%) — 0 leads
2026-08-02 20:00:01:     San Jose: $0.00 / $20000 (0.0%) — 0 leads
2026-08-02 20:00:01:     Green V2 (Outdoor): $0.00 / $10000 (0.0%) — 0 leads
2026-08-02 21:00:00: [CRON] Auto-refresh triggered
2026-08-02 21:00:00: [2026-08-02T19:00:00.465Z] Fetching data: 2026-08-01 to 2026-08-02
2026-08-02 21:00:00:   Accounts: act_598233003217290, act_1423425976190315, act_1281838446384778
2026-08-02 21:00:00:   Success! Geo totals:
2026-08-02 21:00:00:     LA County: $0.00 / $50000 (0.0%) — 0 leads
2026-08-02 21:00:00:     Orange County: $0.00 / $20000 (0.0%) — 0 leads
2026-08-02 21:00:00:     San Jose: $0.00 / $20000 (0.0%) — 0 leads
2026-08-02 21:00:00:     Green V2 (Outdoor): $0.00 / $10000 (0.0%) — 0 leads
2026-08-02 22:00:00: [CRON] Auto-refresh triggered
2026-08-02 22:00:00: [2026-08-02T20:00:00.733Z] Fetching data: 2026-08-01 to 2026-08-02
2026-08-02 22:00:00:   Accounts: act_598233003217290, act_1423425976190315, act_1281838446384778
2026-08-02 22:00:01:   Success! Geo totals:
2026-08-02 22:00:01:     LA County: $0.00 / $50000 (0.0%) — 0 leads
2026-08-02 22:00:01:     Orange County: $0.00 / $20000 (0.0%) — 0 leads
2026-08-02 22:00:01:     San Jose: $0.00 / $20000 (0.0%) — 0 leads
2026-08-02 22:00:01:     Green V2 (Outdoor): $0.00 / $10000 (0.0%) — 0 leads
2026-08-02 23:00:00: [CRON] Auto-refresh triggered
2026-08-02 23:00:00: [2026-08-02T21:00:00.896Z] Fetching data: 2026-08-01 to 2026-08-02
2026-08-02 23:00:00:   Accounts: act_598233003217290, act_1423425976190315, act_1281838446384778
2026-08-02 23:00:01:   Success! Geo totals:
2026-08-02 23:00:01:     LA County: $0.00 / $50000 (0.0%) — 0 leads
2026-08-02 23:00:01:     Orange County: $0.00 / $20000 (0.0%) — 0 leads
2026-08-02 23:00:01:     San Jose: $0.00 / $20000 (0.0%) — 0 leads
2026-08-02 23:00:01:     Green V2 (Outdoor): $0.00 / $10000 (0.0%) — 0 leads
2026-08-03 00:00:00: [CRON] Auto-refresh triggered
2026-08-03 00:00:00: [2026-08-02T22:00:00.117Z] Fetching data: 2026-08-01 to 2026-08-03
2026-08-03 00:00:00:   Accounts: act_598233003217290, act_1423425976190315, act_1281838446384778
2026-08-03 00:00:00:   Success! Geo totals:
2026-08-03 00:00:00:     LA County: $0.00 / $50000 (0.0%) — 0 leads
2026-08-03 00:00:00:     Orange County: $0.00 / $20000 (0.0%) — 0 leads
2026-08-03 00:00:00:     San Jose: $0.00 / $20000 (0.0%) — 0 leads
2026-08-03 00:00:00:     Green V2 (Outdoor): $0.00 / $10000 (0.0%) — 0 leads
2026-08-03 01:00:00: [CRON] Auto-refresh triggered
2026-08-03 01:00:00: [2026-08-02T23:00:00.458Z] Fetching data: 2026-08-01 to 2026-08-03
2026-08-03 01:00:00:   Accounts: act_598233003217290, act_1423425976190315, act_1281838446384778
2026-08-03 01:00:01:   Success! Geo totals:
2026-08-03 01:00:01:     LA County: $0.00 / $50000 (0.0%) — 0 leads
2026-08-03 01:00:01:     Orange County: $0.00 / $20000 (0.0%) — 0 leads
2026-08-03 01:00:01:     San Jose: $0.00 / $20000 (0.0%) — 0 leads
2026-08-03 01:00:01:     Green V2 (Outdoor): $0.00 / $10000 (0.0%) — 0 leads
2026-08-03 02:00:00: [CRON] Auto-refresh triggered
2026-08-03 02:00:00: [2026-08-03T00:00:00.655Z] Fetching data: 2026-08-01 to 2026-08-03
2026-08-03 02:00:00:   Accounts: act_598233003217290, act_1423425976190315, act_1281838446384778
2026-08-03 02:00:01:   Success! Geo totals:
2026-08-03 02:00:01:     LA County: $0.00 / $50000 (0.0%) — 0 leads
2026-08-03 02:00:01:     Orange County: $0.00 / $20000 (0.0%) — 0 leads
2026-08-03 02:00:01:     San Jose: $0.00 / $20000 (0.0%) — 0 leads
2026-08-03 02:00:01:     Green V2 (Outdoor): $0.00 / $10000 (0.0%) — 0 leads
2026-08-03 03:00:00: [CRON] Auto-refresh triggered
2026-08-03 03:00:00: [2026-08-03T01:00:00.050Z] Fetching data: 2026-08-01 to 2026-08-03
2026-08-03 03:00:00:   Accounts: act_598233003217290, act_1423425976190315, act_1281838446384778
2026-08-03 03:00:00:   Success! Geo totals:
2026-08-03 03:00:00:     LA County: $0.00 / $50000 (0.0%) — 0 leads
2026-08-03 03:00:00:     Orange County: $0.00 / $20000 (0.0%) — 0 leads
2026-08-03 03:00:00:     San Jose: $0.00 / $20000 (0.0%) — 0 leads
2026-08-03 03:00:00:     Green V2 (Outdoor): $0.00 / $10000 (0.0%) — 0 leads
2026-08-03 04:00:00: [CRON] Auto-refresh triggered
2026-08-03 04:00:00: [2026-08-03T02:00:00.809Z] Fetching data: 2026-08-01 to 2026-08-03
2026-08-03 04:00:00:   Accounts: act_598233003217290, act_1423425976190315, act_1281838446384778
2026-08-03 04:00:01:   Success! Geo totals:
2026-08-03 04:00:01:     LA County: $0.00 / $50000 (0.0%) — 0 leads
2026-08-03 04:00:01:     Orange County: $0.00 / $20000 (0.0%) — 0 leads
2026-08-03 04:00:01:     San Jose: $0.00 / $20000 (0.0%) — 0 leads
2026-08-03 04:00:01:     Green V2 (Outdoor): $0.00 / $10000 (0.0%) — 0 leads
2026-08-03 05:00:00: [CRON] Auto-refresh triggered
2026-08-03 05:00:00: [2026-08-03T03:00:00.124Z] Fetching data: 2026-08-01 to 2026-08-03
2026-08-03 05:00:00:   Accounts: act_598233003217290, act_1423425976190315, act_1281838446384778
2026-08-03 05:00:00:   Success! Geo totals:
2026-08-03 05:00:00:     LA County: $0.00 / $50000 (0.0%) — 0 leads
2026-08-03 05:00:00:     Orange County: $0.00 / $20000 (0.0%) — 0 leads
2026-08-03 05:00:00:     San Jose: $0.00 / $20000 (0.0%) — 0 leads
2026-08-03 05:00:00:     Green V2 (Outdoor): $0.00 / $10000 (0.0%) — 0 leads
2026-08-03 06:00:00: [CRON] Auto-refresh triggered
2026-08-03 06:00:00: [2026-08-03T04:00:00.420Z] Fetching data: 2026-08-01 to 2026-08-03
2026-08-03 06:00:00:   Accounts: act_598233003217290, act_1423425976190315, act_1281838446384778
2026-08-03 06:00:01:   Success! Geo totals:
2026-08-03 06:00:01:     LA County: $0.00 / $50000 (0.0%) — 0 leads
2026-08-03 06:00:01:     Orange County: $0.00 / $20000 (0.0%) — 0 leads
2026-08-03 06:00:01:     San Jose: $0.00 / $20000 (0.0%) — 0 leads
2026-08-03 06:00:01:     Green V2 (Outdoor): $0.00 / $10000 (0.0%) — 0 leads
2026-08-03 07:00:00: [CRON] Auto-refresh triggered
2026-08-03 07:00:00: [2026-08-03T05:00:00.646Z] Fetching data: 2026-08-01 to 2026-08-03
2026-08-03 07:00:00:   Accounts: act_598233003217290, act_1423425976190315, act_1281838446384778
2026-08-03 07:00:01:   Success! Geo totals:
2026-08-03 07:00:01:     LA County: $0.00 / $50000 (0.0%) — 0 leads
2026-08-03 07:00:01:     Orange County: $0.00 / $20000 (0.0%) — 0 leads
2026-08-03 07:00:01:     San Jose: $0.00 / $20000 (0.0%) — 0 leads
2026-08-03 07:00:01:     Green V2 (Outdoor): $0.00 / $10000 (0.0%) — 0 leads
2026-08-03 08:00:00: [CRON] Auto-refresh triggered
2026-08-03 08:00:00: [2026-08-03T06:00:00.135Z] Fetching data: 2026-08-01 to 2026-08-03
2026-08-03 08:00:00:   Accounts: act_598233003217290, act_1423425976190315, act_1281838446384778
2026-08-03 08:00:00:   Success! Geo totals:
2026-08-03 08:00:00:     LA County: $0.00 / $50000 (0.0%) — 0 leads
2026-08-03 08:00:00:     Orange County: $0.00 / $20000 (0.0%) — 0 leads
2026-08-03 08:00:00:     San Jose: $0.00 / $20000 (0.0%) — 0 leads
2026-08-03 08:00:00:     Green V2 (Outdoor): $0.00 / $10000 (0.0%) — 0 leads
2026-08-03 09:00:00: [CRON] Auto-refresh triggered
2026-08-03 09:00:00: [2026-08-03T07:00:00.433Z] Fetching data: 2026-08-01 to 2026-08-03
2026-08-03 09:00:00:   Accounts: act_598233003217290, act_1423425976190315, act_1281838446384778
2026-08-03 09:00:01:   Success! Geo totals:
2026-08-03 09:00:01:     LA County: $0.00 / $50000 (0.0%) — 0 leads
2026-08-03 09:00:01:     Orange County: $0.00 / $20000 (0.0%) — 0 leads
2026-08-03 09:00:01:     San Jose: $0.00 / $20000 (0.0%) — 0 leads
2026-08-03 09:00:01:     Green V2 (Outdoor): $0.00 / $10000 (0.0%) — 0 leads
2026-08-03 10:00:00: [CRON] Auto-refresh triggered
2026-08-03 10:00:00: [2026-08-03T08:00:00.761Z] Fetching data: 2026-08-01 to 2026-08-03
2026-08-03 10:00:00:   Accounts: act_598233003217290, act_1423425976190315, act_1281838446384778
2026-08-03 10:00:01:   Success! Geo totals:
2026-08-03 10:00:01:     LA County: $0.00 / $50000 (0.0%) — 0 leads
2026-08-03 10:00:01:     Orange County: $0.00 / $20000 (0.0%) — 0 leads
2026-08-03 10:00:01:     San Jose: $0.00 / $20000 (0.0%) — 0 leads
2026-08-03 10:00:01:     Green V2 (Outdoor): $0.00 / $10000 (0.0%) — 0 leads
2026-08-03 11:00:00: [CRON] Auto-refresh triggered
2026-08-03 11:00:00: [2026-08-03T09:00:00.155Z] Fetching data: 2026-08-01 to 2026-08-03
2026-08-03 11:00:00:   Accounts: act_598233003217290, act_1423425976190315, act_1281838446384778
2026-08-03 11:00:00:   Success! Geo totals:
2026-08-03 11:00:00:     LA County: $0.00 / $50000 (0.0%) — 0 leads
2026-08-03 11:00:00:     Orange County: $0.00 / $20000 (0.0%) — 0 leads
2026-08-03 11:00:00:     San Jose: $0.00 / $20000 (0.0%) — 0 leads
2026-08-03 11:00:00:     Green V2 (Outdoor): $0.00 / $10000 (0.0%) — 0 leads
2026-08-03 12:00:00: [CRON] Auto-refresh triggered
2026-08-03 12:00:00: [2026-08-03T10:00:00.603Z] Fetching data: 2026-08-01 to 2026-08-03
2026-08-03 12:00:00:   Accounts: act_598233003217290, act_1423425976190315, act_1281838446384778
2026-08-03 12:00:01:   Success! Geo totals:
2026-08-03 12:00:01:     LA County: $0.00 / $50000 (0.0%) — 0 leads
2026-08-03 12:00:01:     Orange County: $0.00 / $20000 (0.0%) — 0 leads
2026-08-03 12:00:01:     San Jose: $0.00 / $20000 (0.0%) — 0 leads
2026-08-03 12:00:01:     Green V2 (Outdoor): $0.00 / $10000 (0.0%) — 0 leads
2026-08-03 13:00:00: [CRON] Auto-refresh triggered
2026-08-03 13:00:00: [2026-08-03T11:00:00.722Z] Fetching data: 2026-08-01 to 2026-08-03
2026-08-03 13:00:00:   Accounts: act_598233003217290, act_1423425976190315, act_1281838446384778
2026-08-03 13:00:01:   Success! Geo totals:
2026-08-03 13:00:01:     LA County: $0.00 / $50000 (0.0%) — 0 leads
2026-08-03 13:00:01:     Orange County: $0.00 / $20000 (0.0%) — 0 leads
2026-08-03 13:00:01:     San Jose: $0.00 / $20000 (0.0%) — 0 leads
2026-08-03 13:00:01:     Green V2 (Outdoor): $0.00 / $10000 (0.0%) — 0 leads
2026-08-03 14:00:00: [CRON] Auto-refresh triggered
2026-08-03 14:00:00: [2026-08-03T12:00:00.965Z] Fetching data: 2026-08-01 to 2026-08-03
2026-08-03 14:00:00:   Accounts: act_598233003217290, act_1423425976190315, act_1281838446384778
2026-08-03 14:00:01:   Success! Geo totals:
2026-08-03 14:00:01:     LA County: $0.00 / $50000 (0.0%) — 0 leads
2026-08-03 14:00:01:     Orange County: $0.00 / $20000 (0.0%) — 0 leads
2026-08-03 14:00:01:     San Jose: $0.00 / $20000 (0.0%) — 0 leads
2026-08-03 14:00:01:     Green V2 (Outdoor): $0.00 / $10000 (0.0%) — 0 leads
2026-08-03 15:00:00: [CRON] Auto-refresh triggered
2026-08-03 15:00:00: [2026-08-03T13:00:00.665Z] Fetching data: 2026-08-01 to 2026-08-03
2026-08-03 15:00:00:   Accounts: act_598233003217290, act_1423425976190315, act_1281838446384778
2026-08-03 15:00:01:   Success! Geo totals:
2026-08-03 15:00:01:     LA County: $0.00 / $50000 (0.0%) — 0 leads
2026-08-03 15:00:01:     Orange County: $0.00 / $20000 (0.0%) — 0 leads
2026-08-03 15:00:01:     San Jose: $0.00 / $20000 (0.0%) — 0 leads
2026-08-03 15:00:01:     Green V2 (Outdoor): $0.00 / $10000 (0.0%) — 0 leads
2026-08-03 16:00:00: [CRON] Auto-refresh triggered
2026-08-03 16:00:00: [2026-08-03T14:00:00.962Z] Fetching data: 2026-08-01 to 2026-08-03
2026-08-03 16:00:00:   Accounts: act_598233003217290, act_1423425976190315, act_1281838446384778
2026-08-03 16:00:01:   Success! Geo totals:
2026-08-03 16:00:01:     LA County: $0.00 / $50000 (0.0%) — 0 leads
2026-08-03 16:00:01:     Orange County: $0.00 / $20000 (0.0%) — 0 leads
2026-08-03 16:00:01:     San Jose: $0.00 / $20000 (0.0%) — 0 leads
2026-08-03 16:00:01:     Green V2 (Outdoor): $0.00 / $10000 (0.0%) — 0 leads
2026-08-03 17:00:00: [CRON] Auto-refresh triggered
2026-08-03 17:00:00: [2026-08-03T15:00:00.290Z] Fetching data: 2026-08-01 to 2026-08-03
2026-08-03 17:00:00:   Accounts: act_598233003217290, act_1423425976190315, act_1281838446384778
2026-08-03 17:00:00:   Success! Geo totals:
2026-08-03 17:00:00:     LA County: $0.00 / $50000 (0.0%) — 0 leads
2026-08-03 17:00:00:     Orange County: $0.00 / $20000 (0.0%) — 0 leads
2026-08-03 17:00:00:     San Jose: $0.00 / $20000 (0.0%) — 0 leads
2026-08-03 17:00:00:     Green V2 (Outdoor): $0.00 / $10000 (0.0%) — 0 leads
2026-08-03 18:00:00: [CRON] Auto-refresh triggered
2026-08-03 18:00:00: [2026-08-03T16:00:00.928Z] Fetching data: 2026-08-01 to 2026-08-03
2026-08-03 18:00:00:   Accounts: act_598233003217290, act_1423425976190315, act_1281838446384778
2026-08-03 18:00:01:   Success! Geo totals:
2026-08-03 18:00:01:     LA County: $0.00 / $50000 (0.0%) — 0 leads
2026-08-03 18:00:01:     Orange County: $0.00 / $20000 (0.0%) — 0 leads
2026-08-03 18:00:01:     San Jose: $0.00 / $20000 (0.0%) — 0 leads
2026-08-03 18:00:01:     Green V2 (Outdoor): $0.00 / $10000 (0.0%) — 0 leads
2026-08-03 19:00:00: [CRON] Auto-refresh triggered
2026-08-03 19:00:00: [2026-08-03T17:00:00.270Z] Fetching data: 2026-08-01 to 2026-08-03
2026-08-03 19:00:00:   Accounts: act_598233003217290, act_1423425976190315, act_1281838446384778
2026-08-03 19:00:00:   Success! Geo totals:
2026-08-03 19:00:00:     LA County: $0.00 / $50000 (0.0%) — 0 leads
2026-08-03 19:00:00:     Orange County: $0.00 / $20000 (0.0%) — 0 leads
2026-08-03 19:00:00:     San Jose: $0.00 / $20000 (0.0%) — 0 leads
2026-08-03 19:00:00:     Green V2 (Outdoor): $0.00 / $10000 (0.0%) — 0 leads
2026-08-03 20:00:00: [CRON] Auto-refresh triggered
2026-08-03 20:00:00: [2026-08-03T18:00:00.610Z] Fetching data: 2026-08-01 to 2026-08-03
2026-08-03 20:00:00:   Accounts: act_598233003217290, act_1423425976190315, act_1281838446384778
2026-08-03 20:00:01:   Success! Geo totals:
2026-08-03 20:00:01:     LA County: $0.00 / $50000 (0.0%) — 0 leads
2026-08-03 20:00:01:     Orange County: $0.00 / $20000 (0.0%) — 0 leads
2026-08-03 20:00:01:     San Jose: $0.00 / $20000 (0.0%) — 0 leads
2026-08-03 20:00:01:     Green V2 (Outdoor): $0.00 / $10000 (0.0%) — 0 leads
2026-08-03 21:00:00: [CRON] Auto-refresh triggered
2026-08-03 21:00:00: [2026-08-03T19:00:00.957Z] Fetching data: 2026-08-01 to 2026-08-03
2026-08-03 21:00:00:   Accounts: act_598233003217290, act_1423425976190315, act_1281838446384778
2026-08-03 21:00:01:   Success! Geo totals:
2026-08-03 21:00:01:     LA County: $0.00 / $50000 (0.0%) — 0 leads
2026-08-03 21:00:01:     Orange County: $0.00 / $20000 (0.0%) — 0 leads
2026-08-03 21:00:01:     San Jose: $0.00 / $20000 (0.0%) — 0 leads
2026-08-03 21:00:01:     Green V2 (Outdoor): $0.00 / $10000 (0.0%) — 0 leads
2026-08-03 22:00:00: [CRON] Auto-refresh triggered
2026-08-03 22:00:00: [2026-08-03T20:00:00.132Z] Fetching data: 2026-08-01 to 2026-08-03
2026-08-03 22:00:00:   Accounts: act_598233003217290, act_1423425976190315, act_1281838446384778
2026-08-03 22:00:00:   Success! Geo totals:
2026-08-03 22:00:00:     LA County: $0.00 / $50000 (0.0%) — 0 leads
2026-08-03 22:00:00:     Orange County: $0.00 / $20000 (0.0%) — 0 leads
2026-08-03 22:00:00:     San Jose: $0.00 / $20000 (0.0%) — 0 leads
2026-08-03 22:00:00:     Green V2 (Outdoor): $0.00 / $10000 (0.0%) — 0 leads
2026-08-03 23:00:00: [CRON] Auto-refresh triggered
2026-08-03 23:00:00: [2026-08-03T21:00:00.412Z] Fetching data: 2026-08-01 to 2026-08-03
2026-08-03 23:00:00:   Accounts: act_598233003217290, act_1423425976190315, act_1281838446384778
2026-08-03 23:00:01:   Success! Geo totals:
2026-08-03 23:00:01:     LA County: $0.00 / $50000 (0.0%) — 0 leads
2026-08-03 23:00:01:     Orange County: $0.00 / $20000 (0.0%) — 0 leads
2026-08-03 23:00:01:     San Jose: $0.00 / $20000 (0.0%) — 0 leads
2026-08-03 23:00:01:     Green V2 (Outdoor): $0.00 / $10000 (0.0%) — 0 leads
2026-08-04 00:00:00: [CRON] Auto-refresh triggered
2026-08-04 00:00:00: [2026-08-03T22:00:00.599Z] Fetching data: 2026-08-01 to 2026-08-04
2026-08-04 00:00:00:   Accounts: act_598233003217290, act_1423425976190315, act_1281838446384778
2026-08-04 00:00:01:   Success! Geo totals:
2026-08-04 00:00:01:     LA County: $0.00 / $50000 (0.0%) — 0 leads
2026-08-04 00:00:01:     Orange County: $0.00 / $20000 (0.0%) — 0 leads
2026-08-04 00:00:01:     San Jose: $0.00 / $20000 (0.0%) — 0 leads
2026-08-04 00:00:01:     Green V2 (Outdoor): $0.00 / $10000 (0.0%) — 0 leads
2026-08-04 01:00:00: [CRON] Auto-refresh triggered
2026-08-04 01:00:00: [2026-08-03T23:00:00.898Z] Fetching data: 2026-08-01 to 2026-08-04
2026-08-04 01:00:00:   Accounts: act_598233003217290, act_1423425976190315, act_1281838446384778
2026-08-04 01:00:01:   Success! Geo totals:
2026-08-04 01:00:01:     LA County: $0.00 / $50000 (0.0%) — 0 leads
2026-08-04 01:00:01:     Orange County: $0.00 / $20000 (0.0%) — 0 leads
2026-08-04 01:00:01:     San Jose: $0.00 / $20000 (0.0%) — 0 leads
2026-08-04 01:00:01:     Green V2 (Outdoor): $0.00 / $10000 (0.0%) — 0 leads
2026-08-04 02:00:00: [CRON] Auto-refresh triggered
2026-08-04 02:00:00: [2026-08-04T00:00:00.030Z] Fetching data: 2026-08-01 to 2026-08-04
2026-08-04 02:00:00:   Accounts: act_598233003217290, act_1423425976190315, act_1281838446384778
2026-08-04 02:00:00:   Success! Geo totals:
2026-08-04 02:00:00:     LA County: $0.00 / $50000 (0.0%) — 0 leads
2026-08-04 02:00:00:     Orange County: $0.00 / $20000 (0.0%) — 0 leads
2026-08-04 02:00:00:     San Jose: $0.00 / $20000 (0.0%) — 0 leads
2026-08-04 02:00:00:     Green V2 (Outdoor): $0.00 / $10000 (0.0%) — 0 leads
2026-08-04 03:00:00: [CRON] Auto-refresh triggered
2026-08-04 03:00:00: [2026-08-04T01:00:00.365Z] Fetching data: 2026-08-01 to 2026-08-04
2026-08-04 03:00:00:   Accounts: act_598233003217290, act_1423425976190315, act_1281838446384778
2026-08-04 03:00:01:   Success! Geo totals:
2026-08-04 03:00:01:     LA County: $0.00 / $50000 (0.0%) — 0 leads
2026-08-04 03:00:01:     Orange County: $0.00 / $20000 (0.0%) — 0 leads
2026-08-04 03:00:01:     San Jose: $0.00 / $20000 (0.0%) — 0 leads
2026-08-04 03:00:01:     Green V2 (Outdoor): $0.00 / $10000 (0.0%) — 0 leads
2026-08-04 04:00:00: [CRON] Auto-refresh triggered
2026-08-04 04:00:00: [2026-08-04T02:00:00.809Z] Fetching data: 2026-08-01 to 2026-08-04
2026-08-04 04:00:00:   Accounts: act_598233003217290, act_1423425976190315, act_1281838446384778
2026-08-04 04:00:01:   Success! Geo totals:
2026-08-04 04:00:01:     LA County: $0.00 / $50000 (0.0%) — 0 leads
2026-08-04 04:00:01:     Orange County: $0.00 / $20000 (0.0%) — 0 leads
2026-08-04 04:00:01:     San Jose: $0.00 / $20000 (0.0%) — 0 leads
2026-08-04 04:00:01:     Green V2 (Outdoor): $0.00 / $10000 (0.0%) — 0 leads
2026-08-04 05:00:00: [CRON] Auto-refresh triggered
2026-08-04 05:00:00: [2026-08-04T03:00:00.321Z] Fetching data: 2026-08-01 to 2026-08-04
2026-08-04 05:00:00:   Accounts: act_598233003217290, act_1423425976190315, act_1281838446384778
2026-08-04 05:00:00:   Success! Geo totals:
2026-08-04 05:00:00:     LA County: $0.00 / $50000 (0.0%) — 0 leads
2026-08-04 05:00:00:     Orange County: $0.00 / $20000 (0.0%) — 0 leads
2026-08-04 05:00:00:     San Jose: $0.00 / $20000 (0.0%) — 0 leads
2026-08-04 05:00:00:     Green V2 (Outdoor): $0.00 / $10000 (0.0%) — 0 leads
2026-08-04 06:00:00: [CRON] Auto-refresh triggered
2026-08-04 06:00:00: [2026-08-04T04:00:00.746Z] Fetching data: 2026-08-01 to 2026-08-04
2026-08-04 06:00:00:   Accounts: act_598233003217290, act_1423425976190315, act_1281838446384778
2026-08-04 06:00:01:   Success! Geo totals:
2026-08-04 06:00:01:     LA County: $0.00 / $50000 (0.0%) — 0 leads
2026-08-04 06:00:01:     Orange County: $0.00 / $20000 (0.0%) — 0 leads
2026-08-04 06:00:01:     San Jose: $0.00 / $20000 (0.0%) — 0 leads
2026-08-04 06:00:01:     Green V2 (Outdoor): $0.00 / $10000 (0.0%) — 0 leads
2026-08-04 07:00:00: [CRON] Auto-refresh triggered
2026-08-04 07:00:00: [2026-08-04T05:00:00.347Z] Fetching data: 2026-08-01 to 2026-08-04
2026-08-04 07:00:00:   Accounts: act_598233003217290, act_1423425976190315, act_1281838446384778
2026-08-04 07:00:00:   Success! Geo totals:
2026-08-04 07:00:00:     LA County: $0.00 / $50000 (0.0%) — 0 leads
2026-08-04 07:00:00:     Orange County: $0.00 / $20000 (0.0%) — 0 leads
2026-08-04 07:00:00:     San Jose: $0.00 / $20000 (0.0%) — 0 leads
2026-08-04 07:00:00:     Green V2 (Outdoor): $0.00 / $10000 (0.0%) — 0 leads
2026-08-04 08:00:00: [CRON] Auto-refresh triggered
2026-08-04 08:00:00: [2026-08-04T06:00:00.732Z] Fetching data: 2026-08-01 to 2026-08-04
2026-08-04 08:00:00:   Accounts: act_598233003217290, act_1423425976190315, act_1281838446384778
2026-08-04 08:00:01:   Success! Geo totals:
2026-08-04 08:00:01:     LA County: $0.00 / $50000 (0.0%) — 0 leads
2026-08-04 08:00:01:     Orange County: $0.00 / $20000 (0.0%) — 0 leads
2026-08-04 08:00:01:     San Jose: $0.00 / $20000 (0.0%) — 0 leads
2026-08-04 08:00:01:     Green V2 (Outdoor): $0.00 / $10000 (0.0%) — 0 leads
2026-08-04 09:00:00: [CRON] Auto-refresh triggered
2026-08-04 09:00:00: [2026-08-04T07:00:00.231Z] Fetching data: 2026-08-01 to 2026-08-04
2026-08-04 09:00:00:   Accounts: act_598233003217290, act_1423425976190315, act_1281838446384778
2026-08-04 09:00:00:   Success! Geo totals:
2026-08-04 09:00:00:     LA County: $0.00 / $50000 (0.0%) — 0 leads
2026-08-04 09:00:00:     Orange County: $0.00 / $20000 (0.0%) — 0 leads
2026-08-04 09:00:00:     San Jose: $0.00 / $20000 (0.0%) — 0 leads
2026-08-04 09:00:00:     Green V2 (Outdoor): $0.00 / $10000 (0.0%) — 0 leads
2026-08-04 10:00:00: [CRON] Auto-refresh triggered
2026-08-04 10:00:00: [2026-08-04T08:00:00.586Z] Fetching data: 2026-08-01 to 2026-08-04
2026-08-04 10:00:00:   Accounts: act_598233003217290, act_1423425976190315, act_1281838446384778
2026-08-04 10:00:01:   Success! Geo totals:
2026-08-04 10:00:01:     LA County: $0.00 / $50000 (0.0%) — 0 leads
2026-08-04 10:00:01:     Orange County: $0.00 / $20000 (0.0%) — 0 leads
2026-08-04 10:00:01:     San Jose: $0.00 / $20000 (0.0%) — 0 leads
2026-08-04 10:00:01:     Green V2 (Outdoor): $0.00 / $10000 (0.0%) — 0 leads
2026-08-04 11:00:00: [CRON] Auto-refresh triggered
2026-08-04 11:00:00: [2026-08-04T09:00:00.830Z] Fetching data: 2026-08-01 to 2026-08-04
2026-08-04 11:00:00:   Accounts: act_598233003217290, act_1423425976190315, act_1281838446384778
2026-08-04 11:00:01:   Success! Geo totals:
2026-08-04 11:00:01:     LA County: $0.00 / $50000 (0.0%) — 0 leads
2026-08-04 11:00:01:     Orange County: $0.00 / $20000 (0.0%) — 0 leads
2026-08-04 11:00:01:     San Jose: $0.00 / $20000 (0.0%) — 0 leads
2026-08-04 11:00:01:     Green V2 (Outdoor): $0.00 / $10000 (0.0%) — 0 leads
2026-08-04 12:00:00: [CRON] Auto-refresh triggered
2026-08-04 12:00:00: [2026-08-04T10:00:00.225Z] Fetching data: 2026-08-01 to 2026-08-04
2026-08-04 12:00:00:   Accounts: act_598233003217290, act_1423425976190315, act_1281838446384778
2026-08-04 12:00:00:   Success! Geo totals:
2026-08-04 12:00:00:     LA County: $0.00 / $50000 (0.0%) — 0 leads
2026-08-04 12:00:00:     Orange County: $0.00 / $20000 (0.0%) — 0 leads
2026-08-04 12:00:00:     San Jose: $0.00 / $20000 (0.0%) — 0 leads
2026-08-04 12:00:00:     Green V2 (Outdoor): $0.00 / $10000 (0.0%) — 0 leads
2026-08-04 13:00:00: [CRON] Auto-refresh triggered
2026-08-04 13:00:00: [2026-08-04T11:00:00.926Z] Fetching data: 2026-08-01 to 2026-08-04
2026-08-04 13:00:00:   Accounts: act_598233003217290, act_1423425976190315, act_1281838446384778
2026-08-04 13:00:01:   Success! Geo totals:
2026-08-04 13:00:01:     LA County: $0.00 / $50000 (0.0%) — 0 leads
2026-08-04 13:00:01:     Orange County: $0.00 / $20000 (0.0%) — 0 leads
2026-08-04 13:00:01:     San Jose: $0.00 / $20000 (0.0%) — 0 leads
2026-08-04 13:00:01:     Green V2 (Outdoor): $0.00 / $10000 (0.0%) — 0 leads
2026-08-04 14:00:00: [CRON] Auto-refresh triggered
2026-08-04 14:00:00: [2026-08-04T12:00:00.896Z] Fetching data: 2026-08-01 to 2026-08-04
2026-08-04 14:00:00:   Accounts: act_598233003217290, act_1423425976190315, act_1281838446384778
2026-08-04 14:00:01:   Success! Geo totals:
2026-08-04 14:00:01:     LA County: $0.00 / $50000 (0.0%) — 0 leads
2026-08-04 14:00:01:     Orange County: $0.00 / $20000 (0.0%) — 0 leads
2026-08-04 14:00:01:     San Jose: $0.00 / $20000 (0.0%) — 0 leads
2026-08-04 14:00:01:     Green V2 (Outdoor): $0.00 / $10000 (0.0%) — 0 leads
2026-08-04 15:00:00: [CRON] Auto-refresh triggered
2026-08-04 15:00:00: [2026-08-04T13:00:00.581Z] Fetching data: 2026-08-01 to 2026-08-04
2026-08-04 15:00:00:   Accounts: act_598233003217290, act_1423425976190315, act_1281838446384778
2026-08-04 15:00:01:   Success! Geo totals:
2026-08-04 15:00:01:     LA County: $0.00 / $50000 (0.0%) — 0 leads
2026-08-04 15:00:01:     Orange County: $0.00 / $20000 (0.0%) — 0 leads
2026-08-04 15:00:01:     San Jose: $0.00 / $20000 (0.0%) — 0 leads
2026-08-04 15:00:01:     Green V2 (Outdoor): $0.00 / $10000 (0.0%) — 0 leads
2026-08-04 16:00:00: [CRON] Auto-refresh triggered
2026-08-04 16:00:00: [2026-08-04T14:00:00.761Z] Fetching data: 2026-08-01 to 2026-08-04
2026-08-04 16:00:00:   Accounts: act_598233003217290, act_1423425976190315, act_1281838446384778
2026-08-04 16:00:01:   Success! Geo totals:
2026-08-04 16:00:01:     LA County: $0.00 / $50000 (0.0%) — 0 leads
2026-08-04 16:00:01:     Orange County: $0.00 / $20000 (0.0%) — 0 leads
2026-08-04 16:00:01:     San Jose: $0.00 / $20000 (0.0%) — 0 leads
2026-08-04 16:00:01:     Green V2 (Outdoor): $0.00 / $10000 (0.0%) — 0 leads
2026-08-04 17:00:00: [CRON] Auto-refresh triggered
2026-08-04 17:00:00: [2026-08-04T15:00:00.522Z] Fetching data: 2026-08-01 to 2026-08-04
2026-08-04 17:00:00:   Accounts: act_598233003217290, act_1423425976190315, act_1281838446384778
2026-08-04 17:00:01:   Success! Geo totals:
2026-08-04 17:00:01:     LA County: $0.00 / $50000 (0.0%) — 0 leads
2026-08-04 17:00:01:     Orange County: $0.00 / $20000 (0.0%) — 0 leads
2026-08-04 17:00:01:     San Jose: $0.00 / $20000 (0.0%) — 0 leads
2026-08-04 17:00:01:     Green V2 (Outdoor): $0.00 / $10000 (0.0%) — 0 leads
2026-08-04 18:00:00: [CRON] Auto-refresh triggered
2026-08-04 18:00:00: [2026-08-04T16:00:00.176Z] Fetching data: 2026-08-01 to 2026-08-04
2026-08-04 18:00:00:   Accounts: act_598233003217290, act_1423425976190315, act_1281838446384778
2026-08-04 18:00:00:   Success! Geo totals:
2026-08-04 18:00:00:     LA County: $0.00 / $50000 (0.0%) — 0 leads
2026-08-04 18:00:00:     Orange County: $0.00 / $20000 (0.0%) — 0 leads
2026-08-04 18:00:00:     San Jose: $0.00 / $20000 (0.0%) — 0 leads
2026-08-04 18:00:00:     Green V2 (Outdoor): $0.00 / $10000 (0.0%) — 0 leads
2026-08-04 19:00:00: [CRON] Auto-refresh triggered
2026-08-04 19:00:00: [2026-08-04T17:00:00.227Z] Fetching data: 2026-08-01 to 2026-08-04
2026-08-04 19:00:00:   Accounts: act_598233003217290, act_1423425976190315, act_1281838446384778
2026-08-04 19:00:00:   Success! Geo totals:
2026-08-04 19:00:00:     LA County: $0.00 / $50000 (0.0%) — 0 leads
2026-08-04 19:00:00:     Orange County: $0.00 / $20000 (0.0%) — 0 leads
2026-08-04 19:00:00:     San Jose: $0.00 / $20000 (0.0%) — 0 leads
2026-08-04 19:00:00:     Green V2 (Outdoor): $0.00 / $10000 (0.0%) — 0 leads
2026-08-04 20:00:00: [CRON] Auto-refresh triggered
2026-08-04 20:00:00: [2026-08-04T18:00:00.863Z] Fetching data: 2026-08-01 to 2026-08-04
2026-08-04 20:00:00:   Accounts: act_598233003217290, act_1423425976190315, act_1281838446384778
2026-08-04 20:00:01:   Success! Geo totals:
2026-08-04 20:00:01:     LA County: $0.00 / $50000 (0.0%) — 0 leads
2026-08-04 20:00:01:     Orange County: $0.00 / $20000 (0.0%) — 0 leads
2026-08-04 20:00:01:     San Jose: $0.00 / $20000 (0.0%) — 0 leads
2026-08-04 20:00:01:     Green V2 (Outdoor): $0.00 / $10000 (0.0%) — 0 leads
2026-08-04 21:00:00: [CRON] Auto-refresh triggered
2026-08-04 21:00:00: [2026-08-04T19:00:00.037Z] Fetching data: 2026-08-01 to 2026-08-04
2026-08-04 21:00:00:   Accounts: act_598233003217290, act_1423425976190315, act_1281838446384778
2026-08-04 21:00:00:   Success! Geo totals:
2026-08-04 21:00:00:     LA County: $0.00 / $50000 (0.0%) — 0 leads
2026-08-04 21:00:00:     Orange County: $0.00 / $20000 (0.0%) — 0 leads
2026-08-04 21:00:00:     San Jose: $0.00 / $20000 (0.0%) — 0 leads
2026-08-04 21:00:00:     Green V2 (Outdoor): $0.00 / $10000 (0.0%) — 0 leads
2026-08-04 22:00:00: [CRON] Auto-refresh triggered
2026-08-04 22:00:00: [2026-08-04T20:00:00.285Z] Fetching data: 2026-08-01 to 2026-08-04
2026-08-04 22:00:00:   Accounts: act_598233003217290, act_1423425976190315, act_1281838446384778
2026-08-04 22:00:00:   Success! Geo totals:
2026-08-04 22:00:00:     LA County: $0.00 / $50000 (0.0%) — 0 leads
2026-08-04 22:00:00:     Orange County: $0.00 / $20000 (0.0%) — 0 leads
2026-08-04 22:00:00:     San Jose: $0.00 / $20000 (0.0%) — 0 leads
2026-08-04 22:00:00:     Green V2 (Outdoor): $0.00 / $10000 (0.0%) — 0 leads
2026-08-04 23:00:00: [CRON] Auto-refresh triggered
2026-08-04 23:00:00: [2026-08-04T21:00:00.463Z] Fetching data: 2026-08-01 to 2026-08-04
2026-08-04 23:00:00:   Accounts: act_598233003217290, act_1423425976190315, act_1281838446384778
2026-08-04 23:00:00:   Success! Geo totals:
2026-08-04 23:00:00:     LA County: $0.00 / $50000 (0.0%) — 0 leads
2026-08-04 23:00:00:     Orange County: $0.00 / $20000 (0.0%) — 0 leads
2026-08-04 23:00:00:     San Jose: $0.00 / $20000 (0.0%) — 0 leads
2026-08-04 23:00:00:     Green V2 (Outdoor): $0.00 / $10000 (0.0%) — 0 leads
2026-08-05 00:00:00: [CRON] Auto-refresh triggered
2026-08-05 00:00:00: [2026-08-04T22:00:00.987Z] Fetching data: 2026-08-01 to 2026-08-05
2026-08-05 00:00:00:   Accounts: act_598233003217290, act_1423425976190315, act_1281838446384778
2026-08-05 00:00:01:   Success! Geo totals:
2026-08-05 00:00:01:     LA County: $0.00 / $50000 (0.0%) — 0 leads
2026-08-05 00:00:01:     Orange County: $0.00 / $20000 (0.0%) — 0 leads
2026-08-05 00:00:01:     San Jose: $0.00 / $20000 (0.0%) — 0 leads
2026-08-05 00:00:01:     Green V2 (Outdoor): $0.00 / $10000 (0.0%) — 0 leads
2026-08-05 01:00:00: [CRON] Auto-refresh triggered
2026-08-05 01:00:00: [2026-08-04T23:00:00.335Z] Fetching data: 2026-08-01 to 2026-08-05
2026-08-05 01:00:00:   Accounts: act_598233003217290, act_1423425976190315, act_1281838446384778
2026-08-05 01:00:00:   Success! Geo totals:
2026-08-05 01:00:00:     LA County: $0.00 / $50000 (0.0%) — 0 leads
2026-08-05 01:00:00:     Orange County: $0.00 / $20000 (0.0%) — 0 leads
2026-08-05 01:00:00:     San Jose: $0.00 / $20000 (0.0%) — 0 leads
2026-08-05 01:00:00:     Green V2 (Outdoor): $0.00 / $10000 (0.0%) — 0 leads
2026-08-05 02:00:00: [CRON] Auto-refresh triggered
2026-08-05 02:00:00: [2026-08-05T00:00:00.473Z] Fetching data: 2026-08-01 to 2026-08-05
2026-08-05 02:00:00:   Accounts: act_598233003217290, act_1423425976190315, act_1281838446384778
2026-08-05 02:00:01:   Success! Geo totals:
2026-08-05 02:00:01:     LA County: $0.00 / $50000 (0.0%) — 0 leads
2026-08-05 02:00:01:     Orange County: $0.00 / $20000 (0.0%) — 0 leads
2026-08-05 02:00:01:     San Jose: $0.00 / $20000 (0.0%) — 0 leads
2026-08-05 02:00:01:     Green V2 (Outdoor): $0.00 / $10000 (0.0%) — 0 leads
2026-08-05 03:00:00: [CRON] Auto-refresh triggered
2026-08-05 03:00:00: [2026-08-05T01:00:00.732Z] Fetching data: 2026-08-01 to 2026-08-05
2026-08-05 03:00:00:   Accounts: act_598233003217290, act_1423425976190315, act_1281838446384778
2026-08-05 03:00:01:   Success! Geo totals:
2026-08-05 03:00:01:     LA County: $0.00 / $50000 (0.0%) — 0 leads
2026-08-05 03:00:01:     Orange County: $0.00 / $20000 (0.0%) — 0 leads
2026-08-05 03:00:01:     San Jose: $0.00 / $20000 (0.0%) — 0 leads
2026-08-05 03:00:01:     Green V2 (Outdoor): $0.00 / $10000 (0.0%) — 0 leads
2026-08-05 04:00:00: [CRON] Auto-refresh triggered
2026-08-05 04:00:00: [2026-08-05T02:00:00.887Z] Fetching data: 2026-08-01 to 2026-08-05
2026-08-05 04:00:00:   Accounts: act_598233003217290, act_1423425976190315, act_1281838446384778
2026-08-05 04:00:01:   Success! Geo totals:
2026-08-05 04:00:01:     LA County: $0.00 / $50000 (0.0%) — 0 leads
2026-08-05 04:00:01:     Orange County: $0.00 / $20000 (0.0%) — 0 leads
2026-08-05 04:00:01:     San Jose: $0.00 / $20000 (0.0%) — 0 leads
2026-08-05 04:00:01:     Green V2 (Outdoor): $0.00 / $10000 (0.0%) — 0 leads
2026-08-05 05:00:00: [CRON] Auto-refresh triggered
2026-08-05 05:00:00: [2026-08-05T03:00:00.123Z] Fetching data: 2026-08-01 to 2026-08-05
2026-08-05 05:00:00:   Accounts: act_598233003217290, act_1423425976190315, act_1281838446384778
2026-08-05 05:00:00:   Success! Geo totals:
2026-08-05 05:00:00:     LA County: $0.00 / $50000 (0.0%) — 0 leads
2026-08-05 05:00:00:     Orange County: $0.00 / $20000 (0.0%) — 0 leads
2026-08-05 05:00:00:     San Jose: $0.00 / $20000 (0.0%) — 0 leads
2026-08-05 05:00:00:     Green V2 (Outdoor): $0.00 / $10000 (0.0%) — 0 leads
2026-08-05 06:00:00: [CRON] Auto-refresh triggered
2026-08-05 06:00:00: [2026-08-05T04:00:00.292Z] Fetching data: 2026-08-01 to 2026-08-05
2026-08-05 06:00:00:   Accounts: act_598233003217290, act_1423425976190315, act_1281838446384778
2026-08-05 06:00:01:   Success! Geo totals:
2026-08-05 06:00:01:     LA County: $0.00 / $50000 (0.0%) — 0 leads
2026-08-05 06:00:01:     Orange County: $0.00 / $20000 (0.0%) — 0 leads
2026-08-05 06:00:01:     San Jose: $0.00 / $20000 (0.0%) — 0 leads
2026-08-05 06:00:01:     Green V2 (Outdoor): $0.00 / $10000 (0.0%) — 0 leads
2026-08-05 07:00:00: [CRON] Auto-refresh triggered
2026-08-05 07:00:00: [2026-08-05T05:00:00.547Z] Fetching data: 2026-08-01 to 2026-08-05
2026-08-05 07:00:00:   Accounts: act_598233003217290, act_1423425976190315, act_1281838446384778
2026-08-05 07:00:01:   Success! Geo totals:
2026-08-05 07:00:01:     LA County: $0.00 / $50000 (0.0%) — 0 leads
2026-08-05 07:00:01:     Orange County: $0.00 / $20000 (0.0%) — 0 leads
2026-08-05 07:00:01:     San Jose: $0.00 / $20000 (0.0%) — 0 leads
2026-08-05 07:00:01:     Green V2 (Outdoor): $0.00 / $10000 (0.0%) — 0 leads
2026-08-05 08:00:00: [CRON] Auto-refresh triggered
2026-08-05 08:00:00: [2026-08-05T06:00:00.860Z] Fetching data: 2026-08-01 to 2026-08-05
2026-08-05 08:00:00:   Accounts: act_598233003217290, act_1423425976190315, act_1281838446384778
2026-08-05 08:00:01:   Success! Geo totals:
2026-08-05 08:00:01:     LA County: $0.00 / $50000 (0.0%) — 0 leads
2026-08-05 08:00:01:     Orange County: $0.00 / $20000 (0.0%) — 0 leads
2026-08-05 08:00:01:     San Jose: $0.00 / $20000 (0.0%) — 0 leads
2026-08-05 08:00:01:     Green V2 (Outdoor): $0.00 / $10000 (0.0%) — 0 leads
2026-08-05 09:00:00: [CRON] Auto-refresh triggered
2026-08-05 09:00:00: [2026-08-05T07:00:00.257Z] Fetching data: 2026-08-01 to 2026-08-05
2026-08-05 09:00:00:   Accounts: act_598233003217290, act_1423425976190315, act_1281838446384778
2026-08-05 09:00:00:   Success! Geo totals:
2026-08-05 09:00:00:     LA County: $0.00 / $50000 (0.0%) — 0 leads
2026-08-05 09:00:00:     Orange County: $0.00 / $20000 (0.0%) — 0 leads
2026-08-05 09:00:00:     San Jose: $0.00 / $20000 (0.0%) — 0 leads
2026-08-05 09:00:00:     Green V2 (Outdoor): $0.00 / $10000 (0.0%) — 0 leads
2026-08-05 10:00:00: [CRON] Auto-refresh triggered
2026-08-05 10:00:00: [2026-08-05T08:00:00.376Z] Fetching data: 2026-08-01 to 2026-08-05
2026-08-05 10:00:00:   Accounts: act_598233003217290, act_1423425976190315, act_1281838446384778
2026-08-05 10:00:01:   Success! Geo totals:
2026-08-05 10:00:01:     LA County: $0.00 / $50000 (0.0%) — 0 leads
2026-08-05 10:00:01:     Orange County: $0.00 / $20000 (0.0%) — 0 leads
2026-08-05 10:00:01:     San Jose: $0.00 / $20000 (0.0%) — 0 leads
2026-08-05 10:00:01:     Green V2 (Outdoor): $0.00 / $10000 (0.0%) — 0 leads
2026-08-05 11:00:00: [CRON] Auto-refresh triggered
2026-08-05 11:00:00: [2026-08-05T09:00:00.589Z] Fetching data: 2026-08-01 to 2026-08-05
2026-08-05 11:00:00:   Accounts: act_598233003217290, act_1423425976190315, act_1281838446384778
2026-08-05 11:00:00:   Success! Geo totals:
2026-08-05 11:00:00:     LA County: $0.00 / $50000 (0.0%) — 0 leads
2026-08-05 11:00:00:     Orange County: $0.00 / $20000 (0.0%) — 0 leads
2026-08-05 11:00:00:     San Jose: $0.00 / $20000 (0.0%) — 0 leads
2026-08-05 11:00:00:     Green V2 (Outdoor): $0.00 / $10000 (0.0%) — 0 leads
2026-08-05 12:00:00: [CRON] Auto-refresh triggered
2026-08-05 12:00:00: [2026-08-05T10:00:00.487Z] Fetching data: 2026-08-01 to 2026-08-05
2026-08-05 12:00:00:   Accounts: act_598233003217290, act_1423425976190315, act_1281838446384778
2026-08-05 12:00:00:   Success! Geo totals:
2026-08-05 12:00:00:     LA County: $0.00 / $50000 (0.0%) — 0 leads
2026-08-05 12:00:00:     Orange County: $0.00 / $20000 (0.0%) — 0 leads
2026-08-05 12:00:00:     San Jose: $0.00 / $20000 (0.0%) — 0 leads
2026-08-05 12:00:00:     Green V2 (Outdoor): $0.00 / $10000 (0.0%) — 0 leads
2026-08-05 13:00:00: [CRON] Auto-refresh triggered
2026-08-05 13:00:00: [2026-08-05T11:00:00.312Z] Fetching data: 2026-08-01 to 2026-08-05
2026-08-05 13:00:00:   Accounts: act_598233003217290, act_1423425976190315, act_1281838446384778
2026-08-05 13:00:00:   Success! Geo totals:
2026-08-05 13:00:00:     LA County: $0.00 / $50000 (0.0%) — 0 leads
2026-08-05 13:00:00:     Orange County: $0.00 / $20000 (0.0%) — 0 leads
2026-08-05 13:00:00:     San Jose: $0.00 / $20000 (0.0%) — 0 leads
2026-08-05 13:00:00:     Green V2 (Outdoor): $0.00 / $10000 (0.0%) — 0 leads
2026-08-05 14:00:00: [CRON] Auto-refresh triggered
2026-08-05 14:00:00: [2026-08-05T12:00:00.217Z] Fetching data: 2026-08-01 to 2026-08-05
2026-08-05 14:00:00:   Accounts: act_598233003217290, act_1423425976190315, act_1281838446384778
2026-08-05 14:00:00:   Success! Geo totals:
2026-08-05 14:00:00:     LA County: $0.00 / $50000 (0.0%) — 0 leads
2026-08-05 14:00:00:     Orange County: $0.00 / $20000 (0.0%) — 0 leads
2026-08-05 14:00:00:     San Jose: $0.00 / $20000 (0.0%) — 0 leads
2026-08-05 14:00:00:     Green V2 (Outdoor): $0.00 / $10000 (0.0%) — 0 leads
2026-08-05 15:00:00: [CRON] Auto-refresh triggered
2026-08-05 15:00:00: [2026-08-05T13:00:00.311Z] Fetching data: 2026-08-01 to 2026-08-05
2026-08-05 15:00:00:   Accounts: act_598233003217290, act_1423425976190315, act_1281838446384778
2026-08-05 15:00:00:   Success! Geo totals:
2026-08-05 15:00:00:     LA County: $0.00 / $50000 (0.0%) — 0 leads
2026-08-05 15:00:00:     Orange County: $0.00 / $20000 (0.0%) — 0 leads
2026-08-05 15:00:00:     San Jose: $0.00 / $20000 (0.0%) — 0 leads
2026-08-05 15:00:00:     Green V2 (Outdoor): $0.00 / $10000 (0.0%) — 0 leads
2026-08-05 16:00:00: [CRON] Auto-refresh triggered
2026-08-05 16:00:00: [2026-08-05T14:00:00.342Z] Fetching data: 2026-08-01 to 2026-08-05
2026-08-05 16:00:00:   Accounts: act_598233003217290, act_1423425976190315, act_1281838446384778
2026-08-05 16:00:01:   Success! Geo totals:
2026-08-05 16:00:01:     LA County: $0.00 / $50000 (0.0%) — 0 leads
2026-08-05 16:00:01:     Orange County: $0.00 / $20000 (0.0%) — 0 leads
2026-08-05 16:00:01:     San Jose: $0.00 / $20000 (0.0%) — 0 leads
2026-08-05 16:00:01:     Green V2 (Outdoor): $0.00 / $10000 (0.0%) — 0 leads
2026-08-05 17:00:00: [CRON] Auto-refresh triggered
2026-08-05 17:00:00: [2026-08-05T15:00:00.247Z] Fetching data: 2026-08-01 to 2026-08-05
2026-08-05 17:00:00:   Accounts: act_598233003217290, act_1423425976190315, act_1281838446384778
2026-08-05 17:00:00:   Success! Geo totals:
2026-08-05 17:00:00:     LA County: $0.00 / $50000 (0.0%) — 0 leads
2026-08-05 17:00:00:     Orange County: $0.00 / $20000 (0.0%) — 0 leads
2026-08-05 17:00:00:     San Jose: $0.00 / $20000 (0.0%) — 0 leads
2026-08-05 17:00:00:     Green V2 (Outdoor): $0.00 / $10000 (0.0%) — 0 leads
2026-08-05 18:00:00: [CRON] Auto-refresh triggered
2026-08-05 18:00:00: [2026-08-05T16:00:00.634Z] Fetching data: 2026-08-01 to 2026-08-05
2026-08-05 18:00:00:   Accounts: act_598233003217290, act_1423425976190315, act_1281838446384778
2026-08-05 18:00:01:   Success! Geo totals:
2026-08-05 18:00:01:     LA County: $0.00 / $50000 (0.0%) — 0 leads
2026-08-05 18:00:01:     Orange County: $0.00 / $20000 (0.0%) — 0 leads
2026-08-05 18:00:01:     San Jose: $0.00 / $20000 (0.0%) — 0 leads
2026-08-05 18:00:01:     Green V2 (Outdoor): $0.00 / $10000 (0.0%) — 0 leads
2026-08-05 19:00:00: [CRON] Auto-refresh triggered
2026-08-05 19:00:00: [2026-08-05T17:00:00.730Z] Fetching data: 2026-08-01 to 2026-08-05
2026-08-05 19:00:00:   Accounts: act_598233003217290, act_1423425976190315, act_1281838446384778
2026-08-05 19:00:01:   Success! Geo totals:
2026-08-05 19:00:01:     LA County: $0.00 / $50000 (0.0%) — 0 leads
2026-08-05 19:00:01:     Orange County: $0.00 / $20000 (0.0%) — 0 leads
2026-08-05 19:00:01:     San Jose: $0.00 / $20000 (0.0%) — 0 leads
2026-08-05 19:00:01:     Green V2 (Outdoor): $0.00 / $10000 (0.0%) — 0 leads
2026-08-05 20:00:00: [CRON] Auto-refresh triggered
2026-08-05 20:00:00: [2026-08-05T18:00:00.649Z] Fetching data: 2026-08-01 to 2026-08-05
2026-08-05 20:00:00:   Accounts: act_598233003217290, act_1423425976190315, act_1281838446384778
2026-08-05 20:00:01:   Success! Geo totals:
2026-08-05 20:00:01:     LA County: $0.00 / $50000 (0.0%) — 0 leads
2026-08-05 20:00:01:     Orange County: $0.00 / $20000 (0.0%) — 0 leads
2026-08-05 20:00:01:     San Jose: $0.00 / $20000 (0.0%) — 0 leads
2026-08-05 20:00:01:     Green V2 (Outdoor): $0.00 / $10000 (0.0%) — 0 leads
2026-08-05 21:00:00: [CRON] Auto-refresh triggered
2026-08-05 21:00:00: [2026-08-05T19:00:00.017Z] Fetching data: 2026-08-01 to 2026-08-05
2026-08-05 21:00:00:   Accounts: act_598233003217290, act_1423425976190315, act_1281838446384778
2026-08-05 21:00:00:   Success! Geo totals:
2026-08-05 21:00:00:     LA County: $0.00 / $50000 (0.0%) — 0 leads
2026-08-05 21:00:00:     Orange County: $0.00 / $20000 (0.0%) — 0 leads
2026-08-05 21:00:00:     San Jose: $0.00 / $20000 (0.0%) — 0 leads
2026-08-05 21:00:00:     Green V2 (Outdoor): $0.00 / $10000 (0.0%) — 0 leads
2026-08-05 22:00:00: [CRON] Auto-refresh triggered
2026-08-05 22:00:00: [2026-08-05T20:00:00.691Z] Fetching data: 2026-08-01 to 2026-08-05
2026-08-05 22:00:00:   Accounts: act_598233003217290, act_1423425976190315, act_1281838446384778
2026-08-05 22:00:01:   Success! Geo totals:
2026-08-05 22:00:01:     LA County: $0.00 / $50000 (0.0%) — 0 leads
2026-08-05 22:00:01:     Orange County: $0.00 / $20000 (0.0%) — 0 leads
2026-08-05 22:00:01:     San Jose: $0.00 / $20000 (0.0%) — 0 leads
2026-08-05 22:00:01:     Green V2 (Outdoor): $0.00 / $10000 (0.0%) — 0 leads
2026-08-05 22:36:09: 
========================================
2026-08-05 22:36:09:   Ben ADU Budget Dashboard
2026-08-05 22:36:09:   http://localhost:3500
2026-08-05 22:36:09:   Auto-refresh: every 60 minutes
2026-08-05 22:36:09:   Slack alerts: disabled
2026-08-05 22:36:09:   Password: disabled
2026-08-05 22:36:09: ========================================

2026-08-05 22:36:09: [2026-08-05T20:36:09.502Z] Fetching data: 2026-08-01 to 2026-08-05
2026-08-05 22:36:09:   Accounts: act_598233003217290, act_1423425976190315, act_1281838446384778
2026-08-05 22:36:09:   Success! Geo totals:
2026-08-05 22:36:09:     LA County: $0.00 / $50000 (0.0%) — 0 leads
2026-08-05 22:36:09:     Orange County: $0.00 / $20000 (0.0%) — 0 leads
2026-08-05 22:36:09:     San Jose: $0.00 / $20000 (0.0%) — 0 leads
2026-08-05 22:36:09:     Green V2 (Outdoor): $0.00 / $10000 (0.0%) — 0 leads
2026-08-05 22:41:31: 
========================================
2026-08-05 22:41:31:   Ben ADU Budget Dashboard
2026-08-05 22:41:31:   http://localhost:3500
2026-08-05 22:41:31:   Auto-refresh: every 60 minutes
2026-08-05 22:41:31:   Slack alerts: disabled
2026-08-05 22:41:31:   Password: disabled
2026-08-05 22:41:31: ========================================

2026-08-05 22:41:31: [2026-08-05T20:41:31.791Z] Fetching data: 2026-08-01 to 2026-08-05
2026-08-05 22:41:31:   Accounts: act_598233003217290, act_1423425976190315, act_1281838446384778
2026-08-05 22:41:34:   Success! Geo totals:
2026-08-05 22:41:34:     LA County: $5581.45 / $50000 (11.2%) — 207 leads
2026-08-05 22:41:34:     Orange County: $1422.70 / $20000 (7.1%) — 23 leads
2026-08-05 22:41:34:     San Jose: $3587.50 / $20000 (17.9%) — 98 leads
2026-08-05 22:41:34:     Green V2 (Outdoor): $2188.55 / $10000 (21.9%) — 28 leads
2026-08-05 22:42:35: [2026-08-05T20:42:35.032Z] Fetching data: 2026-08-01 to 2026-08-05
2026-08-05 22:42:35:   Accounts: act_598233003217290, act_1423425976190315, act_1281838446384778
2026-08-05 22:42:37:   Success! Geo totals:
2026-08-05 22:42:37:     LA County: $5584.19 / $50000 (11.2%) — 207 leads
2026-08-05 22:42:37:     Orange County: $1423.35 / $20000 (7.1%) — 23 leads
2026-08-05 22:42:37:     San Jose: $3590.32 / $20000 (18.0%) — 98 leads
2026-08-05 22:42:37:     Green V2 (Outdoor): $2190.87 / $10000 (21.9%) — 28 leads
2026-08-05 22:50:24: 
========================================
2026-08-05 22:50:24:   Ben ADU Budget Dashboard
2026-08-05 22:50:24:   http://localhost:3500
2026-08-05 22:50:24:   Auto-refresh: every 60 minutes
2026-08-05 22:50:24:   Slack alerts: enabled
2026-08-05 22:50:24:   Password: disabled
2026-08-05 22:50:24: ========================================

2026-08-05 22:50:24: [2026-08-05T20:50:24.708Z] Fetching data: 2026-08-01 to 2026-08-05
2026-08-05 22:50:24:   Accounts: act_598233003217290, act_1423425976190315, act_1281838446384778
2026-08-05 22:50:26:   Success! Geo totals:
2026-08-05 22:50:26:     LA County: $5591.71 / $50000 (11.2%) — 207 leads
2026-08-05 22:50:26:     Orange County: $1424.47 / $25000 (5.7%) — 23 leads
2026-08-05 22:50:26:     San Jose: $3595.48 / $25000 (14.4%) — 98 leads
2026-08-05 22:50:26:     Green V2 (Outdoor): $2191.94 / $10000 (21.9%) — 28 leads
2026-08-05 22:53:25: 
========================================
2026-08-05 22:53:25:   Ben ADU Budget Dashboard
2026-08-05 22:53:25:   http://localhost:3500
2026-08-05 22:53:25:   Auto-refresh: every 60 minutes
2026-08-05 22:53:25:   Slack alerts: enabled
2026-08-05 22:53:25:   Password: disabled
2026-08-05 22:53:25: ========================================

2026-08-05 22:53:25: [2026-08-05T20:53:25.076Z] Fetching data: 2026-08-01 to 2026-08-05
2026-08-05 22:53:25:   Accounts: act_598233003217290, act_1423425976190315, act_1281838446384778
2026-08-05 22:53:27:   Success! Geo totals:
2026-08-05 22:53:27:     LA County: $5594.21 / $50000 (11.2%) — 207 leads
2026-08-05 22:53:27:     Orange County: $1425.46 / $25000 (5.7%) — 23 leads
2026-08-05 22:53:27:     San Jose: $3597.47 / $25000 (14.4%) — 98 leads
2026-08-05 22:53:27:     Green V2 (Outdoor): $2193.56 / $10000 (21.9%) — 28 leads
2026-08-05 22:56:39: 
========================================
2026-08-05 22:56:39:   Ben ADU Budget Dashboard
2026-08-05 22:56:39:   http://localhost:3500
2026-08-05 22:56:39:   Auto-refresh: every 60 minutes
2026-08-05 22:56:39:   Slack alerts: enabled
2026-08-05 22:56:39:   Password: disabled
2026-08-05 22:56:39: ========================================

2026-08-05 22:56:39: [2026-08-05T20:56:39.966Z] Fetching data: 2026-08-01 to 2026-08-05
2026-08-05 22:56:39:   Accounts: act_598233003217290, act_1423425976190315, act_1281838446384778
2026-08-05 22:56:42:   Success! Geo totals:
2026-08-05 22:56:42:     LA County: $5597.28 / $50000 (11.2%) — 209 leads
2026-08-05 22:56:42:     Orange County: $1426.57 / $25000 (5.7%) — 23 leads
2026-08-05 22:56:42:     San Jose: $3599.87 / $25000 (14.4%) — 98 leads
2026-08-05 22:56:42:     Green V2 (Outdoor): $2194.19 / $10000 (21.9%) — 28 leads
2026-08-05 22:56:45: [DAILY SUMMARY] posted (35 leads / $1301.93) — Slack 200
2026-08-05 22:59:15: 
========================================
2026-08-05 22:59:15:   Ben ADU Budget Dashboard
2026-08-05 22:59:15:   http://localhost:3500
2026-08-05 22:59:15:   Auto-refresh: every 60 minutes
2026-08-05 22:59:15:   Slack alerts: enabled
2026-08-05 22:59:15:   Password: disabled
2026-08-05 22:59:15: ========================================

2026-08-05 22:59:15: [2026-08-05T20:59:15.268Z] Fetching data: 2026-08-01 to 2026-08-05
2026-08-05 22:59:15:   Accounts: act_598233003217290, act_1423425976190315, act_1281838446384778
2026-08-05 22:59:17:   Success! Geo totals:
2026-08-05 22:59:17:     LA County: $5600.96 / $50000 (11.2%) — 209 leads
2026-08-05 22:59:17:     Orange County: $1426.90 / $25000 (5.7%) — 23 leads
2026-08-05 22:59:17:     San Jose: $3602.40 / $25000 (14.4%) — 99 leads
2026-08-05 22:59:17:     Green V2 (Outdoor): $2195.29 / $10000 (22.0%) — 28 leads
2026-08-05 22:59:18: [2026-08-05T20:59:18.077Z] Fetching data: 2026-08-01 to 2026-08-05
2026-08-05 22:59:18:   Accounts: act_598233003217290, act_1423425976190315, act_1281838446384778
2026-08-05 22:59:20:   Success! Geo totals:
2026-08-05 22:59:20:     LA County: $5600.96 / $50000 (11.2%) — 209 leads
2026-08-05 22:59:20:     Orange County: $1426.90 / $25000 (5.7%) — 23 leads
2026-08-05 22:59:20:     San Jose: $3602.40 / $25000 (14.4%) — 99 leads
2026-08-05 22:59:20:     Green V2 (Outdoor): $2195.29 / $10000 (22.0%) — 28 leads
2026-08-05 22:59:20: [WEEKLY PACING] posted (4 off-pace) — Slack 200
2026-08-05 23:00:00: [CRON] Auto-refresh triggered
2026-08-05 23:00:00: [2026-08-05T21:00:00.262Z] Fetching data: 2026-08-01 to 2026-08-05
2026-08-05 23:00:00:   Accounts: act_598233003217290, act_1423425976190315, act_1281838446384778
2026-08-05 23:00:06:   Success! Geo totals:
2026-08-05 23:00:06:     LA County: $5600.96 / $50000 (11.2%) — 209 leads
2026-08-05 23:00:06:     Orange County: $1426.90 / $25000 (5.7%) — 23 leads
2026-08-05 23:00:06:     San Jose: $3602.40 / $25000 (14.4%) — 99 leads
2026-08-05 23:00:06:     Green V2 (Outdoor): $2195.29 / $10000 (22.0%) — 28 leads
2026-08-05 23:07:07: [2026-08-05T21:07:07.670Z] Fetching data: 2026-08-01 to 2026-08-05
2026-08-05 23:07:07:   Accounts: act_598233003217290, act_1423425976190315, act_1281838446384778
2026-08-05 23:07:10:   Success! Geo totals:
2026-08-05 23:07:10:     LA County: $5608.97 / $50000 (11.2%) — 209 leads
2026-08-05 23:07:10:     Orange County: $1430.00 / $25000 (5.7%) — 23 leads
2026-08-05 23:07:10:     San Jose: $3609.02 / $25000 (14.4%) — 99 leads
2026-08-05 23:07:10:     Green V2 (Outdoor): $2197.70 / $10000 (22.0%) — 28 leads
2026-08-05 23:15:12: [2026-08-05T21:15:12.255Z] Fetching data: 2026-08-01 to 2026-08-05
2026-08-05 23:15:12:   Accounts: act_598233003217290, act_1423425976190315, act_1281838446384778
2026-08-05 23:15:15:   Success! Geo totals:
2026-08-05 23:15:15:     LA County: $5616.63 / $50000 (11.2%) — 209 leads
2026-08-05 23:15:15:     Orange County: $1431.23 / $25000 (5.7%) — 23 leads
2026-08-05 23:15:15:     San Jose: $3613.22 / $25000 (14.5%) — 99 leads
2026-08-05 23:15:15:     Green V2 (Outdoor): $2200.70 / $10000 (22.0%) — 28 leads
2026-08-05 23:23:10: 
========================================
2026-08-05 23:23:10:   Ben ADU Budget Dashboard
2026-08-05 23:23:10:   http://localhost:3500
2026-08-05 23:23:10:   Auto-refresh: every 60 minutes
2026-08-05 23:23:10:   Slack alerts: enabled
2026-08-05 23:23:10:   Password: disabled
2026-08-05 23:23:10: ========================================

2026-08-05 23:23:10: [2026-08-05T21:23:10.442Z] Fetching data: 2026-08-01 to 2026-08-05
2026-08-05 23:23:10:   Accounts: act_598233003217290, act_1423425976190315, act_1281838446384778
2026-08-05 23:23:12:   Success! Geo totals:
2026-08-05 23:23:12:     LA County: $5626.55 / $50000 (11.3%) — 209 leads
2026-08-05 23:23:12:     Orange County: $1433.66 / $25000 (5.7%) — 23 leads
2026-08-05 23:23:12:     San Jose: $3620.47 / $25000 (14.5%) — 99 leads
2026-08-05 23:23:12:     Green V2 (Outdoor): $2202.17 / $10000 (22.0%) — 28 leads
2026-08-05 23:23:24: 
========================================
2026-08-05 23:23:24:   Ben ADU Budget Dashboard
2026-08-05 23:23:24:   http://localhost:3500
2026-08-05 23:23:24:   Auto-refresh: every 60 minutes
2026-08-05 23:23:24:   Slack alerts: enabled
2026-08-05 23:23:24:   Password: disabled
2026-08-05 23:23:24: ========================================

2026-08-05 23:23:24: [2026-08-05T21:23:24.648Z] Fetching data: 2026-08-01 to 2026-08-05
2026-08-05 23:23:24:   Accounts: act_598233003217290, act_1423425976190315, act_1281838446384778
2026-08-05 23:23:27:   Success! Geo totals:
2026-08-05 23:23:27:     ADU — LA County: $5626.55 / $50000 (11.3%) — 209 leads
2026-08-05 23:23:27:     ADU — Orange County: $1433.66 / $25000 (5.7%) — 23 leads
2026-08-05 23:23:27:     ADU — San Jose: $3620.47 / $25000 (14.5%) — 99 leads
2026-08-05 23:23:27:     Outdoor Program — San Jose: $2202.17 / $10000 (22.0%) — 28 leads
2026-08-05 23:34:23: [2026-08-05T21:34:23.825Z] Fetching data: 2026-08-01 to 2026-08-05
2026-08-05 23:34:23:   Accounts: act_598233003217290, act_1423425976190315, act_1281838446384778
2026-08-05 23:34:26:   Success! Geo totals:
2026-08-05 23:34:26:     ADU — LA County: $5636.47 / $50000 (11.3%) — 209 leads
2026-08-05 23:34:26:     ADU — Orange County: $1437.57 / $25000 (5.8%) — 23 leads
2026-08-05 23:34:26:     ADU — San Jose: $3629.19 / $25000 (14.5%) — 99 leads
2026-08-05 23:34:26:     Outdoor Program — San Jose: $2206.45 / $10000 (22.1%) — 28 leads
2026-08-06 00:00:00: [CRON] Auto-refresh triggered
2026-08-06 00:00:00: [2026-08-05T22:00:00.211Z] Fetching data: 2026-08-01 to 2026-08-06
2026-08-06 00:00:00:   Accounts: act_598233003217290, act_1423425976190315, act_1281838446384778
2026-08-06 00:00:05:   Success! Geo totals:
2026-08-06 00:00:05:     ADU — LA County: $5663.13 / $50000 (11.3%) — 209 leads
2026-08-06 00:00:05:     ADU — Orange County: $1448.49 / $25000 (5.8%) — 24 leads
2026-08-06 00:00:05:     ADU — San Jose: $3647.51 / $25000 (14.6%) — 99 leads
2026-08-06 00:00:05:     Outdoor Program — San Jose: $2214.15 / $10000 (22.1%) — 28 leads
2026-08-06 01:00:00: [CRON] Auto-refresh triggered
2026-08-06 01:00:00: [2026-08-05T23:00:00.792Z] Fetching data: 2026-08-01 to 2026-08-06
2026-08-06 01:00:00:   Accounts: act_598233003217290, act_1423425976190315, act_1281838446384778
2026-08-06 01:00:04:   Success! Geo totals:
2026-08-06 01:00:04:     ADU — LA County: $5738.18 / $50000 (11.5%) — 211 leads
2026-08-06 01:00:04:     ADU — Orange County: $1481.83 / $25000 (5.9%) — 25 leads
2026-08-06 01:00:04:     ADU — San Jose: $3682.91 / $25000 (14.7%) — 102 leads
2026-08-06 01:00:04:     Outdoor Program — San Jose: $2235.21 / $10000 (22.4%) — 28 leads
2026-08-06 02:00:00: [CRON] Auto-refresh triggered
2026-08-06 02:00:00: [2026-08-06T00:00:00.985Z] Fetching data: 2026-08-01 to 2026-08-06
2026-08-06 02:00:00:   Accounts: act_598233003217290, act_1423425976190315, act_1281838446384778
2026-08-06 02:00:07:   Success! Geo totals:
2026-08-06 02:00:07:     ADU — LA County: $5814.98 / $50000 (11.6%) — 211 leads
2026-08-06 02:00:07:     ADU — Orange County: $1519.04 / $25000 (6.1%) — 25 leads
2026-08-06 02:00:07:     ADU — San Jose: $3739.92 / $25000 (15.0%) — 104 leads
2026-08-06 02:00:07:     Outdoor Program — San Jose: $2253.35 / $10000 (22.5%) — 29 leads
2026-08-06 03:00:00: [CRON] Auto-refresh triggered
2026-08-06 03:00:00: [2026-08-06T01:00:00.161Z] Fetching data: 2026-08-01 to 2026-08-06
2026-08-06 03:00:00:   Accounts: act_598233003217290, act_1423425976190315, act_1281838446384778
2026-08-06 03:00:03:   Success! Geo totals:
2026-08-06 03:00:03:     ADU — LA County: $5883.16 / $50000 (11.8%) — 211 leads
2026-08-06 03:00:03:     ADU — Orange County: $1544.11 / $25000 (6.2%) — 26 leads
2026-08-06 03:00:03:     ADU — San Jose: $3796.55 / $25000 (15.2%) — 106 leads
2026-08-06 03:00:03:     Outdoor Program — San Jose: $2270.60 / $10000 (22.7%) — 29 leads
2026-08-06 04:00:00: [CRON] Auto-refresh triggered
2026-08-06 04:00:00: [2026-08-06T02:00:00.843Z] Fetching data: 2026-08-01 to 2026-08-06
2026-08-06 04:00:00:   Accounts: act_598233003217290, act_1423425976190315, act_1281838446384778
2026-08-06 04:00:04:   Success! Geo totals:
2026-08-06 04:00:04:     ADU — LA County: $5954.90 / $50000 (11.9%) — 214 leads
2026-08-06 04:00:04:     ADU — Orange County: $1576.14 / $25000 (6.3%) — 28 leads
2026-08-06 04:00:04:     ADU — San Jose: $3847.05 / $25000 (15.4%) — 109 leads
2026-08-06 04:00:04:     Outdoor Program — San Jose: $2283.63 / $10000 (22.8%) — 29 leads
2026-08-06 05:00:00: [CRON] Auto-refresh triggered
2026-08-06 05:00:00: [2026-08-06T03:00:00.380Z] Fetching data: 2026-08-01 to 2026-08-06
2026-08-06 05:00:00:   Accounts: act_598233003217290, act_1423425976190315, act_1281838446384778
2026-08-06 05:00:04:   Success! Geo totals:
2026-08-06 05:00:04:     ADU — LA County: $6038.52 / $50000 (12.1%) — 217 leads
2026-08-06 05:00:04:     ADU — Orange County: $1598.85 / $25000 (6.4%) — 28 leads
2026-08-06 05:00:04:     ADU — San Jose: $3892.18 / $25000 (15.6%) — 111 leads
2026-08-06 05:00:04:     Outdoor Program — San Jose: $2298.79 / $10000 (23.0%) — 29 leads
2026-08-06 05:55:00: [CRON] Daily lead summary triggered
2026-08-06 05:55:03: [DAILY SUMMARY] posted (0 leads / $0.00) — Slack 200
2026-08-06 06:00:00: [CRON] Auto-refresh triggered
2026-08-06 06:00:00: [2026-08-06T04:00:00.101Z] Fetching data: 2026-08-01 to 2026-08-06
2026-08-06 06:00:00:   Accounts: act_598233003217290, act_1423425976190315, act_1281838446384778
2026-08-06 06:00:03:   Success! Geo totals:
2026-08-06 06:00:03:     ADU — LA County: $6119.90 / $50000 (12.2%) — 218 leads
2026-08-06 06:00:03:     ADU — Orange County: $1626.48 / $25000 (6.5%) — 28 leads
2026-08-06 06:00:03:     ADU — San Jose: $3929.58 / $25000 (15.7%) — 113 leads
2026-08-06 06:00:03:     Outdoor Program — San Jose: $2313.72 / $10000 (23.1%) — 29 leads
2026-08-06 07:00:00: [CRON] Auto-refresh triggered
2026-08-06 07:00:00: [2026-08-06T05:00:00.132Z] Fetching data: 2026-08-01 to 2026-08-06
2026-08-06 07:00:00:   Accounts: act_598233003217290, act_1423425976190315, act_1281838446384778
2026-08-06 07:00:02:   Success! Geo totals:
2026-08-06 07:00:02:     ADU — LA County: $6206.56 / $50000 (12.4%) — 218 leads
2026-08-06 07:00:02:     ADU — Orange County: $1662.08 / $25000 (6.6%) — 29 leads
2026-08-06 07:00:02:     ADU — San Jose: $3971.33 / $25000 (15.9%) — 116 leads
2026-08-06 07:00:02:     Outdoor Program — San Jose: $2328.12 / $10000 (23.3%) — 29 leads
2026-08-06 08:00:00: [CRON] Auto-refresh triggered
2026-08-06 08:00:00: [2026-08-06T06:00:00.596Z] Fetching data: 2026-08-01 to 2026-08-06
2026-08-06 08:00:00:   Accounts: act_598233003217290, act_1423425976190315, act_1281838446384778
2026-08-06 08:00:03:   Success! Geo totals:
2026-08-06 08:00:03:     ADU — LA County: $6274.37 / $50000 (12.5%) — 220 leads
2026-08-06 08:00:03:     ADU — Orange County: $1686.99 / $25000 (6.7%) — 29 leads
2026-08-06 08:00:03:     ADU — San Jose: $4014.04 / $25000 (16.1%) — 118 leads
2026-08-06 08:00:03:     Outdoor Program — San Jose: $2347.12 / $10000 (23.5%) — 30 leads
2026-08-06 09:00:00: [CRON] Auto-refresh triggered
2026-08-06 09:00:00: [2026-08-06T07:00:00.519Z] Fetching data: 2026-08-01 to 2026-08-06
2026-08-06 09:00:00:   Accounts: act_598233003217290, act_1423425976190315, act_1281838446384778
2026-08-06 09:00:03:   Success! Geo totals:
2026-08-06 09:00:03:     ADU — LA County: $6323.02 / $50000 (12.6%) — 223 leads
2026-08-06 09:00:03:     ADU — Orange County: $1707.84 / $25000 (6.8%) — 29 leads
2026-08-06 09:00:03:     ADU — San Jose: $4037.12 / $25000 (16.1%) — 119 leads
2026-08-06 09:00:03:     Outdoor Program — San Jose: $2359.25 / $10000 (23.6%) — 30 leads
2026-08-06 10:00:00: [CRON] Auto-refresh triggered
2026-08-06 10:00:00: [2026-08-06T08:00:00.192Z] Fetching data: 2026-08-01 to 2026-08-06
2026-08-06 10:00:00:   Accounts: act_598233003217290, act_1423425976190315, act_1281838446384778
2026-08-06 10:00:02:   Success! Geo totals:
2026-08-06 10:00:02:     ADU — LA County: $6354.35 / $50000 (12.7%) — 227 leads
2026-08-06 10:00:02:     ADU — Orange County: $1715.89 / $25000 (6.9%) — 29 leads
2026-08-06 10:00:02:     ADU — San Jose: $4053.41 / $25000 (16.2%) — 119 leads
2026-08-06 10:00:02:     Outdoor Program — San Jose: $2369.37 / $10000 (23.7%) — 30 leads
2026-08-06 11:00:00: [CRON] Auto-refresh triggered
2026-08-06 11:00:00: [2026-08-06T09:00:00.553Z] Fetching data: 2026-08-01 to 2026-08-06
2026-08-06 11:00:00:   Accounts: act_598233003217290, act_1423425976190315, act_1281838446384778
2026-08-06 11:00:03:   Success! Geo totals:
2026-08-06 11:00:03:     ADU — LA County: $6376.90 / $50000 (12.8%) — 227 leads
2026-08-06 11:00:03:     ADU — Orange County: $1722.76 / $25000 (6.9%) — 29 leads
2026-08-06 11:00:03:     ADU — San Jose: $4062.59 / $25000 (16.3%) — 119 leads
2026-08-06 11:00:03:     Outdoor Program — San Jose: $2375.00 / $10000 (23.8%) — 30 leads
2026-08-06 14:25:52: 
========================================
2026-08-06 14:25:52:   Ben ADU Budget Dashboard
2026-08-06 14:25:52:   http://localhost:3500
2026-08-06 14:25:52:   Auto-refresh: every 60 minutes
2026-08-06 14:25:52:   Slack alerts: enabled
2026-08-06 14:25:52:   Password: disabled
2026-08-06 14:25:52: ========================================

2026-08-06 14:25:52: [2026-08-06T12:25:52.825Z] Fetching data: 2026-08-01 to 2026-08-06
2026-08-06 14:25:52:   Accounts: act_598233003217290, act_1423425976190315, act_1281838446384778
2026-08-06 14:25:55:   Success! Geo totals:
2026-08-06 14:25:55:     ADU — LA County: $6435.25 / $50000 (12.9%) — 231 leads
2026-08-06 14:25:55:     ADU — Orange County: $1735.92 / $25000 (6.9%) — 29 leads
2026-08-06 14:25:55:     ADU — San Jose: $4088.58 / $25000 (16.4%) — 121 leads
2026-08-06 14:25:55:     Outdoor Program — San Jose: $2389.63 / $10000 (23.9%) — 30 leads
2026-08-06 14:25:57: [2026-08-06T12:25:57.452Z] Fetching data: 2026-08-01 to 2026-08-06
2026-08-06 14:25:57:   Accounts: act_598233003217290, act_1423425976190315, act_1281838446384778
2026-08-06 14:25:59:   Success! Geo totals:
2026-08-06 14:25:59:     ADU — LA County: $6435.25 / $50000 (12.9%) — 231 leads
2026-08-06 14:25:59:     ADU — Orange County: $1735.92 / $25000 (6.9%) — 29 leads
2026-08-06 14:25:59:     ADU — San Jose: $4088.58 / $25000 (16.4%) — 121 leads
2026-08-06 14:25:59:     Outdoor Program — San Jose: $2389.63 / $10000 (23.9%) — 30 leads
2026-08-06 14:28:12: [2026-08-06T12:28:12.265Z] Fetching data: 2026-08-01 to 2026-08-06
2026-08-06 14:28:12:   Accounts: act_598233003217290, act_1423425976190315, act_1281838446384778
2026-08-06 14:28:14:   Success! Geo totals:
2026-08-06 14:28:14:     ADU — LA County: $6436.13 / $50000 (12.9%) — 231 leads
2026-08-06 14:28:14:     ADU — Orange County: $1736.18 / $25000 (6.9%) — 29 leads
2026-08-06 14:28:14:     ADU — San Jose: $4089.07 / $25000 (16.4%) — 121 leads
2026-08-06 14:28:14:     Outdoor Program — San Jose: $2389.75 / $10000 (23.9%) — 30 leads
2026-08-06 14:56:29: 
========================================
2026-08-06 14:56:29:   Ben ADU Budget Dashboard
2026-08-06 14:56:29:   http://localhost:3500
2026-08-06 14:56:29:   Auto-refresh: every 60 minutes
2026-08-06 14:56:29:   Slack alerts: enabled
2026-08-06 14:56:29:   Password: disabled
2026-08-06 14:56:29: ========================================

2026-08-06 14:56:29: [2026-08-06T12:56:29.644Z] Fetching data: 2026-08-01 to 2026-08-06
2026-08-06 14:56:29:   Accounts: act_598233003217290, act_1423425976190315, act_1281838446384778
2026-08-06 14:56:32:   Success! Geo totals:
2026-08-06 14:56:32:     ADU — LA County: $6444.00 / $50000 (12.9%) — 231 leads
2026-08-06 14:56:32:     ADU — Orange County: $1741.82 / $25000 (7.0%) — 29 leads
2026-08-06 14:56:32:     ADU — San Jose: $4095.14 / $25000 (16.4%) — 121 leads
2026-08-06 14:56:32:     Outdoor Program — San Jose: $2393.64 / $10000 (23.9%) — 30 leads
2026-08-06 14:56:34: [DAILY SUMMARY] posted (13 leads / $400.39) — Slack 200
2026-08-06 15:00:00: [CRON] Auto-refresh triggered
2026-08-06 15:00:00: [2026-08-06T13:00:00.781Z] Fetching data: 2026-08-01 to 2026-08-06
2026-08-06 15:00:00:   Accounts: act_598233003217290, act_1423425976190315, act_1281838446384778
2026-08-06 15:00:04:   Success! Geo totals:
2026-08-06 15:00:04:     ADU — LA County: $6445.95 / $50000 (12.9%) — 231 leads
2026-08-06 15:00:04:     ADU — Orange County: $1743.55 / $25000 (7.0%) — 29 leads
2026-08-06 15:00:04:     ADU — San Jose: $4096.38 / $25000 (16.4%) — 121 leads
2026-08-06 15:00:04:     Outdoor Program — San Jose: $2393.96 / $10000 (23.9%) — 30 leads
2026-08-06 15:49:15: [2026-08-06T13:49:15.422Z] Fetching data: 2026-08-01 to 2026-08-06
2026-08-06 15:49:15:   Accounts: act_598233003217290, act_1423425976190315, act_1281838446384778
2026-08-06 15:49:17:   Success! Geo totals:
2026-08-06 15:49:17:     ADU — LA County: $6475.53 / $50000 (13.0%) — 231 leads
2026-08-06 15:49:17:     ADU — Orange County: $1755.45 / $25000 (7.0%) — 29 leads
2026-08-06 15:49:17:     ADU — San Jose: $4110.07 / $25000 (16.4%) — 121 leads
2026-08-06 15:49:17:     Outdoor Program — San Jose: $2405.01 / $10000 (24.1%) — 30 leads
2026-08-06 16:00:00: [CRON] Auto-refresh triggered
2026-08-06 16:00:00: [2026-08-06T14:00:00.038Z] Fetching data: 2026-08-01 to 2026-08-06
2026-08-06 16:00:00:   Accounts: act_598233003217290, act_1423425976190315, act_1281838446384778
2026-08-06 16:00:04:   Success! Geo totals:
2026-08-06 16:00:04:     ADU — LA County: $6484.80 / $50000 (13.0%) — 231 leads
2026-08-06 16:00:04:     ADU — Orange County: $1759.27 / $25000 (7.0%) — 29 leads
2026-08-06 16:00:04:     ADU — San Jose: $4115.65 / $25000 (16.5%) — 121 leads
2026-08-06 16:00:04:     Outdoor Program — San Jose: $2407.37 / $10000 (24.1%) — 30 leads
2026-08-06 17:00:00: [CRON] Auto-refresh triggered
2026-08-06 17:00:00: [2026-08-06T15:00:00.885Z] Fetching data: 2026-08-01 to 2026-08-06
2026-08-06 17:00:00:   Accounts: act_598233003217290, act_1423425976190315, act_1281838446384778
2026-08-06 17:00:04:   Success! Geo totals:
2026-08-06 17:00:04:     ADU — LA County: $6546.04 / $50000 (13.1%) — 231 leads
2026-08-06 17:00:04:     ADU — Orange County: $1802.65 / $25000 (7.2%) — 29 leads
2026-08-06 17:00:04:     ADU — San Jose: $4143.06 / $25000 (16.6%) — 121 leads
2026-08-06 17:00:04:     Outdoor Program — San Jose: $2425.48 / $10000 (24.3%) — 31 leads
2026-08-06 18:00:00: [CRON] Auto-refresh triggered
2026-08-06 18:00:00: [2026-08-06T16:00:00.536Z] Fetching data: 2026-08-01 to 2026-08-06
2026-08-06 18:00:00:   Accounts: act_598233003217290, act_1423425976190315, act_1281838446384778
2026-08-06 18:00:04:   Success! Geo totals:
2026-08-06 18:00:04:     ADU — LA County: $6617.94 / $50000 (13.2%) — 233 leads
2026-08-06 18:00:04:     ADU — Orange County: $1844.83 / $25000 (7.4%) — 30 leads
2026-08-06 18:00:04:     ADU — San Jose: $4175.49 / $25000 (16.7%) — 121 leads
2026-08-06 18:00:04:     Outdoor Program — San Jose: $2441.34 / $10000 (24.4%) — 31 leads
2026-08-06 19:00:00: [CRON] Auto-refresh triggered
2026-08-06 19:00:00: [2026-08-06T17:00:00.174Z] Fetching data: 2026-08-01 to 2026-08-06
2026-08-06 19:00:00:   Accounts: act_598233003217290, act_1423425976190315, act_1281838446384778
2026-08-06 19:00:04:   Success! Geo totals:
2026-08-06 19:00:04:     ADU — LA County: $6689.04 / $50000 (13.4%) — 235 leads
2026-08-06 19:00:04:     ADU — Orange County: $1886.59 / $25000 (7.5%) — 31 leads
2026-08-06 19:00:04:     ADU — San Jose: $4208.16 / $25000 (16.8%) — 121 leads
2026-08-06 19:00:04:     Outdoor Program — San Jose: $2456.97 / $10000 (24.6%) — 31 leads
2026-08-06 20:00:00: [CRON] Auto-refresh triggered
2026-08-06 20:00:00: [2026-08-06T18:00:00.897Z] Fetching data: 2026-08-01 to 2026-08-06
2026-08-06 20:00:00:   Accounts: act_598233003217290, act_1423425976190315, act_1281838446384778
2026-08-06 20:00:04:   Success! Geo totals:
2026-08-06 20:00:04:     ADU — LA County: $6765.79 / $50000 (13.5%) — 239 leads
2026-08-06 20:00:04:     ADU — Orange County: $1934.62 / $25000 (7.7%) — 33 leads
2026-08-06 20:00:04:     ADU — San Jose: $4251.68 / $25000 (17.0%) — 124 leads
2026-08-06 20:00:04:     Outdoor Program — San Jose: $2476.32 / $10000 (24.8%) — 31 leads
2026-08-06 21:00:00: [CRON] Auto-refresh triggered
2026-08-06 21:00:00: [2026-08-06T19:00:00.055Z] Fetching data: 2026-08-01 to 2026-08-06
2026-08-06 21:00:00:   Accounts: act_598233003217290, act_1423425976190315, act_1281838446384778
2026-08-06 21:00:04:   Success! Geo totals:
2026-08-06 21:00:04:     ADU — LA County: $6843.58 / $50000 (13.7%) — 240 leads
2026-08-06 21:00:04:     ADU — Orange County: $1982.18 / $25000 (7.9%) — 34 leads
2026-08-06 21:00:04:     ADU — San Jose: $4299.90 / $25000 (17.2%) — 124 leads
2026-08-06 21:00:04:     Outdoor Program — San Jose: $2491.02 / $10000 (24.9%) — 31 leads
2026-08-06 22:00:00: [CRON] Auto-refresh triggered
2026-08-06 22:00:00: [2026-08-06T20:00:00.725Z] Fetching data: 2026-08-01 to 2026-08-06
2026-08-06 22:00:00:   Accounts: act_598233003217290, act_1423425976190315, act_1281838446384778
2026-08-06 22:00:04:   Success! Geo totals:
2026-08-06 22:00:04:     ADU — LA County: $6920.45 / $50000 (13.8%) — 240 leads
2026-08-06 22:00:04:     ADU — Orange County: $2031.69 / $25000 (8.1%) — 34 leads
2026-08-06 22:00:04:     ADU — San Jose: $4353.10 / $25000 (17.4%) — 126 leads
2026-08-06 22:00:04:     Outdoor Program — San Jose: $2518.39 / $10000 (25.2%) — 31 leads
2026-08-06 23:00:00: [CRON] Auto-refresh triggered
2026-08-06 23:00:00: [2026-08-06T21:00:00.535Z] Fetching data: 2026-08-01 to 2026-08-06
2026-08-06 23:00:00:   Accounts: act_598233003217290, act_1423425976190315, act_1281838446384778
2026-08-06 23:00:05:   Success! Geo totals:
2026-08-06 23:00:05:     ADU — LA County: $6984.32 / $50000 (14.0%) — 240 leads
2026-08-06 23:00:05:     ADU — Orange County: $2071.00 / $25000 (8.3%) — 34 leads
2026-08-06 23:00:05:     ADU — San Jose: $4395.03 / $25000 (17.6%) — 126 leads
2026-08-06 23:00:05:     Outdoor Program — San Jose: $2538.05 / $10000 (25.4%) — 31 leads
2026-08-07 00:00:00: [CRON] Auto-refresh triggered
2026-08-07 00:00:00: [2026-08-06T22:00:00.115Z] Fetching data: 2026-08-01 to 2026-08-06
2026-08-07 00:00:00:   Accounts: act_598233003217290, act_1423425976190315, act_1281838446384778
2026-08-07 00:00:04:   Success! Geo totals:
2026-08-07 00:00:04:     ADU — LA County: $7054.28 / $50000 (14.1%) — 242 leads
2026-08-07 00:00:04:     ADU — Orange County: $2107.94 / $25000 (8.4%) — 35 leads
2026-08-07 00:00:04:     ADU — San Jose: $4436.42 / $25000 (17.7%) — 126 leads
2026-08-07 00:00:04:     Outdoor Program — San Jose: $2558.72 / $10000 (25.6%) — 31 leads
2026-08-07 01:00:00: [CRON] Auto-refresh triggered
2026-08-07 01:00:00: [2026-08-06T23:00:00.310Z] Fetching data: 2026-08-01 to 2026-08-06
2026-08-07 01:00:00:   Accounts: act_598233003217290, act_1423425976190315, act_1281838446384778
2026-08-07 01:00:03:   Success! Geo totals:
2026-08-07 01:00:03:     ADU — LA County: $7114.27 / $50000 (14.2%) — 244 leads
2026-08-07 01:00:03:     ADU — Orange County: $2158.43 / $25000 (8.6%) — 35 leads
2026-08-07 01:00:03:     ADU — San Jose: $4480.39 / $25000 (17.9%) — 126 leads
2026-08-07 01:00:03:     Outdoor Program — San Jose: $2573.12 / $10000 (25.7%) — 31 leads
2026-08-07 02:00:00: [CRON] Auto-refresh triggered
2026-08-07 02:00:00: [2026-08-07T00:00:00.660Z] Fetching data: 2026-08-01 to 2026-08-06
2026-08-07 02:00:00:   Accounts: act_598233003217290, act_1423425976190315, act_1281838446384778
2026-08-07 02:00:08:   Success! Geo totals:
2026-08-07 02:00:08:     ADU — LA County: $7196.14 / $50000 (14.4%) — 245 leads
2026-08-07 02:00:08:     ADU — Orange County: $2229.46 / $25000 (8.9%) — 36 leads
2026-08-07 02:00:08:     ADU — San Jose: $4537.89 / $25000 (18.2%) — 127 leads
2026-08-07 02:00:08:     Outdoor Program — San Jose: $2594.46 / $10000 (25.9%) — 35 leads
2026-08-07 03:00:00: [CRON] Auto-refresh triggered
2026-08-07 03:00:00: [2026-08-07T01:00:00.278Z] Fetching data: 2026-08-01 to 2026-08-06
2026-08-07 03:00:00:   Accounts: act_598233003217290, act_1423425976190315, act_1281838446384778
2026-08-07 03:00:03:   Success! Geo totals:
2026-08-07 03:00:03:     ADU — LA County: $7277.95 / $50000 (14.6%) — 252 leads
2026-08-07 03:00:03:     ADU — Orange County: $2279.32 / $25000 (9.1%) — 37 leads
2026-08-07 03:00:03:     ADU — San Jose: $4589.33 / $25000 (18.4%) — 128 leads
2026-08-07 03:00:03:     Outdoor Program — San Jose: $2614.41 / $10000 (26.1%) — 35 leads
2026-08-07 04:00:00: [CRON] Auto-refresh triggered
2026-08-07 04:00:00: [2026-08-07T02:00:00.891Z] Fetching data: 2026-08-01 to 2026-08-06
2026-08-07 04:00:00:   Accounts: act_598233003217290, act_1423425976190315, act_1281838446384778
2026-08-07 04:00:04:   Success! Geo totals:
2026-08-07 04:00:04:     ADU — LA County: $7350.00 / $50000 (14.7%) — 252 leads
2026-08-07 04:00:04:     ADU — Orange County: $2337.49 / $25000 (9.3%) — 38 leads
2026-08-07 04:00:04:     ADU — San Jose: $4649.02 / $25000 (18.6%) — 130 leads
2026-08-07 04:00:04:     Outdoor Program — San Jose: $2637.89 / $10000 (26.4%) — 36 leads
2026-08-07 05:00:00: [CRON] Auto-refresh triggered
2026-08-07 05:00:00: [2026-08-07T03:00:00.299Z] Fetching data: 2026-08-01 to 2026-08-06
2026-08-07 05:00:00:   Accounts: act_598233003217290, act_1423425976190315, act_1281838446384778
2026-08-07 05:00:03:   Success! Geo totals:
2026-08-07 05:00:03:     ADU — LA County: $7413.58 / $50000 (14.8%) — 254 leads
2026-08-07 05:00:03:     ADU — Orange County: $2381.43 / $25000 (9.5%) — 39 leads
2026-08-07 05:00:03:     ADU — San Jose: $4694.01 / $25000 (18.8%) — 133 leads
2026-08-07 05:00:03:     Outdoor Program — San Jose: $2657.93 / $10000 (26.6%) — 37 leads
2026-08-07 06:00:00: [CRON] Auto-refresh triggered
2026-08-07 06:00:00: [2026-08-07T04:00:00.915Z] Fetching data: 2026-08-01 to 2026-08-06
2026-08-07 06:00:00:   Accounts: act_598233003217290, act_1423425976190315, act_1281838446384778
2026-08-07 06:00:05:   Success! Geo totals:
2026-08-07 06:00:05:     ADU — LA County: $7483.56 / $50000 (15.0%) — 256 leads
2026-08-07 06:00:05:     ADU — Orange County: $2425.46 / $25000 (9.7%) — 39 leads
2026-08-07 06:00:05:     ADU — San Jose: $4741.19 / $25000 (19.0%) — 133 leads
2026-08-07 06:00:05:     Outdoor Program — San Jose: $2681.49 / $10000 (26.8%) — 37 leads
2026-08-07 07:00:00: [CRON] Auto-refresh triggered
2026-08-07 07:00:00: [2026-08-07T05:00:00.711Z] Fetching data: 2026-08-01 to 2026-08-06
2026-08-07 07:00:00:   Accounts: act_598233003217290, act_1423425976190315, act_1281838446384778
2026-08-07 07:00:04:   Success! Geo totals:
2026-08-07 07:00:04:     ADU — LA County: $7517.25 / $50000 (15.0%) — 260 leads
2026-08-07 07:00:04:     ADU — Orange County: $2483.11 / $25000 (9.9%) — 39 leads
2026-08-07 07:00:04:     ADU — San Jose: $4796.67 / $25000 (19.2%) — 133 leads
2026-08-07 07:00:04:     Outdoor Program — San Jose: $2685.71 / $10000 (26.9%) — 37 leads
2026-08-07 08:00:00: [CRON] Auto-refresh triggered
2026-08-07 08:00:00: [2026-08-07T06:00:00.290Z] Fetching data: 2026-08-01 to 2026-08-06
2026-08-07 08:00:00:   Accounts: act_598233003217290, act_1423425976190315, act_1281838446384778
2026-08-07 08:00:03:   Success! Geo totals:
2026-08-07 08:00:03:     ADU — LA County: $7535.43 / $50000 (15.1%) — 260 leads
2026-08-07 08:00:03:     ADU — Orange County: $2517.62 / $25000 (10.1%) — 41 leads
2026-08-07 08:00:03:     ADU — San Jose: $4837.50 / $25000 (19.4%) — 134 leads
2026-08-07 08:00:03:     Outdoor Program — San Jose: $2687.50 / $10000 (26.9%) — 37 leads
2026-08-07 08:55:00: [CRON] Daily lead summary triggered
2026-08-07 08:55:04: [DAILY SUMMARY] posted (76 leads / $3365.01) — Slack 200
2026-08-07 09:00:00: [CRON] Auto-refresh triggered
2026-08-07 09:00:00: [2026-08-07T07:00:00.729Z] Fetching data: 2026-08-01 to 2026-08-07
2026-08-07 09:00:00:   Accounts: act_598233003217290, act_1423425976190315, act_1281838446384778
2026-08-07 09:00:04:   Success! Geo totals:
2026-08-07 09:00:04:     ADU — LA County: $7670.16 / $50000 (15.3%) — 262 leads
2026-08-07 09:00:04:     ADU — Orange County: $2540.30 / $25000 (10.2%) — 41 leads
2026-08-07 09:00:04:     ADU — San Jose: $4870.64 / $25000 (19.5%) — 136 leads
2026-08-07 09:00:04:     Outdoor Program — San Jose: $2742.90 / $10000 (27.4%) — 37 leads
2026-08-07 10:00:00: [CRON] Auto-refresh triggered
2026-08-07 10:00:00: [2026-08-07T08:00:00.688Z] Fetching data: 2026-08-01 to 2026-08-07
2026-08-07 10:00:00:   Accounts: act_598233003217290, act_1423425976190315, act_1281838446384778
2026-08-07 10:00:03:   Success! Geo totals:
2026-08-07 10:00:03:     ADU — LA County: $7696.52 / $50000 (15.4%) — 263 leads
2026-08-07 10:00:03:     ADU — Orange County: $2557.08 / $25000 (10.2%) — 41 leads
2026-08-07 10:00:03:     ADU — San Jose: $4891.68 / $25000 (19.6%) — 137 leads
2026-08-07 10:00:03:     Outdoor Program — San Jose: $2751.88 / $10000 (27.5%) — 37 leads
2026-08-07 11:00:00: [CRON] Auto-refresh triggered
2026-08-07 11:00:00: [2026-08-07T09:00:00.427Z] Fetching data: 2026-08-01 to 2026-08-07
2026-08-07 11:00:00:   Accounts: act_598233003217290, act_1423425976190315, act_1281838446384778
2026-08-07 11:00:05:   Success! Geo totals:
2026-08-07 11:00:05:     ADU — LA County: $7714.98 / $50000 (15.4%) — 263 leads
2026-08-07 11:00:05:     ADU — Orange County: $2564.53 / $25000 (10.3%) — 41 leads
2026-08-07 11:00:05:     ADU — San Jose: $4899.15 / $25000 (19.6%) — 137 leads
2026-08-07 11:00:05:     Outdoor Program — San Jose: $2756.29 / $10000 (27.6%) — 37 leads
2026-08-07 12:00:00: [CRON] Auto-refresh triggered
2026-08-07 12:00:00: [2026-08-07T10:00:00.214Z] Fetching data: 2026-08-01 to 2026-08-07
2026-08-07 12:00:00:   Accounts: act_598233003217290, act_1423425976190315, act_1281838446384778
2026-08-07 12:00:05:   Success! Geo totals:
2026-08-07 12:00:05:     ADU — LA County: $7725.96 / $50000 (15.5%) — 263 leads
2026-08-07 12:00:05:     ADU — Orange County: $2570.37 / $25000 (10.3%) — 41 leads
2026-08-07 12:00:05:     ADU — San Jose: $4905.95 / $25000 (19.6%) — 137 leads
2026-08-07 12:00:05:     Outdoor Program — San Jose: $2760.01 / $10000 (27.6%) — 38 leads
2026-08-07 13:00:00: [CRON] Auto-refresh triggered
2026-08-07 13:00:00: [2026-08-07T11:00:00.370Z] Fetching data: 2026-08-01 to 2026-08-07
2026-08-07 13:00:00:   Accounts: act_598233003217290, act_1423425976190315, act_1281838446384778
2026-08-07 13:00:04:   Success! Geo totals:
2026-08-07 13:00:04:     ADU — LA County: $7732.87 / $50000 (15.5%) — 263 leads
2026-08-07 13:00:04:     ADU — Orange County: $2577.28 / $25000 (10.3%) — 41 leads
2026-08-07 13:00:04:     ADU — San Jose: $4911.87 / $25000 (19.6%) — 137 leads
2026-08-07 13:00:04:     Outdoor Program — San Jose: $2762.52 / $10000 (27.6%) — 38 leads
2026-08-07 14:00:00: [CRON] Auto-refresh triggered
2026-08-07 14:00:00: [2026-08-07T12:00:00.109Z] Fetching data: 2026-08-01 to 2026-08-07
2026-08-07 14:00:00:   Accounts: act_598233003217290, act_1423425976190315, act_1281838446384778
2026-08-07 14:00:05:   Success! Geo totals:
2026-08-07 14:00:05:     ADU — LA County: $7746.84 / $50000 (15.5%) — 263 leads
2026-08-07 14:00:05:     ADU — Orange County: $2584.86 / $25000 (10.3%) — 41 leads
2026-08-07 14:00:05:     ADU — San Jose: $4921.60 / $25000 (19.7%) — 138 leads
2026-08-07 14:00:05:     Outdoor Program — San Jose: $2765.11 / $10000 (27.7%) — 38 leads
2026-08-07 15:00:00: [CRON] Auto-refresh triggered
2026-08-07 15:00:00: [2026-08-07T13:00:00.688Z] Fetching data: 2026-08-01 to 2026-08-07
2026-08-07 15:00:00:   Accounts: act_598233003217290, act_1423425976190315, act_1281838446384778
2026-08-07 15:00:05:   Success! Geo totals:
2026-08-07 15:00:05:     ADU — LA County: $7759.33 / $50000 (15.5%) — 264 leads
2026-08-07 15:00:05:     ADU — Orange County: $2593.91 / $25000 (10.4%) — 41 leads
2026-08-07 15:00:05:     ADU — San Jose: $4927.87 / $25000 (19.7%) — 139 leads
2026-08-07 15:00:05:     Outdoor Program — San Jose: $2770.51 / $10000 (27.7%) — 38 leads
2026-08-07 16:00:00: [CRON] Auto-refresh triggered
2026-08-07 16:00:00: [2026-08-07T14:00:00.417Z] Fetching data: 2026-08-01 to 2026-08-07
2026-08-07 16:00:00:   Accounts: act_598233003217290, act_1423425976190315, act_1281838446384778
2026-08-07 16:00:05:   Success! Geo totals:
2026-08-07 16:00:05:     ADU — LA County: $7783.91 / $50000 (15.6%) — 264 leads
2026-08-07 16:00:05:     ADU — Orange County: $2616.22 / $25000 (10.5%) — 41 leads
2026-08-07 16:00:05:     ADU — San Jose: $4946.00 / $25000 (19.8%) — 141 leads
2026-08-07 16:00:05:     Outdoor Program — San Jose: $2782.80 / $10000 (27.8%) — 38 leads
2026-08-07 17:00:00: [CRON] Auto-refresh triggered
2026-08-07 17:00:00: [2026-08-07T15:00:00.417Z] Fetching data: 2026-08-01 to 2026-08-07
2026-08-07 17:00:00:   Accounts: act_598233003217290, act_1423425976190315, act_1281838446384778
2026-08-07 17:00:03:   Success! Geo totals:
2026-08-07 17:00:03:     ADU — LA County: $7826.52 / $50000 (15.7%) — 264 leads
2026-08-07 17:00:03:     ADU — Orange County: $2644.97 / $25000 (10.6%) — 41 leads
2026-08-07 17:00:03:     ADU — San Jose: $4973.83 / $25000 (19.9%) — 143 leads
2026-08-07 17:00:03:     Outdoor Program — San Jose: $2799.89 / $10000 (28.0%) — 39 leads
2026-08-07 18:00:00: [CRON] Auto-refresh triggered
2026-08-07 18:00:00: [2026-08-07T16:00:00.659Z] Fetching data: 2026-08-01 to 2026-08-07
2026-08-07 18:00:00:   Accounts: act_598233003217290, act_1423425976190315, act_1281838446384778
2026-08-07 18:00:04:   Success! Geo totals:
2026-08-07 18:00:04:     ADU — LA County: $7873.19 / $50000 (15.7%) — 268 leads
2026-08-07 18:00:04:     ADU — Orange County: $2674.87 / $25000 (10.7%) — 41 leads
2026-08-07 18:00:04:     ADU — San Jose: $5014.89 / $25000 (20.1%) — 143 leads
2026-08-07 18:00:04:     Outdoor Program — San Jose: $2811.60 / $10000 (28.1%) — 39 leads
2026-08-07 19:00:00: [CRON] Auto-refresh triggered
2026-08-07 19:00:00: [2026-08-07T17:00:00.185Z] Fetching data: 2026-08-01 to 2026-08-07
2026-08-07 19:00:00:   Accounts: act_598233003217290, act_1423425976190315, act_1281838446384778
2026-08-07 19:00:03:   Success! Geo totals:
2026-08-07 19:00:03:     ADU — LA County: $7922.65 / $50000 (15.8%) — 269 leads
2026-08-07 19:00:03:     ADU — Orange County: $2701.64 / $25000 (10.8%) — 41 leads
2026-08-07 19:00:03:     ADU — San Jose: $5048.20 / $25000 (20.2%) — 144 leads
2026-08-07 19:00:03:     Outdoor Program — San Jose: $2824.72 / $10000 (28.2%) — 41 leads
2026-08-07 20:00:00: [CRON] Auto-refresh triggered
2026-08-07 20:00:00: [2026-08-07T18:00:00.512Z] Fetching data: 2026-08-01 to 2026-08-07
2026-08-07 20:00:00:   Accounts: act_598233003217290, act_1423425976190315, act_1281838446384778
2026-08-07 20:00:04:   Success! Geo totals:
2026-08-07 20:00:04:     ADU — LA County: $7970.23 / $50000 (15.9%) — 272 leads
2026-08-07 20:00:04:     ADU — Orange County: $2727.21 / $25000 (10.9%) — 41 leads
2026-08-07 20:00:04:     ADU — San Jose: $5084.73 / $25000 (20.3%) — 146 leads
2026-08-07 20:00:04:     Outdoor Program — San Jose: $2841.67 / $10000 (28.4%) — 41 leads
2026-08-07 21:00:00: [CRON] Auto-refresh triggered
2026-08-07 21:00:00: [2026-08-07T19:00:00.795Z] Fetching data: 2026-08-01 to 2026-08-07
2026-08-07 21:00:00:   Accounts: act_598233003217290, act_1423425976190315, act_1281838446384778
2026-08-07 21:00:05:   Success! Geo totals:
2026-08-07 21:00:05:     ADU — LA County: $8019.48 / $50000 (16.0%) — 274 leads
2026-08-07 21:00:05:     ADU — Orange County: $2754.36 / $25000 (11.0%) — 41 leads
2026-08-07 21:00:05:     ADU — San Jose: $5115.73 / $25000 (20.5%) — 149 leads
2026-08-07 21:00:05:     Outdoor Program — San Jose: $2854.26 / $10000 (28.5%) — 42 leads
2026-08-07 22:00:00: [CRON] Auto-refresh triggered
2026-08-07 22:00:00: [2026-08-07T20:00:00.976Z] Fetching data: 2026-08-01 to 2026-08-07
2026-08-07 22:00:00:   Accounts: act_598233003217290, act_1423425976190315, act_1281838446384778
2026-08-07 22:00:04:   Success! Geo totals:
2026-08-07 22:00:04:     ADU — LA County: $8078.80 / $50000 (16.2%) — 278 leads
2026-08-07 22:00:04:     ADU — Orange County: $2795.72 / $25000 (11.2%) — 42 leads
2026-08-07 22:00:04:     ADU — San Jose: $5151.12 / $25000 (20.6%) — 149 leads
2026-08-07 22:00:04:     Outdoor Program — San Jose: $2871.69 / $10000 (28.7%) — 42 leads
2026-08-07 23:00:00: [CRON] Auto-refresh triggered
2026-08-07 23:00:00: [2026-08-07T21:00:00.519Z] Fetching data: 2026-08-01 to 2026-08-07
2026-08-07 23:00:00:   Accounts: act_598233003217290, act_1423425976190315, act_1281838446384778
2026-08-07 23:00:04:   Success! Geo totals:
2026-08-07 23:00:04:     ADU — LA County: $8152.57 / $50000 (16.3%) — 279 leads
2026-08-07 23:00:04:     ADU — Orange County: $2852.56 / $25000 (11.4%) — 42 leads
2026-08-07 23:00:04:     ADU — San Jose: $5192.34 / $25000 (20.8%) — 151 leads
2026-08-07 23:00:04:     Outdoor Program — San Jose: $2895.09 / $10000 (29.0%) — 43 leads
2026-08-08 00:00:00: [CRON] Auto-refresh triggered
2026-08-08 00:00:00: [2026-08-07T22:00:00.964Z] Fetching data: 2026-08-01 to 2026-08-07
2026-08-08 00:00:00:   Accounts: act_598233003217290, act_1423425976190315, act_1281838446384778
2026-08-08 00:00:04:   Success! Geo totals:
2026-08-08 00:00:04:     ADU — LA County: $8220.20 / $50000 (16.4%) — 281 leads
2026-08-08 00:00:04:     ADU — Orange County: $2895.70 / $25000 (11.6%) — 43 leads
2026-08-08 00:00:04:     ADU — San Jose: $5227.72 / $25000 (20.9%) — 151 leads
2026-08-08 00:00:04:     Outdoor Program — San Jose: $2917.40 / $10000 (29.2%) — 43 leads
2026-08-08 01:00:00: [CRON] Auto-refresh triggered
2026-08-08 01:00:00: [2026-08-07T23:00:00.246Z] Fetching data: 2026-08-01 to 2026-08-07
2026-08-08 01:00:00:   Accounts: act_598233003217290, act_1423425976190315, act_1281838446384778
2026-08-08 01:00:05:   Success! Geo totals:
2026-08-08 01:00:05:     ADU — LA County: $8286.26 / $50000 (16.6%) — 282 leads
2026-08-08 01:00:05:     ADU — Orange County: $2941.95 / $25000 (11.8%) — 45 leads
2026-08-08 01:00:05:     ADU — San Jose: $5271.84 / $25000 (21.1%) — 151 leads
2026-08-08 01:00:05:     Outdoor Program — San Jose: $2941.68 / $10000 (29.4%) — 43 leads
2026-08-08 02:00:00: [CRON] Auto-refresh triggered
2026-08-08 02:00:00: [2026-08-08T00:00:00.148Z] Fetching data: 2026-08-01 to 2026-08-07
2026-08-08 02:00:00:   Accounts: act_598233003217290, act_1423425976190315, act_1281838446384778
2026-08-08 02:00:06:   Success! Geo totals:
2026-08-08 02:00:06:     ADU — LA County: $8334.47 / $50000 (16.7%) — 282 leads
2026-08-08 02:00:06:     ADU — Orange County: $2976.06 / $25000 (11.9%) — 45 leads
2026-08-08 02:00:06:     ADU — San Jose: $5314.88 / $25000 (21.3%) — 151 leads
2026-08-08 02:00:06:     Outdoor Program — San Jose: $2966.11 / $10000 (29.7%) — 43 leads
2026-08-08 03:00:00: [CRON] Auto-refresh triggered
2026-08-08 03:00:00: [2026-08-08T01:00:00.408Z] Fetching data: 2026-08-01 to 2026-08-07
2026-08-08 03:00:00:   Accounts: act_598233003217290, act_1423425976190315, act_1281838446384778
2026-08-08 03:00:04:   Success! Geo totals:
2026-08-08 03:00:04:     ADU — LA County: $8410.93 / $50000 (16.8%) — 283 leads
2026-08-08 03:00:04:     ADU — Orange County: $3028.48 / $25000 (12.1%) — 45 leads
2026-08-08 03:00:04:     ADU — San Jose: $5363.37 / $25000 (21.5%) — 154 leads
2026-08-08 03:00:04:     Outdoor Program — San Jose: $2986.54 / $10000 (29.9%) — 43 leads
2026-08-08 04:00:00: [CRON] Auto-refresh triggered
2026-08-08 04:00:00: [2026-08-08T02:00:00.507Z] Fetching data: 2026-08-01 to 2026-08-07
2026-08-08 04:00:00:   Accounts: act_598233003217290, act_1423425976190315, act_1281838446384778
2026-08-08 04:00:04:   Success! Geo totals:
2026-08-08 04:00:04:     ADU — LA County: $8473.72 / $50000 (16.9%) — 284 leads
2026-08-08 04:00:04:     ADU — Orange County: $3077.28 / $25000 (12.3%) — 46 leads
2026-08-08 04:00:04:     ADU — San Jose: $5406.84 / $25000 (21.6%) — 154 leads
2026-08-08 04:00:04:     Outdoor Program — San Jose: $3006.03 / $10000 (30.1%) — 43 leads
2026-08-08 05:00:00: [CRON] Auto-refresh triggered
2026-08-08 05:00:00: [2026-08-08T03:00:00.817Z] Fetching data: 2026-08-01 to 2026-08-07
2026-08-08 05:00:00:   Accounts: act_598233003217290, act_1423425976190315, act_1281838446384778
2026-08-08 05:00:04:   Success! Geo totals:
2026-08-08 05:00:04:     ADU — LA County: $8543.04 / $50000 (17.1%) — 286 leads
2026-08-08 05:00:04:     ADU — Orange County: $3120.58 / $25000 (12.5%) — 47 leads
2026-08-08 05:00:04:     ADU — San Jose: $5447.46 / $25000 (21.8%) — 155 leads
2026-08-08 05:00:04:     Outdoor Program — San Jose: $3028.72 / $10000 (30.3%) — 43 leads
2026-08-08 06:00:00: [CRON] Auto-refresh triggered
2026-08-08 06:00:00: [2026-08-08T04:00:00.035Z] Fetching data: 2026-08-01 to 2026-08-07
2026-08-08 06:00:00:   Accounts: act_598233003217290, act_1423425976190315, act_1281838446384778
2026-08-08 06:00:03:   Success! Geo totals:
2026-08-08 06:00:03:     ADU — LA County: $8598.90 / $50000 (17.2%) — 291 leads
2026-08-08 06:00:03:     ADU — Orange County: $3150.57 / $25000 (12.6%) — 47 leads
2026-08-08 06:00:03:     ADU — San Jose: $5491.00 / $25000 (22.0%) — 156 leads
2026-08-08 06:00:03:     Outdoor Program — San Jose: $3054.41 / $10000 (30.5%) — 43 leads
2026-08-08 07:00:00: [CRON] Auto-refresh triggered
2026-08-08 07:00:00: [2026-08-08T05:00:00.233Z] Fetching data: 2026-08-01 to 2026-08-07
2026-08-08 07:00:00:   Accounts: act_598233003217290, act_1423425976190315, act_1281838446384778
2026-08-08 07:00:03:   Success! Geo totals:
2026-08-08 07:00:03:     ADU — LA County: $8626.03 / $50000 (17.3%) — 292 leads
2026-08-08 07:00:03:     ADU — Orange County: $3183.13 / $25000 (12.7%) — 47 leads
2026-08-08 07:00:03:     ADU — San Jose: $5525.64 / $25000 (22.1%) — 157 leads
2026-08-08 07:00:03:     Outdoor Program — San Jose: $3058.42 / $10000 (30.6%) — 45 leads
2026-08-08 08:00:00: [CRON] Auto-refresh triggered
2026-08-08 08:00:00: [2026-08-08T06:00:00.513Z] Fetching data: 2026-08-01 to 2026-08-07
2026-08-08 08:00:00:   Accounts: act_598233003217290, act_1423425976190315, act_1281838446384778
2026-08-08 08:00:05:   Success! Geo totals:
2026-08-08 08:00:05:     ADU — LA County: $8642.81 / $50000 (17.3%) — 292 leads
2026-08-08 08:00:05:     ADU — Orange County: $3219.02 / $25000 (12.9%) — 48 leads
2026-08-08 08:00:05:     ADU — San Jose: $5571.86 / $25000 (22.3%) — 158 leads
2026-08-08 08:00:05:     Outdoor Program — San Jose: $3061.19 / $10000 (30.6%) — 45 leads
2026-08-08 08:55:00: [CRON] Daily lead summary triggered
2026-08-08 08:55:03: [DAILY SUMMARY] posted (68 leads / $2876.99) — Slack 200
2026-08-08 09:00:00: [CRON] Auto-refresh triggered
2026-08-08 09:00:00: [2026-08-08T07:00:00.756Z] Fetching data: 2026-08-01 to 2026-08-08
2026-08-08 09:00:00:   Accounts: act_598233003217290, act_1423425976190315, act_1281838446384778
2026-08-08 09:00:04:   Success! Geo totals:
2026-08-08 09:00:04:     ADU — LA County: $8747.14 / $50000 (17.5%) — 293 leads
2026-08-08 09:00:04:     ADU — Orange County: $3244.79 / $25000 (13.0%) — 48 leads
2026-08-08 09:00:04:     ADU — San Jose: $5594.13 / $25000 (22.4%) — 159 leads
2026-08-08 09:00:04:     Outdoor Program — San Jose: $3129.50 / $10000 (31.3%) — 45 leads
2026-08-08 10:00:00: [CRON] Auto-refresh triggered
2026-08-08 10:00:00: [2026-08-08T08:00:00.890Z] Fetching data: 2026-08-01 to 2026-08-08
2026-08-08 10:00:00:   Accounts: act_598233003217290, act_1423425976190315, act_1281838446384778
2026-08-08 10:00:05:   Success! Geo totals:
2026-08-08 10:00:05:     ADU — LA County: $8775.54 / $50000 (17.6%) — 294 leads
2026-08-08 10:00:05:     ADU — Orange County: $3262.81 / $25000 (13.1%) — 48 leads
2026-08-08 10:00:05:     ADU — San Jose: $5614.01 / $25000 (22.5%) — 162 leads
2026-08-08 10:00:05:     Outdoor Program — San Jose: $3145.55 / $10000 (31.5%) — 45 leads
2026-08-08 11:00:00: [CRON] Auto-refresh triggered
2026-08-08 11:00:00: [2026-08-08T09:00:00.290Z] Fetching data: 2026-08-01 to 2026-08-08
2026-08-08 11:00:00:   Accounts: act_598233003217290, act_1423425976190315, act_1281838446384778
2026-08-08 11:00:02:   Success! Geo totals:
2026-08-08 11:00:02:     ADU — LA County: $8800.50 / $50000 (17.6%) — 294 leads
2026-08-08 11:00:02:     ADU — Orange County: $3275.71 / $25000 (13.1%) — 48 leads
2026-08-08 11:00:02:     ADU — San Jose: $5637.24 / $25000 (22.5%) — 162 leads
2026-08-08 11:00:02:     Outdoor Program — San Jose: $3153.52 / $10000 (31.5%) — 45 leads
2026-08-08 12:00:00: [CRON] Auto-refresh triggered
2026-08-08 12:00:00: [2026-08-08T10:00:00.438Z] Fetching data: 2026-08-01 to 2026-08-08
2026-08-08 12:00:00:   Accounts: act_598233003217290, act_1423425976190315, act_1281838446384778
2026-08-08 12:00:04:   Success! Geo totals:
2026-08-08 12:00:04:     ADU — LA County: $8812.64 / $50000 (17.6%) — 294 leads
2026-08-08 12:00:04:     ADU — Orange County: $3284.52 / $25000 (13.1%) — 48 leads
2026-08-08 12:00:04:     ADU — San Jose: $5645.77 / $25000 (22.6%) — 162 leads
2026-08-08 12:00:04:     Outdoor Program — San Jose: $3158.57 / $10000 (31.6%) — 45 leads
2026-08-08 13:00:00: [CRON] Auto-refresh triggered
2026-08-08 13:00:00: [2026-08-08T11:00:00.651Z] Fetching data: 2026-08-01 to 2026-08-08
2026-08-08 13:00:00:   Accounts: act_598233003217290, act_1423425976190315, act_1281838446384778
2026-08-08 13:00:04:   Success! Geo totals:
2026-08-08 13:00:04:     ADU — LA County: $8823.64 / $50000 (17.6%) — 295 leads
2026-08-08 13:00:04:     ADU — Orange County: $3294.35 / $25000 (13.2%) — 48 leads
2026-08-08 13:00:04:     ADU — San Jose: $5655.87 / $25000 (22.6%) — 163 leads
2026-08-08 13:00:04:     Outdoor Program — San Jose: $3163.77 / $10000 (31.6%) — 45 leads
2026-08-08 14:00:00: [CRON] Auto-refresh triggered
2026-08-08 14:00:00: [2026-08-08T12:00:00.861Z] Fetching data: 2026-08-01 to 2026-08-08
2026-08-08 14:00:00:   Accounts: act_598233003217290, act_1423425976190315, act_1281838446384778
2026-08-08 14:00:07:   Success! Geo totals:
2026-08-08 14:00:07:     ADU — LA County: $8837.21 / $50000 (17.7%) — 295 leads
2026-08-08 14:00:07:     ADU — Orange County: $3305.95 / $25000 (13.2%) — 48 leads
2026-08-08 14:00:07:     ADU — San Jose: $5663.62 / $25000 (22.7%) — 163 leads
2026-08-08 14:00:07:     Outdoor Program — San Jose: $3173.00 / $10000 (31.7%) — 45 leads
2026-08-08 15:00:00: [CRON] Auto-refresh triggered
2026-08-08 15:00:00: [2026-08-08T13:00:00.065Z] Fetching data: 2026-08-01 to 2026-08-08
2026-08-08 15:00:00:   Accounts: act_598233003217290, act_1423425976190315, act_1281838446384778
2026-08-08 15:00:04:   Success! Geo totals:
2026-08-08 15:00:04:     ADU — LA County: $8858.50 / $50000 (17.7%) — 295 leads
2026-08-08 15:00:04:     ADU — Orange County: $3317.45 / $25000 (13.3%) — 48 leads
2026-08-08 15:00:04:     ADU — San Jose: $5676.52 / $25000 (22.7%) — 163 leads
2026-08-08 15:00:04:     Outdoor Program — San Jose: $3180.29 / $10000 (31.8%) — 46 leads
2026-08-08 16:00:00: [CRON] Auto-refresh triggered
2026-08-08 16:00:00: [2026-08-08T14:00:00.114Z] Fetching data: 2026-08-01 to 2026-08-08
2026-08-08 16:00:00:   Accounts: act_598233003217290, act_1423425976190315, act_1281838446384778
2026-08-08 16:00:03:   Success! Geo totals:
2026-08-08 16:00:03:     ADU — LA County: $8913.22 / $50000 (17.8%) — 295 leads
2026-08-08 16:00:03:     ADU — Orange County: $3358.92 / $25000 (13.4%) — 48 leads
2026-08-08 16:00:03:     ADU — San Jose: $5695.08 / $25000 (22.8%) — 164 leads
2026-08-08 16:00:03:     Outdoor Program — San Jose: $3193.52 / $10000 (31.9%) — 46 leads
2026-08-08 17:00:00: [CRON] Auto-refresh triggered
2026-08-08 17:00:00: [2026-08-08T15:00:00.710Z] Fetching data: 2026-08-01 to 2026-08-08
2026-08-08 17:00:00:   Accounts: act_598233003217290, act_1423425976190315, act_1281838446384778
2026-08-08 17:00:04:   Success! Geo totals:
2026-08-08 17:00:04:     ADU — LA County: $8982.84 / $50000 (18.0%) — 296 leads
2026-08-08 17:00:04:     ADU — Orange County: $3405.59 / $25000 (13.6%) — 48 leads
2026-08-08 17:00:04:     ADU — San Jose: $5744.69 / $25000 (23.0%) — 165 leads
2026-08-08 17:00:04:     Outdoor Program — San Jose: $3214.60 / $10000 (32.1%) — 46 leads
2026-08-08 18:00:00: [CRON] Auto-refresh triggered
2026-08-08 18:00:00: [2026-08-08T16:00:00.024Z] Fetching data: 2026-08-01 to 2026-08-08
2026-08-08 18:00:00:   Accounts: act_598233003217290, act_1423425976190315, act_1281838446384778
2026-08-08 18:00:05:   Success! Geo totals:
2026-08-08 18:00:05:     ADU — LA County: $9075.58 / $50000 (18.2%) — 299 leads
2026-08-08 18:00:05:     ADU — Orange County: $3460.81 / $25000 (13.8%) — 48 leads
2026-08-08 18:00:05:     ADU — San Jose: $5803.02 / $25000 (23.2%) — 167 leads
2026-08-08 18:00:05:     Outdoor Program — San Jose: $3237.44 / $10000 (32.4%) — 46 leads
2026-08-08 19:00:00: [CRON] Auto-refresh triggered
2026-08-08 19:00:00: [2026-08-08T17:00:00.743Z] Fetching data: 2026-08-01 to 2026-08-08
2026-08-08 19:00:00:   Accounts: act_598233003217290, act_1423425976190315, act_1281838446384778
2026-08-08 19:00:04:   Success! Geo totals:
2026-08-08 19:00:04:     ADU — LA County: $9186.58 / $50000 (18.4%) — 300 leads
2026-08-08 19:00:04:     ADU — Orange County: $3525.48 / $25000 (14.1%) — 49 leads
2026-08-08 19:00:04:     ADU — San Jose: $5860.55 / $25000 (23.4%) — 171 leads
2026-08-08 19:00:04:     Outdoor Program — San Jose: $3255.84 / $10000 (32.6%) — 47 leads
2026-08-08 20:00:00: [CRON] Auto-refresh triggered
2026-08-08 20:00:00: [2026-08-08T18:00:00.240Z] Fetching data: 2026-08-01 to 2026-08-08
2026-08-08 20:00:00:   Accounts: act_598233003217290, act_1423425976190315, act_1281838446384778
2026-08-08 20:00:04:   Success! Geo totals:
2026-08-08 20:00:04:     ADU — LA County: $9282.86 / $50000 (18.6%) — 304 leads
2026-08-08 20:00:04:     ADU — Orange County: $3576.37 / $25000 (14.3%) — 51 leads
2026-08-08 20:00:04:     ADU — San Jose: $5932.66 / $25000 (23.7%) — 175 leads
2026-08-08 20:00:04:     Outdoor Program — San Jose: $3276.29 / $10000 (32.8%) — 48 leads
2026-08-08 21:00:00: [CRON] Auto-refresh triggered
2026-08-08 21:00:00: [2026-08-08T19:00:00.470Z] Fetching data: 2026-08-01 to 2026-08-08
2026-08-08 21:00:00:   Accounts: act_598233003217290, act_1423425976190315, act_1281838446384778
2026-08-08 21:00:05:   Success! Geo totals:
2026-08-08 21:00:05:     ADU — LA County: $9368.07 / $50000 (18.7%) — 310 leads
2026-08-08 21:00:05:     ADU — Orange County: $3642.09 / $25000 (14.6%) — 52 leads
2026-08-08 21:00:05:     ADU — San Jose: $5999.82 / $25000 (24.0%) — 176 leads
2026-08-08 21:00:05:     Outdoor Program — San Jose: $3297.40 / $10000 (33.0%) — 48 leads
2026-08-08 22:00:00: [CRON] Auto-refresh triggered
2026-08-08 22:00:00: [2026-08-08T20:00:00.664Z] Fetching data: 2026-08-01 to 2026-08-08
2026-08-08 22:00:00:   Accounts: act_598233003217290, act_1423425976190315, act_1281838446384778
2026-08-08 22:00:06:   Success! Geo totals:
2026-08-08 22:00:06:     ADU — LA County: $9444.23 / $50000 (18.9%) — 314 leads
2026-08-08 22:00:06:     ADU — Orange County: $3700.71 / $25000 (14.8%) — 52 leads
2026-08-08 22:00:06:     ADU — San Jose: $6053.32 / $25000 (24.2%) — 177 leads
2026-08-08 22:00:06:     Outdoor Program — San Jose: $3325.62 / $10000 (33.3%) — 48 leads
2026-08-08 23:00:00: [CRON] Auto-refresh triggered
2026-08-08 23:00:01: [2026-08-08T21:00:01.011Z] Fetching data: 2026-08-01 to 2026-08-08
2026-08-08 23:00:01:   Accounts: act_598233003217290, act_1423425976190315, act_1281838446384778
2026-08-08 23:00:05:   Success! Geo totals:
2026-08-08 23:00:05:     ADU — LA County: $9529.87 / $50000 (19.1%) — 316 leads
2026-08-08 23:00:05:     ADU — Orange County: $3760.55 / $25000 (15.0%) — 54 leads
2026-08-08 23:00:05:     ADU — San Jose: $6108.31 / $25000 (24.4%) — 179 leads
2026-08-08 23:00:05:     Outdoor Program — San Jose: $3353.04 / $10000 (33.5%) — 48 leads
2026-08-09 00:00:00: [CRON] Auto-refresh triggered
2026-08-09 00:00:00: [2026-08-08T22:00:00.204Z] Fetching data: 2026-08-01 to 2026-08-08
2026-08-09 00:00:00:   Accounts: act_598233003217290, act_1423425976190315, act_1281838446384778
2026-08-09 00:00:04:   Success! Geo totals:
2026-08-09 00:00:04:     ADU — LA County: $9586.76 / $50000 (19.2%) — 317 leads
2026-08-09 00:00:04:     ADU — Orange County: $3803.55 / $25000 (15.2%) — 55 leads
2026-08-09 00:00:04:     ADU — San Jose: $6155.30 / $25000 (24.6%) — 181 leads
2026-08-09 00:00:04:     Outdoor Program — San Jose: $3371.49 / $10000 (33.7%) — 49 leads
2026-08-09 01:00:00: [CRON] Auto-refresh triggered
2026-08-09 01:00:00: [2026-08-08T23:00:00.244Z] Fetching data: 2026-08-01 to 2026-08-08
2026-08-09 01:00:00:   Accounts: act_598233003217290, act_1423425976190315, act_1281838446384778
2026-08-09 01:00:03:   Success! Geo totals:
2026-08-09 01:00:03:     ADU — LA County: $9660.87 / $50000 (19.3%) — 318 leads
2026-08-09 01:00:03:     ADU — Orange County: $3843.48 / $25000 (15.4%) — 55 leads
2026-08-09 01:00:03:     ADU — San Jose: $6202.60 / $25000 (24.8%) — 181 leads
2026-08-09 01:00:03:     Outdoor Program — San Jose: $3394.09 / $10000 (33.9%) — 49 leads
2026-08-09 02:00:00: [CRON] Auto-refresh triggered
2026-08-09 02:00:00: [2026-08-09T00:00:00.652Z] Fetching data: 2026-08-01 to 2026-08-08
2026-08-09 02:00:00:   Accounts: act_598233003217290, act_1423425976190315, act_1281838446384778
2026-08-09 02:00:03:   Success! Geo totals:
2026-08-09 02:00:03:     ADU — LA County: $9725.78 / $50000 (19.5%) — 320 leads
2026-08-09 02:00:03:     ADU — Orange County: $3903.10 / $25000 (15.6%) — 57 leads
2026-08-09 02:00:03:     ADU — San Jose: $6251.66 / $25000 (25.0%) — 182 leads
2026-08-09 02:00:03:     Outdoor Program — San Jose: $3411.19 / $10000 (34.1%) — 49 leads
2026-08-09 03:00:00: [CRON] Auto-refresh triggered
2026-08-09 03:00:00: [2026-08-09T01:00:00.378Z] Fetching data: 2026-08-01 to 2026-08-08
2026-08-09 03:00:00:   Accounts: act_598233003217290, act_1423425976190315, act_1281838446384778
2026-08-09 03:00:04:   Success! Geo totals:
2026-08-09 03:00:04:     ADU — LA County: $9775.55 / $50000 (19.6%) — 323 leads
2026-08-09 03:00:04:     ADU — Orange County: $3944.70 / $25000 (15.8%) — 59 leads
2026-08-09 03:00:04:     ADU — San Jose: $6292.83 / $25000 (25.2%) — 184 leads
2026-08-09 03:00:04:     Outdoor Program — San Jose: $3427.70 / $10000 (34.3%) — 49 leads
2026-08-09 04:00:00: [CRON] Auto-refresh triggered
2026-08-09 04:00:00: [2026-08-09T02:00:00.266Z] Fetching data: 2026-08-01 to 2026-08-08
2026-08-09 04:00:00:   Accounts: act_598233003217290, act_1423425976190315, act_1281838446384778
2026-08-09 04:00:03:   Success! Geo totals:
2026-08-09 04:00:03:     ADU — LA County: $9819.66 / $50000 (19.6%) — 325 leads
2026-08-09 04:00:03:     ADU — Orange County: $3972.99 / $25000 (15.9%) — 60 leads
2026-08-09 04:00:03:     ADU — San Jose: $6325.31 / $25000 (25.3%) — 185 leads
2026-08-09 04:00:03:     Outdoor Program — San Jose: $3459.09 / $10000 (34.6%) — 49 leads
2026-08-09 05:00:00: [CRON] Auto-refresh triggered
2026-08-09 05:00:00: [2026-08-09T03:00:00.211Z] Fetching data: 2026-08-01 to 2026-08-08
2026-08-09 05:00:00:   Accounts: act_598233003217290, act_1423425976190315, act_1281838446384778
2026-08-09 05:00:03:   Success! Geo totals:
2026-08-09 05:00:03:     ADU — LA County: $9856.62 / $50000 (19.7%) — 326 leads
2026-08-09 05:00:03:     ADU — Orange County: $3995.83 / $25000 (16.0%) — 60 leads
2026-08-09 05:00:03:     ADU — San Jose: $6355.13 / $25000 (25.4%) — 186 leads
2026-08-09 05:00:03:     Outdoor Program — San Jose: $3467.26 / $10000 (34.7%) — 50 leads
2026-08-09 06:00:00: [CRON] Auto-refresh triggered
2026-08-09 06:00:00: [2026-08-09T04:00:00.250Z] Fetching data: 2026-08-01 to 2026-08-08
2026-08-09 06:00:00:   Accounts: act_598233003217290, act_1423425976190315, act_1281838446384778
2026-08-09 06:00:03:   Success! Geo totals:
2026-08-09 06:00:03:     ADU — LA County: $9888.11 / $50000 (19.8%) — 329 leads
2026-08-09 06:00:03:     ADU — Orange County: $4027.41 / $25000 (16.1%) — 61 leads
2026-08-09 06:00:03:     ADU — San Jose: $6384.43 / $25000 (25.5%) — 187 leads
2026-08-09 06:00:03:     Outdoor Program — San Jose: $3470.93 / $10000 (34.7%) — 50 leads
2026-08-09 07:00:00: [CRON] Auto-refresh triggered
2026-08-09 07:00:00: [2026-08-09T05:00:00.130Z] Fetching data: 2026-08-01 to 2026-08-08
2026-08-09 07:00:00:   Accounts: act_598233003217290, act_1423425976190315, act_1281838446384778
2026-08-09 07:00:04:   Success! Geo totals:
2026-08-09 07:00:04:     ADU — LA County: $9899.05 / $50000 (19.8%) — 329 leads
2026-08-09 07:00:04:     ADU — Orange County: $4052.82 / $25000 (16.2%) — 61 leads
2026-08-09 07:00:04:     ADU — San Jose: $6411.32 / $25000 (25.6%) — 187 leads
2026-08-09 07:00:04:     Outdoor Program — San Jose: $3471.88 / $10000 (34.7%) — 50 leads
2026-08-09 08:00:00: [CRON] Auto-refresh triggered
2026-08-09 08:00:00: [2026-08-09T06:00:00.677Z] Fetching data: 2026-08-01 to 2026-08-08
2026-08-09 08:00:00:   Accounts: act_598233003217290, act_1423425976190315, act_1281838446384778
2026-08-09 08:00:05:   Success! Geo totals:
2026-08-09 08:00:05:     ADU — LA County: $9905.16 / $50000 (19.8%) — 329 leads
2026-08-09 08:00:05:     ADU — Orange County: $4076.59 / $25000 (16.3%) — 61 leads
2026-08-09 08:00:05:     ADU — San Jose: $6427.96 / $25000 (25.7%) — 187 leads
2026-08-09 08:00:05:     Outdoor Program — San Jose: $3472.05 / $10000 (34.7%) — 50 leads
2026-08-09 08:55:00: [CRON] Daily lead summary triggered
2026-08-09 08:55:03: [DAILY SUMMARY] posted (79 leads / $3327.29) — Slack 200
2026-08-09 09:00:00: [CRON] Auto-refresh triggered
2026-08-09 09:00:00: [2026-08-09T07:00:00.212Z] Fetching data: 2026-08-01 to 2026-08-09
2026-08-09 09:00:00:   Accounts: act_598233003217290, act_1423425976190315, act_1281838446384778
2026-08-09 09:00:04:   Success! Geo totals:
2026-08-09 09:00:04:     ADU — LA County: $10066.68 / $50000 (20.1%) — 337 leads
2026-08-09 09:00:04:     ADU — Orange County: $4091.21 / $25000 (16.4%) — 61 leads
2026-08-09 09:00:04:     ADU — San Jose: $6441.96 / $25000 (25.8%) — 187 leads
2026-08-09 09:00:04:     Outdoor Program — San Jose: $3527.94 / $10000 (35.3%) — 50 leads
2026-08-09 10:00:00: [CRON] Auto-refresh triggered
2026-08-09 10:00:00: [2026-08-09T08:00:00.047Z] Fetching data: 2026-08-01 to 2026-08-09
2026-08-09 10:00:00:   Accounts: act_598233003217290, act_1423425976190315, act_1281838446384778
2026-08-09 10:00:03:   Success! Geo totals:
2026-08-09 10:00:03:     ADU — LA County: $10100.39 / $50000 (20.2%) — 338 leads
2026-08-09 10:00:03:     ADU — Orange County: $4107.05 / $25000 (16.4%) — 62 leads
2026-08-09 10:00:03:     ADU — San Jose: $6458.49 / $25000 (25.8%) — 187 leads
2026-08-09 10:00:03:     Outdoor Program — San Jose: $3543.90 / $10000 (35.4%) — 51 leads
2026-08-09 11:00:00: [CRON] Auto-refresh triggered
2026-08-09 11:00:00: [2026-08-09T09:00:00.562Z] Fetching data: 2026-08-01 to 2026-08-09
2026-08-09 11:00:00:   Accounts: act_598233003217290, act_1423425976190315, act_1281838446384778
2026-08-09 11:00:04:   Success! Geo totals:
2026-08-09 11:00:04:     ADU — LA County: $10116.27 / $50000 (20.2%) — 338 leads
2026-08-09 11:00:04:     ADU — Orange County: $4115.48 / $25000 (16.5%) — 62 leads
2026-08-09 11:00:04:     ADU — San Jose: $6471.87 / $25000 (25.9%) — 188 leads
2026-08-09 11:00:04:     Outdoor Program — San Jose: $3556.30 / $10000 (35.6%) — 51 leads
2026-08-09 12:00:00: [CRON] Auto-refresh triggered
2026-08-09 12:00:00: [2026-08-09T10:00:00.070Z] Fetching data: 2026-08-01 to 2026-08-09
2026-08-09 12:00:00:   Accounts: act_598233003217290, act_1423425976190315, act_1281838446384778
2026-08-09 12:00:05:   Success! Geo totals:
2026-08-09 12:00:05:     ADU — LA County: $10125.63 / $50000 (20.3%) — 339 leads
2026-08-09 12:00:05:     ADU — Orange County: $4118.95 / $25000 (16.5%) — 62 leads
2026-08-09 12:00:05:     ADU — San Jose: $6483.34 / $25000 (25.9%) — 188 leads
2026-08-09 12:00:05:     Outdoor Program — San Jose: $3561.16 / $10000 (35.6%) — 51 leads
2026-08-09 13:00:00: [CRON] Auto-refresh triggered
2026-08-09 13:00:00: [2026-08-09T11:00:00.030Z] Fetching data: 2026-08-01 to 2026-08-09
2026-08-09 13:00:00:   Accounts: act_598233003217290, act_1423425976190315, act_1281838446384778
2026-08-09 13:00:03:   Success! Geo totals:
2026-08-09 13:00:03:     ADU — LA County: $10138.11 / $50000 (20.3%) — 339 leads
2026-08-09 13:00:03:     ADU — Orange County: $4126.10 / $25000 (16.5%) — 62 leads
2026-08-09 13:00:03:     ADU — San Jose: $6487.56 / $25000 (26.0%) — 189 leads
2026-08-09 13:00:03:     Outdoor Program — San Jose: $3564.14 / $10000 (35.6%) — 51 leads
2026-08-09 14:00:00: [CRON] Auto-refresh triggered
2026-08-09 14:00:00: [2026-08-09T12:00:00.251Z] Fetching data: 2026-08-01 to 2026-08-09
2026-08-09 14:00:00:   Accounts: act_598233003217290, act_1423425976190315, act_1281838446384778
2026-08-09 14:00:05:   Success! Geo totals:
2026-08-09 14:00:05:     ADU — LA County: $10146.80 / $50000 (20.3%) — 339 leads
2026-08-09 14:00:05:     ADU — Orange County: $4134.87 / $25000 (16.5%) — 62 leads
2026-08-09 14:00:05:     ADU — San Jose: $6492.23 / $25000 (26.0%) — 189 leads
2026-08-09 14:00:05:     Outdoor Program — San Jose: $3567.67 / $10000 (35.7%) — 51 leads
2026-08-09 15:00:00: [CRON] Auto-refresh triggered
2026-08-09 15:00:00: [2026-08-09T13:00:00.123Z] Fetching data: 2026-08-01 to 2026-08-09
2026-08-09 15:00:00:   Accounts: act_598233003217290, act_1423425976190315, act_1281838446384778
2026-08-09 15:00:05:   Success! Geo totals:
2026-08-09 15:00:05:     ADU — LA County: $10167.98 / $50000 (20.3%) — 339 leads
2026-08-09 15:00:05:     ADU — Orange County: $4145.40 / $25000 (16.6%) — 62 leads
2026-08-09 15:00:05:     ADU — San Jose: $6500.61 / $25000 (26.0%) — 189 leads
2026-08-09 15:00:05:     Outdoor Program — San Jose: $3572.41 / $10000 (35.7%) — 51 leads
2026-08-09 16:00:00: [CRON] Auto-refresh triggered
2026-08-09 16:00:00: [2026-08-09T14:00:00.151Z] Fetching data: 2026-08-01 to 2026-08-09
2026-08-09 16:00:00:   Accounts: act_598233003217290, act_1423425976190315, act_1281838446384778
2026-08-09 16:00:06:   Success! Geo totals:
2026-08-09 16:00:06:     ADU — LA County: $10195.30 / $50000 (20.4%) — 339 leads
2026-08-09 16:00:06:     ADU — Orange County: $4159.79 / $25000 (16.6%) — 62 leads
2026-08-09 16:00:06:     ADU — San Jose: $6516.69 / $25000 (26.1%) — 189 leads
2026-08-09 16:00:06:     Outdoor Program — San Jose: $3580.39 / $10000 (35.8%) — 51 leads
2026-08-09 17:00:00: [CRON] Auto-refresh triggered
2026-08-09 17:00:00: [2026-08-09T15:00:00.073Z] Fetching data: 2026-08-01 to 2026-08-09
2026-08-09 17:00:00:   Accounts: act_598233003217290, act_1423425976190315, act_1281838446384778
2026-08-09 17:00:03:   Success! Geo totals:
2026-08-09 17:00:03:     ADU — LA County: $10256.26 / $50000 (20.5%) — 340 leads
2026-08-09 17:00:03:     ADU — Orange County: $4195.97 / $25000 (16.8%) — 62 leads
2026-08-09 17:00:03:     ADU — San Jose: $6542.28 / $25000 (26.2%) — 191 leads
2026-08-09 17:00:03:     Outdoor Program — San Jose: $3594.15 / $10000 (35.9%) — 52 leads
2026-08-09 18:00:00: [CRON] Auto-refresh triggered
2026-08-09 18:00:00: [2026-08-09T16:00:00.495Z] Fetching data: 2026-08-01 to 2026-08-09
2026-08-09 18:00:00:   Accounts: act_598233003217290, act_1423425976190315, act_1281838446384778
2026-08-09 18:00:38:   Success! Geo totals:
2026-08-09 18:00:38:     ADU — LA County: $10347.07 / $50000 (20.7%) — 341 leads
2026-08-09 18:00:38:     ADU — Orange County: $4242.14 / $25000 (17.0%) — 64 leads
2026-08-09 18:00:38:     ADU — San Jose: $6583.83 / $25000 (26.3%) — 192 leads
2026-08-09 18:00:38:     Outdoor Program — San Jose: $3619.83 / $10000 (36.2%) — 52 leads
2026-08-09 19:00:00: [CRON] Auto-refresh triggered
2026-08-09 19:00:00: [2026-08-09T17:00:00.076Z] Fetching data: 2026-08-01 to 2026-08-09
2026-08-09 19:00:00:   Accounts: act_598233003217290, act_1423425976190315, act_1281838446384778
2026-08-09 19:00:03:   Success! Geo totals:
2026-08-09 19:00:03:     ADU — LA County: $10427.00 / $50000 (20.9%) — 342 leads
2026-08-09 19:00:03:     ADU — Orange County: $4288.71 / $25000 (17.2%) — 64 leads
2026-08-09 19:00:03:     ADU — San Jose: $6630.35 / $25000 (26.5%) — 193 leads
2026-08-09 19:00:03:     Outdoor Program — San Jose: $3641.95 / $10000 (36.4%) — 52 leads
2026-08-09 20:00:00: [CRON] Auto-refresh triggered
2026-08-09 20:00:00: [2026-08-09T18:00:00.085Z] Fetching data: 2026-08-01 to 2026-08-09
2026-08-09 20:00:00:   Accounts: act_598233003217290, act_1423425976190315, act_1281838446384778
2026-08-09 20:00:03:   Success! Geo totals:
2026-08-09 20:00:03:     ADU — LA County: $10507.29 / $50000 (21.0%) — 343 leads
2026-08-09 20:00:03:     ADU — Orange County: $4333.77 / $25000 (17.3%) — 64 leads
2026-08-09 20:00:03:     ADU — San Jose: $6672.29 / $25000 (26.7%) — 195 leads
2026-08-09 20:00:03:     Outdoor Program — San Jose: $3656.89 / $10000 (36.6%) — 52 leads
2026-08-09 21:00:00: [CRON] Auto-refresh triggered
2026-08-09 21:00:00: [2026-08-09T19:00:00.573Z] Fetching data: 2026-08-01 to 2026-08-09
2026-08-09 21:00:00:   Accounts: act_598233003217290, act_1423425976190315, act_1281838446384778
2026-08-09 21:00:05:   Success! Geo totals:
2026-08-09 21:00:05:     ADU — LA County: $10594.37 / $50000 (21.2%) — 347 leads
2026-08-09 21:00:05:     ADU — Orange County: $4392.33 / $25000 (17.6%) — 64 leads
2026-08-09 21:00:05:     ADU — San Jose: $6715.77 / $25000 (26.9%) — 197 leads
2026-08-09 21:00:05:     Outdoor Program — San Jose: $3667.53 / $10000 (36.7%) — 53 leads
2026-08-09 22:00:00: [CRON] Auto-refresh triggered
2026-08-09 22:00:00: [2026-08-09T20:00:00.500Z] Fetching data: 2026-08-01 to 2026-08-09
2026-08-09 22:00:00:   Accounts: act_598233003217290, act_1423425976190315, act_1281838446384778
2026-08-09 22:00:07:   Success! Geo totals:
2026-08-09 22:00:07:     ADU — LA County: $10673.27 / $50000 (21.3%) — 348 leads
2026-08-09 22:00:07:     ADU — Orange County: $4454.37 / $25000 (17.8%) — 66 leads
2026-08-09 22:00:07:     ADU — San Jose: $6767.26 / $25000 (27.1%) — 198 leads
2026-08-09 22:00:07:     Outdoor Program — San Jose: $3681.87 / $10000 (36.8%) — 53 leads
2026-08-09 22:08:06: [2026-08-09T20:08:06.324Z] Fetching data: 2026-08-01 to 2026-08-09
2026-08-09 22:08:06:   Accounts: act_598233003217290, act_1423425976190315, act_1281838446384778
2026-08-09 22:08:09:   Success! Geo totals:
2026-08-09 22:08:09:     ADU — LA County: $10679.72 / $50000 (21.4%) — 348 leads
2026-08-09 22:08:09:     ADU — Orange County: $4460.50 / $25000 (17.8%) — 66 leads
2026-08-09 22:08:09:     ADU — San Jose: $6773.41 / $25000 (27.1%) — 198 leads
2026-08-09 22:08:09:     Outdoor Program — San Jose: $3683.95 / $10000 (36.8%) — 53 leads
2026-08-09 22:26:24: [2026-08-09T20:26:24.875Z] Fetching data: 2026-08-01 to 2026-08-09
2026-08-09 22:26:24:   Accounts: act_598233003217290, act_1423425976190315, act_1281838446384778
2026-08-09 22:26:27:   Success! Geo totals:
2026-08-09 22:26:27:     ADU — LA County: $10713.46 / $50000 (21.4%) — 348 leads
2026-08-09 22:26:27:     ADU — Orange County: $4476.08 / $25000 (17.9%) — 66 leads
2026-08-09 22:26:27:     ADU — San Jose: $6789.58 / $25000 (27.2%) — 198 leads
2026-08-09 22:26:27:     Outdoor Program — San Jose: $3690.72 / $10000 (36.9%) — 53 leads
2026-08-09 23:00:00: [CRON] Auto-refresh triggered
2026-08-09 23:00:00: [2026-08-09T21:00:00.038Z] Fetching data: 2026-08-01 to 2026-08-09
2026-08-09 23:00:00:   Accounts: act_598233003217290, act_1423425976190315, act_1281838446384778
2026-08-09 23:00:03:   Success! Geo totals:
2026-08-09 23:00:03:     ADU — LA County: $10788.35 / $50000 (21.6%) — 350 leads
2026-08-09 23:00:03:     ADU — Orange County: $4519.16 / $25000 (18.1%) — 66 leads
2026-08-09 23:00:03:     ADU — San Jose: $6827.15 / $25000 (27.3%) — 199 leads
2026-08-09 23:00:03:     Outdoor Program — San Jose: $3711.55 / $10000 (37.1%) — 53 leads
2026-08-10 00:00:00: [CRON] Auto-refresh triggered
2026-08-10 00:00:00: [2026-08-09T22:00:00.509Z] Fetching data: 2026-08-01 to 2026-08-09
2026-08-10 00:00:00:   Accounts: act_598233003217290, act_1423425976190315, act_1281838446384778
2026-08-10 00:00:04:   Success! Geo totals:
2026-08-10 00:00:04:     ADU — LA County: $10902.81 / $50000 (21.8%) — 352 leads
2026-08-10 00:00:04:     ADU — Orange County: $4581.44 / $25000 (18.3%) — 66 leads
2026-08-10 00:00:04:     ADU — San Jose: $6879.32 / $25000 (27.5%) — 200 leads
2026-08-10 00:00:04:     Outdoor Program — San Jose: $3737.84 / $10000 (37.4%) — 53 leads
2026-08-10 01:00:00: [CRON] Auto-refresh triggered
2026-08-10 01:00:00: [2026-08-09T23:00:00.533Z] Fetching data: 2026-08-01 to 2026-08-09
2026-08-10 01:00:00:   Accounts: act_598233003217290, act_1423425976190315, act_1281838446384778
2026-08-10 01:00:04:   Success! Geo totals:
2026-08-10 01:00:04:     ADU — LA County: $11030.87 / $50000 (22.1%) — 357 leads
2026-08-10 01:00:04:     ADU — Orange County: $4654.26 / $25000 (18.6%) — 66 leads
2026-08-10 01:00:04:     ADU — San Jose: $6946.41 / $25000 (27.8%) — 202 leads
2026-08-10 01:00:04:     Outdoor Program — San Jose: $3769.50 / $10000 (37.7%) — 53 leads
2026-08-10 02:00:00: [CRON] Auto-refresh triggered
2026-08-10 02:00:00: [2026-08-10T00:00:00.171Z] Fetching data: 2026-08-01 to 2026-08-09
2026-08-10 02:00:00:   Accounts: act_598233003217290, act_1423425976190315, act_1281838446384778
2026-08-10 02:00:11:   Success! Geo totals:
2026-08-10 02:00:11:     ADU — LA County: $11132.63 / $50000 (22.3%) — 361 leads
2026-08-10 02:00:11:     ADU — Orange County: $4722.61 / $25000 (18.9%) — 67 leads
2026-08-10 02:00:11:     ADU — San Jose: $7011.58 / $25000 (28.0%) — 204 leads
2026-08-10 02:00:11:     Outdoor Program — San Jose: $3794.75 / $10000 (37.9%) — 53 leads
2026-08-10 03:00:00: [CRON] Auto-refresh triggered
2026-08-10 03:00:00: [2026-08-10T01:00:00.281Z] Fetching data: 2026-08-01 to 2026-08-09
2026-08-10 03:00:00:   Accounts: act_598233003217290, act_1423425976190315, act_1281838446384778
2026-08-10 03:00:05:   Success! Geo totals:
2026-08-10 03:00:05:     ADU — LA County: $11246.45 / $50000 (22.5%) — 364 leads
2026-08-10 03:00:05:     ADU — Orange County: $4776.81 / $25000 (19.1%) — 67 leads
2026-08-10 03:00:05:     ADU — San Jose: $7069.33 / $25000 (28.3%) — 204 leads
2026-08-10 03:00:05:     Outdoor Program — San Jose: $3820.17 / $10000 (38.2%) — 53 leads
2026-08-10 04:00:00: [CRON] Auto-refresh triggered
2026-08-10 04:00:00: [2026-08-10T02:00:00.806Z] Fetching data: 2026-08-01 to 2026-08-09
2026-08-10 04:00:00:   Accounts: act_598233003217290, act_1423425976190315, act_1281838446384778
2026-08-10 04:00:04:   Success! Geo totals:
2026-08-10 04:00:04:     ADU — LA County: $11331.07 / $50000 (22.7%) — 365 leads
2026-08-10 04:00:04:     ADU — Orange County: $4828.37 / $25000 (19.3%) — 67 leads
2026-08-10 04:00:04:     ADU — San Jose: $7142.52 / $25000 (28.6%) — 208 leads
2026-08-10 04:00:04:     Outdoor Program — San Jose: $3845.85 / $10000 (38.5%) — 53 leads
2026-08-10 05:00:00: [CRON] Auto-refresh triggered
2026-08-10 05:00:00: [2026-08-10T03:00:00.901Z] Fetching data: 2026-08-01 to 2026-08-09
2026-08-10 05:00:00:   Accounts: act_598233003217290, act_1423425976190315, act_1281838446384778
2026-08-10 05:00:04:   Success! Geo totals:
2026-08-10 05:00:04:     ADU — LA County: $11415.69 / $50000 (22.8%) — 366 leads
2026-08-10 05:00:04:     ADU — Orange County: $4873.76 / $25000 (19.5%) — 68 leads
2026-08-10 05:00:04:     ADU — San Jose: $7186.63 / $25000 (28.7%) — 209 leads
2026-08-10 05:00:04:     Outdoor Program — San Jose: $3870.20 / $10000 (38.7%) — 53 leads
2026-08-10 06:00:00: [CRON] Auto-refresh triggered
2026-08-10 06:00:00: [2026-08-10T04:00:00.627Z] Fetching data: 2026-08-01 to 2026-08-09
2026-08-10 06:00:00:   Accounts: act_598233003217290, act_1423425976190315, act_1281838446384778
2026-08-10 06:00:03:   Success! Geo totals:
2026-08-10 06:00:03:     ADU — LA County: $11530.41 / $50000 (23.1%) — 366 leads
2026-08-10 06:00:03:     ADU — Orange County: $4932.04 / $25000 (19.7%) — 69 leads
2026-08-10 06:00:03:     ADU — San Jose: $7236.26 / $25000 (28.9%) — 212 leads
2026-08-10 06:00:03:     Outdoor Program — San Jose: $3895.03 / $10000 (39.0%) — 53 leads
2026-08-10 07:00:00: [CRON] Auto-refresh triggered
2026-08-10 07:00:00: [2026-08-10T05:00:00.531Z] Fetching data: 2026-08-01 to 2026-08-09
2026-08-10 07:00:00:   Accounts: act_598233003217290, act_1423425976190315, act_1281838446384778
2026-08-10 07:00:03:   Success! Geo totals:
2026-08-10 07:00:03:     ADU — LA County: $11586.04 / $50000 (23.2%) — 367 leads
2026-08-10 07:00:03:     ADU — Orange County: $4997.87 / $25000 (20.0%) — 71 leads
2026-08-10 07:00:03:     ADU — San Jose: $7294.45 / $25000 (29.2%) — 213 leads
2026-08-10 07:00:03:     Outdoor Program — San Jose: $3903.65 / $10000 (39.0%) — 53 leads
2026-08-10 08:00:00: [CRON] Auto-refresh triggered
2026-08-10 08:00:00: [2026-08-10T06:00:00.505Z] Fetching data: 2026-08-01 to 2026-08-09
2026-08-10 08:00:00:   Accounts: act_598233003217290, act_1423425976190315, act_1281838446384778
2026-08-10 08:00:04:   Success! Geo totals:
2026-08-10 08:00:04:     ADU — LA County: $11618.49 / $50000 (23.2%) — 370 leads
2026-08-10 08:00:04:     ADU — Orange County: $5046.28 / $25000 (20.2%) — 73 leads
2026-08-10 08:00:04:     ADU — San Jose: $7346.40 / $25000 (29.4%) — 214 leads
2026-08-10 08:00:04:     Outdoor Program — San Jose: $3905.02 / $10000 (39.1%) — 53 leads
2026-08-10 08:55:00: [CRON] Daily lead summary triggered
2026-08-10 08:55:03: [DAILY SUMMARY] posted (82 leads / $4078.90) — Slack 200
2026-08-10 09:00:00: [CRON] Auto-refresh triggered
2026-08-10 09:00:00: [2026-08-10T07:00:00.249Z] Fetching data: 2026-08-01 to 2026-08-10
2026-08-10 09:00:00:   Accounts: act_598233003217290, act_1423425976190315, act_1281838446384778
2026-08-10 09:00:05:   Success! Geo totals:
2026-08-10 09:00:05:     ADU — LA County: $11788.03 / $50000 (23.6%) — 377 leads
2026-08-10 09:00:05:     ADU — Orange County: $5085.92 / $25000 (20.3%) — 73 leads
2026-08-10 09:00:05:     ADU — San Jose: $7372.49 / $25000 (29.5%) — 214 leads
2026-08-10 09:00:05:     Outdoor Program — San Jose: $3981.63 / $10000 (39.8%) — 53 leads
2026-08-10 10:00:00: [CRON] Auto-refresh triggered
2026-08-10 10:00:00: [2026-08-10T08:00:00.742Z] Fetching data: 2026-08-01 to 2026-08-10
2026-08-10 10:00:00:   Accounts: act_598233003217290, act_1423425976190315, act_1281838446384778
2026-08-10 10:00:04:   Success! Geo totals:
2026-08-10 10:00:04:     ADU — LA County: $11821.16 / $50000 (23.6%) — 379 leads
2026-08-10 10:00:04:     ADU — Orange County: $5101.84 / $25000 (20.4%) — 73 leads
2026-08-10 10:00:04:     ADU — San Jose: $7385.24 / $25000 (29.5%) — 214 leads
2026-08-10 10:00:04:     Outdoor Program — San Jose: $3993.01 / $10000 (39.9%) — 53 leads
2026-08-10 11:00:00: [CRON] Auto-refresh triggered
2026-08-10 11:00:00: [2026-08-10T09:00:00.389Z] Fetching data: 2026-08-01 to 2026-08-10
2026-08-10 11:00:00:   Accounts: act_598233003217290, act_1423425976190315, act_1281838446384778
2026-08-10 11:00:04:   Success! Geo totals:
2026-08-10 11:00:04:     ADU — LA County: $11841.08 / $50000 (23.7%) — 379 leads
2026-08-10 11:00:04:     ADU — Orange County: $5115.37 / $25000 (20.5%) — 73 leads
2026-08-10 11:00:04:     ADU — San Jose: $7397.19 / $25000 (29.6%) — 214 leads
2026-08-10 11:00:04:     Outdoor Program — San Jose: $4002.36 / $10000 (40.0%) — 53 leads
2026-08-10 12:00:00: [CRON] Auto-refresh triggered
2026-08-10 12:00:00: [2026-08-10T10:00:00.294Z] Fetching data: 2026-08-01 to 2026-08-10
2026-08-10 12:00:00:   Accounts: act_598233003217290, act_1423425976190315, act_1281838446384778
2026-08-10 12:00:04:   Success! Geo totals:
2026-08-10 12:00:04:     ADU — LA County: $11857.30 / $50000 (23.7%) — 379 leads
2026-08-10 12:00:04:     ADU — Orange County: $5127.18 / $25000 (20.5%) — 73 leads
2026-08-10 12:00:04:     ADU — San Jose: $7404.34 / $25000 (29.6%) — 214 leads
2026-08-10 12:00:04:     Outdoor Program — San Jose: $4004.49 / $10000 (40.0%) — 53 leads
2026-08-10 13:00:00: [CRON] Auto-refresh triggered
2026-08-10 13:00:00: [2026-08-10T11:00:00.341Z] Fetching data: 2026-08-01 to 2026-08-10
2026-08-10 13:00:00:   Accounts: act_598233003217290, act_1423425976190315, act_1281838446384778
2026-08-10 13:00:05:   Success! Geo totals:
2026-08-10 13:00:05:     ADU — LA County: $11868.78 / $50000 (23.7%) — 379 leads
2026-08-10 13:00:05:     ADU — Orange County: $5136.06 / $25000 (20.5%) — 73 leads
2026-08-10 13:00:05:     ADU — San Jose: $7407.98 / $25000 (29.6%) — 214 leads
2026-08-10 13:00:05:     Outdoor Program — San Jose: $4006.75 / $10000 (40.1%) — 53 leads
2026-08-10 14:00:00: [CRON] Auto-refresh triggered
2026-08-10 14:00:00: [2026-08-10T12:00:00.928Z] Fetching data: 2026-08-01 to 2026-08-10
2026-08-10 14:00:00:   Accounts: act_598233003217290, act_1423425976190315, act_1281838446384778
2026-08-10 14:00:11:   Success! Geo totals:
2026-08-10 14:00:11:     ADU — LA County: $11883.72 / $50000 (23.8%) — 379 leads
2026-08-10 14:00:11:     ADU — Orange County: $5144.17 / $25000 (20.6%) — 73 leads
2026-08-10 14:00:11:     ADU — San Jose: $7415.86 / $25000 (29.7%) — 214 leads
2026-08-10 14:00:11:     Outdoor Program — San Jose: $4010.85 / $10000 (40.1%) — 53 leads
2026-08-10 15:00:00: [CRON] Weekly pacing check triggered
2026-08-10 15:00:00: [2026-08-10T13:00:00.250Z] Fetching data: 2026-08-01 to 2026-08-10
2026-08-10 15:00:00:   Accounts: act_598233003217290, act_1423425976190315, act_1281838446384778
2026-08-10 15:00:00: [CRON] Auto-refresh triggered
2026-08-10 15:00:00: [2026-08-10T13:00:00.256Z] Fetching data: 2026-08-01 to 2026-08-10
2026-08-10 15:00:00:   Accounts: act_598233003217290, act_1423425976190315, act_1281838446384778
2026-08-10 15:00:09:   Success! Geo totals:
2026-08-10 15:00:09:     ADU — LA County: $11910.74 / $50000 (23.8%) — 379 leads
2026-08-10 15:00:09:     ADU — Orange County: $5155.88 / $25000 (20.6%) — 73 leads
2026-08-10 15:00:09:     ADU — San Jose: $7424.79 / $25000 (29.7%) — 214 leads
2026-08-10 15:00:09:     Outdoor Program — San Jose: $4017.66 / $10000 (40.2%) — 53 leads
2026-08-10 15:00:10:   Success! Geo totals:
2026-08-10 15:00:10:     ADU — LA County: $11910.74 / $50000 (23.8%) — 379 leads
2026-08-10 15:00:10:     ADU — Orange County: $5155.88 / $25000 (20.6%) — 73 leads
2026-08-10 15:00:10:     ADU — San Jose: $7424.79 / $25000 (29.7%) — 214 leads
2026-08-10 15:00:10:     Outdoor Program — San Jose: $4017.66 / $10000 (40.2%) — 53 leads
2026-08-10 15:00:10: [WEEKLY PACING] posted (3 off-pace) — Slack 200
2026-08-10 15:29:17: [2026-08-10T13:29:17.965Z] Fetching data: 2026-08-01 to 2026-08-10
2026-08-10 15:29:17:   Accounts: act_598233003217290, act_1423425976190315, act_1281838446384778
2026-08-10 15:29:20:   Success! Geo totals:
2026-08-10 15:29:20:     ADU — LA County: $11930.18 / $50000 (23.9%) — 379 leads
2026-08-10 15:29:20:     ADU — Orange County: $5172.96 / $25000 (20.7%) — 73 leads
2026-08-10 15:29:20:     ADU — San Jose: $7432.06 / $25000 (29.7%) — 214 leads
2026-08-10 15:29:20:     Outdoor Program — San Jose: $4021.84 / $10000 (40.2%) — 53 leads
2026-08-10 16:00:00: [CRON] Auto-refresh triggered
2026-08-10 16:00:00: [2026-08-10T14:00:00.540Z] Fetching data: 2026-08-01 to 2026-08-10
2026-08-10 16:00:00:   Accounts: act_598233003217290, act_1423425976190315, act_1281838446384778
2026-08-10 16:00:10:   Success! Geo totals:
2026-08-10 16:00:10:     ADU — LA County: $11954.17 / $50000 (23.9%) — 380 leads
2026-08-10 16:00:10:     ADU — Orange County: $5192.67 / $25000 (20.8%) — 73 leads
2026-08-10 16:00:10:     ADU — San Jose: $7439.02 / $25000 (29.8%) — 214 leads
2026-08-10 16:00:10:     Outdoor Program — San Jose: $4029.11 / $10000 (40.3%) — 53 leads
2026-08-10 17:00:00: [CRON] Auto-refresh triggered
2026-08-10 17:00:00: [2026-08-10T15:00:00.262Z] Fetching data: 2026-08-01 to 2026-08-10
2026-08-10 17:00:00:   Accounts: act_598233003217290, act_1423425976190315, act_1281838446384778
2026-08-10 17:00:04:   Success! Geo totals:
2026-08-10 17:00:05:     ADU — LA County: $12022.59 / $50000 (24.0%) — 381 leads
2026-08-10 17:00:05:     ADU — Orange County: $5262.95 / $25000 (21.1%) — 76 leads
2026-08-10 17:00:05:     ADU — San Jose: $7463.51 / $25000 (29.9%) — 214 leads
2026-08-10 17:00:05:     Outdoor Program — San Jose: $4043.78 / $10000 (40.4%) — 53 leads
2026-08-10 18:00:00: [CRON] Auto-refresh triggered
2026-08-10 18:00:00: [2026-08-10T16:00:00.069Z] Fetching data: 2026-08-01 to 2026-08-10
2026-08-10 18:00:00:   Accounts: act_598233003217290, act_1423425976190315, act_1281838446384778
2026-08-10 18:00:04:   Success! Geo totals:
2026-08-10 18:00:04:     ADU — LA County: $12114.27 / $50000 (24.2%) — 382 leads
2026-08-10 18:00:04:     ADU — Orange County: $5310.86 / $25000 (21.2%) — 76 leads
2026-08-10 18:00:04:     ADU — San Jose: $7485.68 / $25000 (29.9%) — 215 leads
2026-08-10 18:00:04:     Outdoor Program — San Jose: $4067.41 / $10000 (40.7%) — 53 leads
2026-08-10 19:00:00: [CRON] Auto-refresh triggered
2026-08-10 19:00:00: [2026-08-10T17:00:00.060Z] Fetching data: 2026-08-01 to 2026-08-10
2026-08-10 19:00:00:   Accounts: act_598233003217290, act_1423425976190315, act_1281838446384778
2026-08-10 19:00:05:   Success! Geo totals:
2026-08-10 19:00:05:     ADU — LA County: $12224.52 / $50000 (24.4%) — 384 leads
2026-08-10 19:00:05:     ADU — Orange County: $5358.76 / $25000 (21.4%) — 77 leads
2026-08-10 19:00:05:     ADU — San Jose: $7519.22 / $25000 (30.1%) — 216 leads
2026-08-10 19:00:05:     Outdoor Program — San Jose: $4093.16 / $10000 (40.9%) — 56 leads
2026-08-10 20:00:00: [CRON] Auto-refresh triggered
2026-08-10 20:00:00: [2026-08-10T18:00:00.563Z] Fetching data: 2026-08-01 to 2026-08-10
2026-08-10 20:00:00:   Accounts: act_598233003217290, act_1423425976190315, act_1281838446384778
2026-08-10 20:00:04:   Success! Geo totals:
2026-08-10 20:00:04:     ADU — LA County: $12325.13 / $50000 (24.7%) — 387 leads
2026-08-10 20:00:04:     ADU — Orange County: $5409.24 / $25000 (21.6%) — 77 leads
2026-08-10 20:00:04:     ADU — San Jose: $7547.54 / $25000 (30.2%) — 216 leads
2026-08-10 20:00:04:     Outdoor Program — San Jose: $4111.54 / $10000 (41.1%) — 56 leads
2026-08-10 21:00:00: [CRON] Auto-refresh triggered
2026-08-10 21:00:00: [2026-08-10T19:00:00.128Z] Fetching data: 2026-08-01 to 2026-08-10
2026-08-10 21:00:00:   Accounts: act_598233003217290, act_1423425976190315, act_1281838446384778
2026-08-10 21:00:05:   Success! Geo totals:
2026-08-10 21:00:05:     ADU — LA County: $12426.73 / $50000 (24.9%) — 388 leads
2026-08-10 21:00:05:     ADU — Orange County: $5461.34 / $25000 (21.8%) — 79 leads
2026-08-10 21:00:05:     ADU — San Jose: $7584.26 / $25000 (30.3%) — 217 leads
2026-08-10 21:00:05:     Outdoor Program — San Jose: $4124.59 / $10000 (41.2%) — 56 leads
2026-08-10 22:00:00: [CRON] Auto-refresh triggered
2026-08-10 22:00:00: [2026-08-10T20:00:00.183Z] Fetching data: 2026-08-01 to 2026-08-10
2026-08-10 22:00:00:   Accounts: act_598233003217290, act_1423425976190315, act_1281838446384778
2026-08-10 22:00:03:   Success! Geo totals:
2026-08-10 22:00:03:     ADU — LA County: $12516.94 / $50000 (25.0%) — 390 leads
2026-08-10 22:00:03:     ADU — Orange County: $5501.23 / $25000 (22.0%) — 80 leads
2026-08-10 22:00:03:     ADU — San Jose: $7610.72 / $25000 (30.4%) — 218 leads
2026-08-10 22:00:03:     Outdoor Program — San Jose: $4134.98 / $10000 (41.3%) — 56 leads
2026-08-10 23:00:00: [CRON] Auto-refresh triggered
2026-08-10 23:00:00: [2026-08-10T21:00:00.875Z] Fetching data: 2026-08-01 to 2026-08-10
2026-08-10 23:00:00:   Accounts: act_598233003217290, act_1423425976190315, act_1281838446384778
2026-08-10 23:00:06:   Success! Geo totals:
2026-08-10 23:00:06:     ADU — LA County: $12609.45 / $50000 (25.2%) — 393 leads
2026-08-10 23:00:06:     ADU — Orange County: $5541.93 / $25000 (22.2%) — 80 leads
2026-08-10 23:00:06:     ADU — San Jose: $7653.28 / $25000 (30.6%) — 220 leads
2026-08-10 23:00:06:     Outdoor Program — San Jose: $4144.51 / $10000 (41.4%) — 56 leads
2026-08-11 00:00:00: [CRON] Auto-refresh triggered
2026-08-11 00:00:00: [2026-08-10T22:00:00.311Z] Fetching data: 2026-08-01 to 2026-08-10
2026-08-11 00:00:00:   Accounts: act_598233003217290, act_1423425976190315, act_1281838446384778
2026-08-11 00:00:03:   Success! Geo totals:
2026-08-11 00:00:03:     ADU — LA County: $12716.69 / $50000 (25.4%) — 396 leads
2026-08-11 00:00:03:     ADU — Orange County: $5590.32 / $25000 (22.4%) — 80 leads
2026-08-11 00:00:03:     ADU — San Jose: $7697.93 / $25000 (30.8%) — 220 leads
2026-08-11 00:00:03:     Outdoor Program — San Jose: $4161.06 / $10000 (41.6%) — 56 leads
2026-08-11 01:00:00: [CRON] Auto-refresh triggered
2026-08-11 01:00:00: [2026-08-10T23:00:00.801Z] Fetching data: 2026-08-01 to 2026-08-10
2026-08-11 01:00:00:   Accounts: act_598233003217290, act_1423425976190315, act_1281838446384778
2026-08-11 01:00:04:   Success! Geo totals:
2026-08-11 01:00:04:     ADU — LA County: $12831.39 / $50000 (25.7%) — 399 leads
2026-08-11 01:00:04:     ADU — Orange County: $5637.04 / $25000 (22.5%) — 81 leads
2026-08-11 01:00:04:     ADU — San Jose: $7749.51 / $25000 (31.0%) — 220 leads
2026-08-11 01:00:04:     Outdoor Program — San Jose: $4183.74 / $10000 (41.8%) — 56 leads
2026-08-11 02:00:00: [CRON] Auto-refresh triggered
2026-08-11 02:00:00: [2026-08-11T00:00:00.143Z] Fetching data: 2026-08-01 to 2026-08-10
2026-08-11 02:00:00:   Accounts: act_598233003217290, act_1423425976190315, act_1281838446384778
2026-08-11 02:00:04:   Success! Geo totals:
2026-08-11 02:00:04:     ADU — LA County: $12938.49 / $50000 (25.9%) — 403 leads
2026-08-11 02:00:04:     ADU — Orange County: $5679.89 / $25000 (22.7%) — 81 leads
2026-08-11 02:00:04:     ADU — San Jose: $7805.89 / $25000 (31.2%) — 222 leads
2026-08-11 02:00:04:     Outdoor Program — San Jose: $4208.88 / $10000 (42.1%) — 56 leads
2026-08-11 03:00:00: [CRON] Auto-refresh triggered
2026-08-11 03:00:00: [2026-08-11T01:00:00.537Z] Fetching data: 2026-08-01 to 2026-08-10
2026-08-11 03:00:00:   Accounts: act_598233003217290, act_1423425976190315, act_1281838446384778
2026-08-11 03:00:06:   Success! Geo totals:
2026-08-11 03:00:06:     ADU — LA County: $13049.01 / $50000 (26.1%) — 404 leads
2026-08-11 03:00:06:     ADU — Orange County: $5719.55 / $25000 (22.9%) — 83 leads
2026-08-11 03:00:06:     ADU — San Jose: $7863.93 / $25000 (31.5%) — 224 leads
2026-08-11 03:00:06:     Outdoor Program — San Jose: $4223.38 / $10000 (42.2%) — 58 leads
2026-08-11 04:00:00: [CRON] Auto-refresh triggered
2026-08-11 04:00:00: [2026-08-11T02:00:00.693Z] Fetching data: 2026-08-01 to 2026-08-10
2026-08-11 04:00:00:   Accounts: act_598233003217290, act_1423425976190315, act_1281838446384778
2026-08-11 04:00:05:   Success! Geo totals:
2026-08-11 04:00:05:     ADU — LA County: $13151.87 / $50000 (26.3%) — 408 leads
2026-08-11 04:00:05:     ADU — Orange County: $5757.54 / $25000 (23.0%) — 85 leads
2026-08-11 04:00:05:     ADU — San Jose: $7916.33 / $25000 (31.7%) — 224 leads
2026-08-11 04:00:05:     Outdoor Program — San Jose: $4242.18 / $10000 (42.4%) — 58 leads
2026-08-11 05:00:00: [CRON] Auto-refresh triggered
2026-08-11 05:00:00: [2026-08-11T03:00:00.849Z] Fetching data: 2026-08-01 to 2026-08-10
2026-08-11 05:00:00:   Accounts: act_598233003217290, act_1423425976190315, act_1281838446384778
2026-08-11 05:00:05:   Success! Geo totals:
2026-08-11 05:00:05:     ADU — LA County: $13247.18 / $50000 (26.5%) — 409 leads
2026-08-11 05:00:05:     ADU — Orange County: $5791.53 / $25000 (23.2%) — 85 leads
2026-08-11 05:00:05:     ADU — San Jose: $7963.04 / $25000 (31.9%) — 226 leads
2026-08-11 05:00:05:     Outdoor Program — San Jose: $4273.64 / $10000 (42.7%) — 58 leads
2026-08-11 06:00:00: [CRON] Auto-refresh triggered
2026-08-11 06:00:00: [2026-08-11T04:00:00.023Z] Fetching data: 2026-08-01 to 2026-08-10
2026-08-11 06:00:00:   Accounts: act_598233003217290, act_1423425976190315, act_1281838446384778
2026-08-11 06:00:04:   Success! Geo totals:
2026-08-11 06:00:04:     ADU — LA County: $13358.94 / $50000 (26.7%) — 412 leads
2026-08-11 06:00:04:     ADU — Orange County: $5825.69 / $25000 (23.3%) — 86 leads
2026-08-11 06:00:04:     ADU — San Jose: $8001.68 / $25000 (32.0%) — 227 leads
2026-08-11 06:00:04:     Outdoor Program — San Jose: $4310.08 / $10000 (43.1%) — 59 leads
2026-08-11 07:00:00: [CRON] Auto-refresh triggered
2026-08-11 07:00:00: [2026-08-11T05:00:00.669Z] Fetching data: 2026-08-01 to 2026-08-10
2026-08-11 07:00:00:   Accounts: act_598233003217290, act_1423425976190315, act_1281838446384778
2026-08-11 07:00:04:   Success! Geo totals:
2026-08-11 07:00:04:     ADU — LA County: $13414.71 / $50000 (26.8%) — 414 leads
2026-08-11 07:00:04:     ADU — Orange County: $5867.69 / $25000 (23.5%) — 86 leads
2026-08-11 07:00:04:     ADU — San Jose: $8048.55 / $25000 (32.2%) — 228 leads
2026-08-11 07:00:04:     Outdoor Program — San Jose: $4317.67 / $10000 (43.2%) — 59 leads
2026-08-11 08:00:00: [CRON] Auto-refresh triggered
2026-08-11 08:00:00: [2026-08-11T06:00:00.972Z] Fetching data: 2026-08-01 to 2026-08-10
2026-08-11 08:00:00:   Accounts: act_598233003217290, act_1423425976190315, act_1281838446384778
2026-08-11 08:00:05:   Success! Geo totals:
2026-08-11 08:00:05:     ADU — LA County: $13454.80 / $50000 (26.9%) — 414 leads
2026-08-11 08:00:05:     ADU — Orange County: $5904.50 / $25000 (23.6%) — 86 leads
2026-08-11 08:00:05:     ADU — San Jose: $8086.03 / $25000 (32.3%) — 228 leads
2026-08-11 08:00:05:     Outdoor Program — San Jose: $4320.27 / $10000 (43.2%) — 59 leads
2026-08-11 08:55:00: [CRON] Daily lead summary triggered
2026-08-11 08:55:02: [DAILY SUMMARY] posted (76 leads / $3808.71) — Slack 200
2026-08-11 09:00:00: [CRON] Auto-refresh triggered
2026-08-11 09:00:00: [2026-08-11T07:00:00.476Z] Fetching data: 2026-08-01 to 2026-08-11
2026-08-11 09:00:00:   Accounts: act_598233003217290, act_1423425976190315, act_1281838446384778
2026-08-11 09:00:04:   Success! Geo totals:
2026-08-11 09:00:04:     ADU — LA County: $13634.80 / $50000 (27.3%) — 416 leads
2026-08-11 09:00:04:     ADU — Orange County: $5929.06 / $25000 (23.7%) — 86 leads
2026-08-11 09:00:04:     ADU — San Jose: $8112.54 / $25000 (32.5%) — 229 leads
2026-08-11 09:00:04:     Outdoor Program — San Jose: $4379.81 / $10000 (43.8%) — 60 leads
2026-08-11 10:00:00: [CRON] Auto-refresh triggered
2026-08-11 10:00:00: [2026-08-11T08:00:00.820Z] Fetching data: 2026-08-01 to 2026-08-11
2026-08-11 10:00:00:   Accounts: act_598233003217290, act_1423425976190315, act_1281838446384778
2026-08-11 10:00:06:   Success! Geo totals:
2026-08-11 10:00:06:     ADU — LA County: $13667.59 / $50000 (27.3%) — 416 leads
2026-08-11 10:00:06:     ADU — Orange County: $5941.35 / $25000 (23.8%) — 86 leads
2026-08-11 10:00:06:     ADU — San Jose: $8125.37 / $25000 (32.5%) — 230 leads
2026-08-11 10:00:06:     Outdoor Program — San Jose: $4399.37 / $10000 (44.0%) — 60 leads
2026-08-11 11:00:00: [CRON] Auto-refresh triggered
2026-08-11 11:00:00: [2026-08-11T09:00:00.834Z] Fetching data: 2026-08-01 to 2026-08-11
2026-08-11 11:00:00:   Accounts: act_598233003217290, act_1423425976190315, act_1281838446384778
2026-08-11 11:00:06:   Success! Geo totals:
2026-08-11 11:00:06:     ADU — LA County: $13692.64 / $50000 (27.4%) — 416 leads
2026-08-11 11:00:06:     ADU — Orange County: $5948.07 / $25000 (23.8%) — 86 leads
2026-08-11 11:00:06:     ADU — San Jose: $8131.79 / $25000 (32.5%) — 230 leads
2026-08-11 11:00:06:     Outdoor Program — San Jose: $4411.39 / $10000 (44.1%) — 61 leads
2026-08-11 12:00:00: [CRON] Auto-refresh triggered
2026-08-11 12:00:00: [2026-08-11T10:00:00.860Z] Fetching data: 2026-08-01 to 2026-08-11
2026-08-11 12:00:00:   Accounts: act_598233003217290, act_1423425976190315, act_1281838446384778
2026-08-11 12:00:05:   Success! Geo totals:
2026-08-11 12:00:05:     ADU — LA County: $13705.94 / $50000 (27.4%) — 417 leads
2026-08-11 12:00:05:     ADU — Orange County: $5952.47 / $25000 (23.8%) — 86 leads
2026-08-11 12:00:05:     ADU — San Jose: $8139.39 / $25000 (32.6%) — 230 leads
2026-08-11 12:00:05:     Outdoor Program — San Jose: $4421.34 / $10000 (44.2%) — 61 leads
2026-08-11 13:00:01: [CRON] Auto-refresh triggered
2026-08-11 13:00:01: [2026-08-11T11:00:01.004Z] Fetching data: 2026-08-01 to 2026-08-11
2026-08-11 13:00:01:   Accounts: act_598233003217290, act_1423425976190315, act_1281838446384778
2026-08-11 13:00:04:   Success! Geo totals:
2026-08-11 13:00:04:     ADU — LA County: $13718.75 / $50000 (27.4%) — 417 leads
2026-08-11 13:00:04:     ADU — Orange County: $5955.51 / $25000 (23.8%) — 86 leads
2026-08-11 13:00:04:     ADU — San Jose: $8143.14 / $25000 (32.6%) — 230 leads
2026-08-11 13:00:04:     Outdoor Program — San Jose: $4428.54 / $10000 (44.3%) — 61 leads
2026-08-11 14:00:00: [CRON] Auto-refresh triggered
2026-08-11 14:00:00: [2026-08-11T12:00:00.280Z] Fetching data: 2026-08-01 to 2026-08-11
2026-08-11 14:00:00:   Accounts: act_598233003217290, act_1423425976190315, act_1281838446384778
2026-08-11 14:00:04:   Success! Geo totals:
2026-08-11 14:00:04:     ADU — LA County: $13728.63 / $50000 (27.5%) — 417 leads
2026-08-11 14:00:04:     ADU — Orange County: $5962.01 / $25000 (23.8%) — 86 leads
2026-08-11 14:00:04:     ADU — San Jose: $8149.43 / $25000 (32.6%) — 230 leads
2026-08-11 14:00:04:     Outdoor Program — San Jose: $4438.23 / $10000 (44.4%) — 61 leads
2026-08-11 14:22:33: [2026-08-11T12:22:33.834Z] Fetching data: 2026-08-01 to 2026-08-11
2026-08-11 14:22:33:   Accounts: act_598233003217290, act_1423425976190315, act_1281838446384778
2026-08-11 14:22:36:   Success! Geo totals:
2026-08-11 14:22:36:     ADU — LA County: $13735.04 / $50000 (27.5%) — 417 leads
2026-08-11 14:22:36:     ADU — Orange County: $5964.60 / $25000 (23.9%) — 86 leads
2026-08-11 14:22:36:     ADU — San Jose: $8151.34 / $25000 (32.6%) — 230 leads
2026-08-11 14:22:36:     Outdoor Program — San Jose: $4441.64 / $10000 (44.4%) — 62 leads
2026-08-11 15:00:00: [CRON] Auto-refresh triggered
2026-08-11 15:00:00: [2026-08-11T13:00:00.781Z] Fetching data: 2026-08-01 to 2026-08-11
2026-08-11 15:00:00:   Accounts: act_598233003217290, act_1423425976190315, act_1281838446384778
2026-08-11 15:00:05:   Success! Geo totals:
2026-08-11 15:00:05:     ADU — LA County: $13746.60 / $50000 (27.5%) — 417 leads
2026-08-11 15:00:05:     ADU — Orange County: $5970.24 / $25000 (23.9%) — 86 leads
2026-08-11 15:00:05:     ADU — San Jose: $8156.62 / $25000 (32.6%) — 230 leads
2026-08-11 15:00:05:     Outdoor Program — San Jose: $4447.95 / $10000 (44.5%) — 62 leads
2026-08-11 16:00:00: [CRON] Auto-refresh triggered
2026-08-11 16:00:00: [2026-08-11T14:00:00.496Z] Fetching data: 2026-08-01 to 2026-08-11
2026-08-11 16:00:00:   Accounts: act_598233003217290, act_1423425976190315, act_1281838446384778
2026-08-11 16:00:06:   Success! Geo totals:
2026-08-11 16:00:06:     ADU — LA County: $13782.90 / $50000 (27.6%) — 417 leads
2026-08-11 16:00:06:     ADU — Orange County: $5987.33 / $25000 (23.9%) — 86 leads
2026-08-11 16:00:06:     ADU — San Jose: $8170.31 / $25000 (32.7%) — 230 leads
2026-08-11 16:00:06:     Outdoor Program — San Jose: $4464.80 / $10000 (44.6%) — 62 leads
2026-08-11 17:00:00: [CRON] Auto-refresh triggered
2026-08-11 17:00:00: [2026-08-11T15:00:00.264Z] Fetching data: 2026-08-01 to 2026-08-11
2026-08-11 17:00:00:   Accounts: act_598233003217290, act_1423425976190315, act_1281838446384778
2026-08-11 17:00:05:   Success! Geo totals:
2026-08-11 17:00:05:     ADU — LA County: $13845.29 / $50000 (27.7%) — 418 leads
2026-08-11 17:00:05:     ADU — Orange County: $6016.61 / $25000 (24.1%) — 86 leads
2026-08-11 17:00:05:     ADU — San Jose: $8195.73 / $25000 (32.8%) — 230 leads
2026-08-11 17:00:05:     Outdoor Program — San Jose: $4478.54 / $10000 (44.8%) — 62 leads
2026-08-11 18:00:00: [CRON] Auto-refresh triggered
2026-08-11 18:00:00: [2026-08-11T16:00:00.931Z] Fetching data: 2026-08-01 to 2026-08-11
2026-08-11 18:00:00:   Accounts: act_598233003217290, act_1423425976190315, act_1281838446384778
2026-08-11 18:00:04:   Success! Geo totals:
2026-08-11 18:00:04:     ADU — LA County: $13931.03 / $50000 (27.9%) — 421 leads
2026-08-11 18:00:04:     ADU — Orange County: $6047.97 / $25000 (24.2%) — 87 leads
2026-08-11 18:00:04:     ADU — San Jose: $8221.01 / $25000 (32.9%) — 230 leads
2026-08-11 18:00:04:     Outdoor Program — San Jose: $4500.64 / $10000 (45.0%) — 62 leads
2026-08-11 18:16:46: 
========================================
2026-08-11 18:16:46:   Ben ADU Budget Dashboard
2026-08-11 18:16:46:   http://localhost:3500
2026-08-11 18:16:46:   Auto-refresh: every 60 minutes
2026-08-11 18:16:46:   Slack alerts: enabled
2026-08-11 18:16:46:   Password: disabled
2026-08-11 18:16:46: ========================================

2026-08-11 18:16:46: [2026-08-11T16:16:46.633Z] Fetching data: 2026-08-01 to 2026-08-11
2026-08-11 18:16:46:   Accounts: act_598233003217290, act_1423425976190315, act_1281838446384778
2026-08-11 18:16:49:   Success! Geo totals:
2026-08-11 18:16:49:     ADU — LA County: $13952.76 / $50000 (27.9%) — 421 leads
2026-08-11 18:16:49:     ADU — Orange County: $6055.04 / $25000 (24.2%) — 87 leads
2026-08-11 18:16:49:     ADU — San Jose: $8230.47 / $25000 (32.9%) — 230 leads
2026-08-11 18:16:49:     Outdoor Program — San Jose: $4503.69 / $10000 (45.0%) — 62 leads
2026-08-11 18:17:22: 
========================================
2026-08-11 18:17:22:   Ben ADU Budget Dashboard
2026-08-11 18:17:22:   http://localhost:3500
2026-08-11 18:17:22:   Auto-refresh: every 60 minutes
2026-08-11 18:17:22:   Slack alerts: enabled
2026-08-11 18:17:22:   Password: disabled
2026-08-11 18:17:22: ========================================

2026-08-11 18:17:22: [2026-08-11T16:17:22.356Z] Fetching data: 2026-08-01 to 2026-08-11
2026-08-11 18:17:22:   Accounts: act_598233003217290, act_1423425976190315, act_1281838446384778
2026-08-11 18:17:25:   Success! Geo totals:
2026-08-11 18:17:25:     ADU — LA County: $13952.76 / $50000 (27.9%) — 421 leads
2026-08-11 18:17:25:     ADU — Orange County: $6055.04 / $25000 (24.2%) — 87 leads
2026-08-11 18:17:25:     ADU — San Jose: $8230.47 / $25000 (32.9%) — 230 leads
2026-08-11 18:17:25:     Outdoor Program — San Jose: $4503.69 / $10000 (45.0%) — 62 leads
2026-08-11 19:00:00: [CRON] Auto-refresh triggered
2026-08-11 19:00:00: [2026-08-11T17:00:00.783Z] Fetching data: 2026-08-01 to 2026-08-11
2026-08-11 19:00:00:   Accounts: act_598233003217290, act_1423425976190315, act_1281838446384778
2026-08-11 19:00:04:   Success! Geo totals:
2026-08-11 19:00:04:     ADU — LA County: $14013.23 / $50000 (28.0%) — 423 leads
2026-08-11 19:00:04:     ADU — Orange County: $6084.50 / $25000 (24.3%) — 87 leads
2026-08-11 19:00:04:     ADU — San Jose: $8253.63 / $25000 (33.0%) — 230 leads
2026-08-11 19:00:04:     Outdoor Program — San Jose: $4512.38 / $10000 (45.1%) — 62 leads
2026-08-11 20:00:00: [CRON] Auto-refresh triggered
2026-08-11 20:00:00: [2026-08-11T18:00:00.249Z] Fetching data: 2026-08-01 to 2026-08-11
2026-08-11 20:00:00:   Accounts: act_598233003217290, act_1423425976190315, act_1281838446384778
2026-08-11 20:00:04:   Success! Geo totals:
2026-08-11 20:00:04:     ADU — LA County: $14099.07 / $50000 (28.2%) — 424 leads
2026-08-11 20:00:04:     ADU — Orange County: $6127.03 / $25000 (24.5%) — 87 leads
2026-08-11 20:00:04:     ADU — San Jose: $8298.98 / $25000 (33.2%) — 230 leads
2026-08-11 20:00:04:     Outdoor Program — San Jose: $4524.55 / $10000 (45.2%) — 62 leads
2026-08-11 21:00:00: [CRON] Auto-refresh triggered
2026-08-11 21:00:00: [2026-08-11T19:00:00.172Z] Fetching data: 2026-08-01 to 2026-08-11
2026-08-11 21:00:00:   Accounts: act_598233003217290, act_1423425976190315, act_1281838446384778
2026-08-11 21:00:05:   Success! Geo totals:
2026-08-11 21:00:05:     ADU — LA County: $14173.66 / $50000 (28.3%) — 427 leads
2026-08-11 21:00:05:     ADU — Orange County: $6158.14 / $25000 (24.6%) — 87 leads
2026-08-11 21:00:05:     ADU — San Jose: $8339.44 / $25000 (33.4%) — 230 leads
2026-08-11 21:00:05:     Outdoor Program — San Jose: $4545.71 / $10000 (45.5%) — 62 leads
2026-08-11 22:00:00: [CRON] Auto-refresh triggered
2026-08-11 22:00:00: [2026-08-11T20:00:00.035Z] Fetching data: 2026-08-01 to 2026-08-11
2026-08-11 22:00:00:   Accounts: act_598233003217290, act_1423425976190315, act_1281838446384778
2026-08-11 22:00:04:   Success! Geo totals:
2026-08-11 22:00:04:     ADU — LA County: $14267.22 / $50000 (28.5%) — 430 leads
2026-08-11 22:00:04:     ADU — Orange County: $6196.24 / $25000 (24.8%) — 88 leads
2026-08-11 22:00:04:     ADU — San Jose: $8377.93 / $25000 (33.5%) — 230 leads
2026-08-11 22:00:04:     Outdoor Program — San Jose: $4559.55 / $10000 (45.6%) — 62 leads
2026-08-11 23:00:00: [CRON] Auto-refresh triggered
2026-08-11 23:00:00: [2026-08-11T21:00:00.855Z] Fetching data: 2026-08-01 to 2026-08-11
2026-08-11 23:00:00:   Accounts: act_598233003217290, act_1423425976190315, act_1281838446384778
2026-08-11 23:00:06:   Success! Geo totals:
2026-08-11 23:00:06:     ADU — LA County: $14366.70 / $50000 (28.7%) — 434 leads
2026-08-11 23:00:06:     ADU — Orange County: $6240.76 / $25000 (25.0%) — 89 leads
2026-08-11 23:00:06:     ADU — San Jose: $8420.85 / $25000 (33.7%) — 230 leads
2026-08-11 23:00:06:     Outdoor Program — San Jose: $4582.21 / $10000 (45.8%) — 63 leads
2026-08-12 00:00:00: [CRON] Auto-refresh triggered
2026-08-12 00:00:00: [2026-08-11T22:00:00.731Z] Fetching data: 2026-08-01 to 2026-08-11
2026-08-12 00:00:00:   Accounts: act_598233003217290, act_1423425976190315, act_1281838446384778
2026-08-12 00:00:05:   Success! Geo totals:
2026-08-12 00:00:05:     ADU — LA County: $14458.25 / $50000 (28.9%) — 439 leads
2026-08-12 00:00:05:     ADU — Orange County: $6288.00 / $25000 (25.2%) — 89 leads
2026-08-12 00:00:05:     ADU — San Jose: $8467.71 / $25000 (33.9%) — 233 leads
2026-08-12 00:00:05:     Outdoor Program — San Jose: $4600.96 / $10000 (46.0%) — 63 leads
2026-08-12 01:00:00: [CRON] Auto-refresh triggered
2026-08-12 01:00:00: [2026-08-11T23:00:00.201Z] Fetching data: 2026-08-01 to 2026-08-11
2026-08-12 01:00:00:   Accounts: act_598233003217290, act_1423425976190315, act_1281838446384778
2026-08-12 01:00:04:   Success! Geo totals:
2026-08-12 01:00:04:     ADU — LA County: $14606.37 / $50000 (29.2%) — 443 leads
2026-08-12 01:00:04:     ADU — Orange County: $6341.59 / $25000 (25.4%) — 90 leads
2026-08-12 01:00:04:     ADU — San Jose: $8526.27 / $25000 (34.1%) — 233 leads
2026-08-12 01:00:04:     Outdoor Program — San Jose: $4619.94 / $10000 (46.2%) — 63 leads
2026-08-12 02:00:00: [CRON] Auto-refresh triggered
2026-08-12 02:00:00: [2026-08-12T00:00:00.142Z] Fetching data: 2026-08-01 to 2026-08-11
2026-08-12 02:00:00:   Accounts: act_598233003217290, act_1423425976190315, act_1281838446384778
2026-08-12 02:00:03:   Success! Geo totals:
2026-08-12 02:00:03:     ADU — LA County: $14735.06 / $50000 (29.5%) — 445 leads
2026-08-12 02:00:03:     ADU — Orange County: $6397.70 / $25000 (25.6%) — 90 leads
2026-08-12 02:00:03:     ADU — San Jose: $8583.23 / $25000 (34.3%) — 234 leads
2026-08-12 02:00:03:     Outdoor Program — San Jose: $4639.36 / $10000 (46.4%) — 63 leads
2026-08-12 03:00:00: [CRON] Auto-refresh triggered
2026-08-12 03:00:00: [2026-08-12T01:00:00.853Z] Fetching data: 2026-08-01 to 2026-08-11
2026-08-12 03:00:00:   Accounts: act_598233003217290, act_1423425976190315, act_1281838446384778
2026-08-12 03:00:05:   Success! Geo totals:
2026-08-12 03:00:05:     ADU — LA County: $14885.44 / $50000 (29.8%) — 449 leads
2026-08-12 03:00:05:     ADU — Orange County: $6442.75 / $25000 (25.8%) — 92 leads
2026-08-12 03:00:05:     ADU — San Jose: $8659.41 / $25000 (34.6%) — 234 leads
2026-08-12 03:00:05:     Outdoor Program — San Jose: $4661.32 / $10000 (46.6%) — 63 leads
2026-08-12 04:00:00: [CRON] Auto-refresh triggered
2026-08-12 04:00:00: [2026-08-12T02:00:00.502Z] Fetching data: 2026-08-01 to 2026-08-11
2026-08-12 04:00:00:   Accounts: act_598233003217290, act_1423425976190315, act_1281838446384778
2026-08-12 04:00:04:   Success! Geo totals:
2026-08-12 04:00:04:     ADU — LA County: $14989.36 / $50000 (30.0%) — 452 leads
2026-08-12 04:00:04:     ADU — Orange County: $6476.88 / $25000 (25.9%) — 93 leads
2026-08-12 04:00:04:     ADU — San Jose: $8703.70 / $25000 (34.8%) — 235 leads
2026-08-12 04:00:04:     Outdoor Program — San Jose: $4674.09 / $10000 (46.7%) — 63 leads
2026-08-12 05:00:00: [CRON] Auto-refresh triggered
2026-08-12 05:00:00: [2026-08-12T03:00:00.238Z] Fetching data: 2026-08-01 to 2026-08-11
2026-08-12 05:00:00:   Accounts: act_598233003217290, act_1423425976190315, act_1281838446384778
2026-08-12 05:00:06:   Success! Geo totals:
2026-08-12 05:00:06:     ADU — LA County: $15076.13 / $50000 (30.2%) — 456 leads
2026-08-12 05:00:06:     ADU — Orange County: $6507.86 / $25000 (26.0%) — 93 leads
2026-08-12 05:00:06:     ADU — San Jose: $8751.52 / $25000 (35.0%) — 237 leads
2026-08-12 05:00:06:     Outdoor Program — San Jose: $4696.66 / $10000 (47.0%) — 63 leads
2026-08-12 06:00:00: [CRON] Auto-refresh triggered
2026-08-12 06:00:00: [2026-08-12T04:00:00.807Z] Fetching data: 2026-08-01 to 2026-08-11
2026-08-12 06:00:00:   Accounts: act_598233003217290, act_1423425976190315, act_1281838446384778
2026-08-12 06:00:04:   Success! Geo totals:
2026-08-12 06:00:04:     ADU — LA County: $15168.73 / $50000 (30.3%) — 459 leads
2026-08-12 06:00:04:     ADU — Orange County: $6545.42 / $25000 (26.2%) — 93 leads
2026-08-12 06:00:04:     ADU — San Jose: $8801.07 / $25000 (35.2%) — 238 leads
2026-08-12 06:00:04:     Outdoor Program — San Jose: $4725.50 / $10000 (47.3%) — 63 leads
2026-08-12 07:00:00: [CRON] Auto-refresh triggered
2026-08-12 07:00:00: [2026-08-12T05:00:00.732Z] Fetching data: 2026-08-01 to 2026-08-11
2026-08-12 07:00:00:   Accounts: act_598233003217290, act_1423425976190315, act_1281838446384778
2026-08-12 07:00:06:   Success! Geo totals:
2026-08-12 07:00:06:     ADU — LA County: $15240.82 / $50000 (30.5%) — 460 leads
2026-08-12 07:00:06:     ADU — Orange County: $6589.71 / $25000 (26.4%) — 94 leads
2026-08-12 07:00:06:     ADU — San Jose: $8848.62 / $25000 (35.4%) — 239 leads
2026-08-12 07:00:06:     Outdoor Program — San Jose: $4731.72 / $10000 (47.3%) — 63 leads
2026-08-12 08:00:00: [CRON] Auto-refresh triggered
2026-08-12 08:00:00: [2026-08-12T06:00:00.646Z] Fetching data: 2026-08-01 to 2026-08-11
2026-08-12 08:00:00:   Accounts: act_598233003217290, act_1423425976190315, act_1281838446384778
2026-08-12 08:00:04:   Success! Geo totals:
2026-08-12 08:00:04:     ADU — LA County: $15282.65 / $50000 (30.6%) — 464 leads
2026-08-12 08:00:04:     ADU — Orange County: $6640.02 / $25000 (26.6%) — 95 leads
2026-08-12 08:00:04:     ADU — San Jose: $8898.23 / $25000 (35.6%) — 239 leads
2026-08-12 08:00:04:     Outdoor Program — San Jose: $4734.72 / $10000 (47.3%) — 63 leads
2026-08-12 08:55:00: [CRON] Daily lead summary triggered
2026-08-12 08:55:03: [DAILY SUMMARY] posted (77 leads / $3762.39) — Slack 200
2026-08-12 09:00:00: [CRON] Auto-refresh triggered
2026-08-12 09:00:00: [2026-08-12T07:00:00.164Z] Fetching data: 2026-08-01 to 2026-08-12
2026-08-12 09:00:00:   Accounts: act_598233003217290, act_1423425976190315, act_1281838446384778
2026-08-12 09:00:03:   Success! Geo totals:
2026-08-12 09:00:03:     ADU — LA County: $15472.81 / $50000 (30.9%) — 467 leads
2026-08-12 09:00:03:     ADU — Orange County: $6664.74 / $25000 (26.7%) — 96 leads
2026-08-12 09:00:03:     ADU — San Jose: $8932.43 / $25000 (35.7%) — 241 leads
2026-08-12 09:00:03:     Outdoor Program — San Jose: $4803.40 / $10000 (48.0%) — 63 leads
2026-08-12 10:00:00: [CRON] Auto-refresh triggered
2026-08-12 10:00:00: [2026-08-12T08:00:00.148Z] Fetching data: 2026-08-01 to 2026-08-12
2026-08-12 10:00:00:   Accounts: act_598233003217290, act_1423425976190315, act_1281838446384778
2026-08-12 10:00:04:   Success! Geo totals:
2026-08-12 10:00:04:     ADU — LA County: $15518.87 / $50000 (31.0%) — 470 leads
2026-08-12 10:00:04:     ADU — Orange County: $6681.95 / $25000 (26.7%) — 96 leads
2026-08-12 10:00:04:     ADU — San Jose: $8944.53 / $25000 (35.8%) — 243 leads
2026-08-12 10:00:04:     Outdoor Program — San Jose: $4822.05 / $10000 (48.2%) — 64 leads
2026-08-12 11:00:00: [CRON] Auto-refresh triggered
2026-08-12 11:00:00: [2026-08-12T09:00:00.647Z] Fetching data: 2026-08-01 to 2026-08-12
2026-08-12 11:00:00:   Accounts: act_598233003217290, act_1423425976190315, act_1281838446384778
2026-08-12 11:00:04:   Success! Geo totals:
2026-08-12 11:00:04:     ADU — LA County: $15546.48 / $50000 (31.1%) — 470 leads
2026-08-12 11:00:04:     ADU — Orange County: $6690.23 / $25000 (26.8%) — 96 leads
2026-08-12 11:00:04:     ADU — San Jose: $8952.55 / $25000 (35.8%) — 243 leads
2026-08-12 11:00:04:     Outdoor Program — San Jose: $4832.61 / $10000 (48.3%) — 64 leads
2026-08-12 12:00:00: [CRON] Auto-refresh triggered
2026-08-12 12:00:00: [2026-08-12T10:00:00.609Z] Fetching data: 2026-08-01 to 2026-08-12
2026-08-12 12:00:00:   Accounts: act_598233003217290, act_1423425976190315, act_1281838446384778
2026-08-12 12:00:05:   Success! Geo totals:
2026-08-12 12:00:05:     ADU — LA County: $15557.32 / $50000 (31.1%) — 471 leads
2026-08-12 12:00:05:     ADU — Orange County: $6696.98 / $25000 (26.8%) — 96 leads
2026-08-12 12:00:05:     ADU — San Jose: $8959.04 / $25000 (35.8%) — 243 leads
2026-08-12 12:00:05:     Outdoor Program — San Jose: $4839.91 / $10000 (48.4%) — 64 leads
2026-08-12 13:00:00: [CRON] Auto-refresh triggered
2026-08-12 13:00:00: [2026-08-12T11:00:00.056Z] Fetching data: 2026-08-01 to 2026-08-12
2026-08-12 13:00:00:   Accounts: act_598233003217290, act_1423425976190315, act_1281838446384778
2026-08-12 13:00:05:   Success! Geo totals:
2026-08-12 13:00:05:     ADU — LA County: $15570.35 / $50000 (31.1%) — 472 leads
2026-08-12 13:00:05:     ADU — Orange County: $6703.95 / $25000 (26.8%) — 96 leads
2026-08-12 13:00:05:     ADU — San Jose: $8964.88 / $25000 (35.9%) — 244 leads
2026-08-12 13:00:05:     Outdoor Program — San Jose: $4848.07 / $10000 (48.5%) — 64 leads
2026-08-12 14:00:00: [CRON] Auto-refresh triggered
2026-08-12 14:00:00: [2026-08-12T12:00:00.832Z] Fetching data: 2026-08-01 to 2026-08-12
2026-08-12 14:00:00:   Accounts: act_598233003217290, act_1423425976190315, act_1281838446384778
2026-08-12 14:00:07:   Success! Geo totals:
2026-08-12 14:00:07:     ADU — LA County: $15583.12 / $50000 (31.2%) — 472 leads
2026-08-12 14:00:07:     ADU — Orange County: $6709.22 / $25000 (26.8%) — 96 leads
2026-08-12 14:00:07:     ADU — San Jose: $8974.01 / $25000 (35.9%) — 244 leads
2026-08-12 14:00:07:     Outdoor Program — San Jose: $4856.86 / $10000 (48.6%) — 64 leads
2026-08-12 15:00:00: [CRON] Auto-refresh triggered
2026-08-12 15:00:00: [2026-08-12T13:00:00.638Z] Fetching data: 2026-08-01 to 2026-08-12
2026-08-12 15:00:00:   Accounts: act_598233003217290, act_1423425976190315, act_1281838446384778
2026-08-12 15:00:10:   Success! Geo totals:
2026-08-12 15:00:10:     ADU — LA County: $15601.87 / $50000 (31.2%) — 472 leads
2026-08-12 15:00:10:     ADU — Orange County: $6719.93 / $25000 (26.9%) — 96 leads
2026-08-12 15:00:10:     ADU — San Jose: $8986.95 / $25000 (35.9%) — 245 leads
2026-08-12 15:00:10:     Outdoor Program — San Jose: $4866.94 / $10000 (48.7%) — 64 leads
2026-08-12 16:00:00: [CRON] Auto-refresh triggered
2026-08-12 16:00:00: [2026-08-12T14:00:00.161Z] Fetching data: 2026-08-01 to 2026-08-12
2026-08-12 16:00:00:   Accounts: act_598233003217290, act_1423425976190315, act_1281838446384778
2026-08-12 16:00:14:   Success! Geo totals:
2026-08-12 16:00:14:     ADU — LA County: $15637.21 / $50000 (31.3%) — 472 leads
2026-08-12 16:00:14:     ADU — Orange County: $6739.40 / $25000 (27.0%) — 96 leads
2026-08-12 16:00:14:     ADU — San Jose: $9002.06 / $25000 (36.0%) — 245 leads
2026-08-12 16:00:14:     Outdoor Program — San Jose: $4884.83 / $10000 (48.8%) — 65 leads
2026-08-12 17:00:00: [CRON] Auto-refresh triggered
2026-08-12 17:00:00: [2026-08-12T15:00:00.197Z] Fetching data: 2026-08-01 to 2026-08-12
2026-08-12 17:00:00:   Accounts: act_598233003217290, act_1423425976190315, act_1281838446384778
2026-08-12 17:00:04:   Success! Geo totals:
2026-08-12 17:00:04:     ADU — LA County: $15686.63 / $50000 (31.4%) — 475 leads
2026-08-12 17:00:04:     ADU — Orange County: $6766.97 / $25000 (27.1%) — 96 leads
2026-08-12 17:00:04:     ADU — San Jose: $9036.50 / $25000 (36.1%) — 246 leads
2026-08-12 17:00:04:     Outdoor Program — San Jose: $4909.54 / $10000 (49.1%) — 65 leads
2026-08-12 18:00:00: [CRON] Auto-refresh triggered
2026-08-12 18:00:00: [2026-08-12T16:00:00.366Z] Fetching data: 2026-08-01 to 2026-08-12
2026-08-12 18:00:00:   Accounts: act_598233003217290, act_1423425976190315, act_1281838446384778
2026-08-12 18:00:06:   Success! Geo totals:
2026-08-12 18:00:06:     ADU — LA County: $15756.32 / $50000 (31.5%) — 477 leads
2026-08-12 18:00:06:     ADU — Orange County: $6797.27 / $25000 (27.2%) — 96 leads
2026-08-12 18:00:06:     ADU — San Jose: $9081.36 / $25000 (36.3%) — 247 leads
2026-08-12 18:00:06:     Outdoor Program — San Jose: $4942.40 / $10000 (49.4%) — 65 leads
2026-08-12 19:00:00: [CRON] Auto-refresh triggered
2026-08-12 19:00:00: [2026-08-12T17:00:00.370Z] Fetching data: 2026-08-01 to 2026-08-12
2026-08-12 19:00:00:   Accounts: act_598233003217290, act_1423425976190315, act_1281838446384778
2026-08-12 19:00:04:   Success! Geo totals:
2026-08-12 19:00:04:     ADU — LA County: $15832.26 / $50000 (31.7%) — 478 leads
2026-08-12 19:00:04:     ADU — Orange County: $6839.55 / $25000 (27.4%) — 97 leads
2026-08-12 19:00:04:     ADU — San Jose: $9127.20 / $25000 (36.5%) — 248 leads
2026-08-12 19:00:04:     Outdoor Program — San Jose: $4978.47 / $10000 (49.8%) — 67 leads
2026-08-12 20:00:00: [CRON] Auto-refresh triggered
2026-08-12 20:00:00: [2026-08-12T18:00:00.584Z] Fetching data: 2026-08-01 to 2026-08-12
2026-08-12 20:00:00:   Accounts: act_598233003217290, act_1423425976190315, act_1281838446384778
2026-08-12 20:00:04:   Success! Geo totals:
2026-08-12 20:00:04:     ADU — LA County: $15913.40 / $50000 (31.8%) — 480 leads
2026-08-12 20:00:04:     ADU — Orange County: $6876.06 / $25000 (27.5%) — 97 leads
2026-08-12 20:00:04:     ADU — San Jose: $9179.18 / $25000 (36.7%) — 250 leads
2026-08-12 20:00:04:     Outdoor Program — San Jose: $5002.40 / $10000 (50.0%) — 68 leads
2026-08-12 21:00:00: [CRON] Auto-refresh triggered
2026-08-12 21:00:00: [2026-08-12T19:00:00.124Z] Fetching data: 2026-08-01 to 2026-08-12
2026-08-12 21:00:00:   Accounts: act_598233003217290, act_1423425976190315, act_1281838446384778
2026-08-12 21:00:05:   Success! Geo totals:
2026-08-12 21:00:06:     ADU — LA County: $15992.47 / $50000 (32.0%) — 484 leads
2026-08-12 21:00:06:     ADU — Orange County: $6916.22 / $25000 (27.7%) — 97 leads
2026-08-12 21:00:06:     ADU — San Jose: $9217.98 / $25000 (36.9%) — 250 leads
2026-08-12 21:00:06:     Outdoor Program — San Jose: $5024.98 / $10000 (50.2%) — 68 leads
2026-08-12 22:00:00: [CRON] Auto-refresh triggered
2026-08-12 22:00:00: [2026-08-12T20:00:00.529Z] Fetching data: 2026-08-01 to 2026-08-12
2026-08-12 22:00:00:   Accounts: act_598233003217290, act_1423425976190315, act_1281838446384778
2026-08-12 22:00:03:   Success! Geo totals:
2026-08-12 22:00:03:     ADU — LA County: $16064.82 / $50000 (32.1%) — 485 leads
2026-08-12 22:00:03:     ADU — Orange County: $6953.02 / $25000 (27.8%) — 98 leads
2026-08-12 22:00:03:     ADU — San Jose: $9258.39 / $25000 (37.0%) — 251 leads
2026-08-12 22:00:03:     Outdoor Program — San Jose: $5052.92 / $10000 (50.5%) — 68 leads
2026-08-12 23:00:00: [CRON] Auto-refresh triggered
2026-08-12 23:00:00: [2026-08-12T21:00:00.786Z] Fetching data: 2026-08-01 to 2026-08-12
2026-08-12 23:00:00:   Accounts: act_598233003217290, act_1423425976190315, act_1281838446384778
2026-08-12 23:00:05:   Success! Geo totals:
2026-08-12 23:00:05:     ADU — LA County: $16158.32 / $50000 (32.3%) — 488 leads
2026-08-12 23:00:05:     ADU — Orange County: $6994.67 / $25000 (28.0%) — 98 leads
2026-08-12 23:00:05:     ADU — San Jose: $9287.07 / $25000 (37.1%) — 251 leads
2026-08-12 23:00:05:     Outdoor Program — San Jose: $5079.21 / $10000 (50.8%) — 68 leads
2026-08-13 00:00:00: [CRON] Auto-refresh triggered
2026-08-13 00:00:00: [2026-08-12T22:00:00.399Z] Fetching data: 2026-08-01 to 2026-08-12
2026-08-13 00:00:00:   Accounts: act_598233003217290, act_1423425976190315, act_1281838446384778
2026-08-13 00:00:05:   Success! Geo totals:
2026-08-13 00:00:05:     ADU — LA County: $16253.29 / $50000 (32.5%) — 492 leads
2026-08-13 00:00:05:     ADU — Orange County: $7026.06 / $25000 (28.1%) — 98 leads
2026-08-13 00:00:05:     ADU — San Jose: $9324.74 / $25000 (37.3%) — 251 leads
2026-08-13 00:00:05:     Outdoor Program — San Jose: $5107.62 / $10000 (51.1%) — 68 leads
2026-08-13 01:00:00: [CRON] Auto-refresh triggered
2026-08-13 01:00:00: [2026-08-12T23:00:00.450Z] Fetching data: 2026-08-01 to 2026-08-12
2026-08-13 01:00:00:   Accounts: act_598233003217290, act_1423425976190315, act_1281838446384778
2026-08-13 01:00:05:   Success! Geo totals:
2026-08-13 01:00:05:     ADU — LA County: $16376.45 / $50000 (32.8%) — 498 leads
2026-08-13 01:00:05:     ADU — Orange County: $7071.52 / $25000 (28.3%) — 98 leads
2026-08-13 01:00:05:     ADU — San Jose: $9374.54 / $25000 (37.5%) — 252 leads
2026-08-13 01:00:05:     Outdoor Program — San Jose: $5138.21 / $10000 (51.4%) — 69 leads
2026-08-13 02:00:00: [CRON] Auto-refresh triggered
2026-08-13 02:00:00: [2026-08-13T00:00:00.968Z] Fetching data: 2026-08-01 to 2026-08-12
2026-08-13 02:00:00:   Accounts: act_598233003217290, act_1423425976190315, act_1281838446384778
2026-08-13 02:00:11:   Success! Geo totals:
2026-08-13 02:00:11:     ADU — LA County: $16492.57 / $50000 (33.0%) — 505 leads
2026-08-13 02:00:11:     ADU — Orange County: $7114.97 / $25000 (28.5%) — 98 leads
2026-08-13 02:00:11:     ADU — San Jose: $9417.67 / $25000 (37.7%) — 253 leads
2026-08-13 02:00:11:     Outdoor Program — San Jose: $5153.06 / $10000 (51.5%) — 69 leads
2026-08-13 03:00:00: [CRON] Auto-refresh triggered
2026-08-13 03:00:00: [2026-08-13T01:00:00.042Z] Fetching data: 2026-08-01 to 2026-08-12
2026-08-13 03:00:00:   Accounts: act_598233003217290, act_1423425976190315, act_1281838446384778
2026-08-13 03:00:05:   Success! Geo totals:
2026-08-13 03:00:05:     ADU — LA County: $16612.47 / $50000 (33.2%) — 507 leads
2026-08-13 03:00:05:     ADU — Orange County: $7163.51 / $25000 (28.7%) — 100 leads
2026-08-13 03:00:05:     ADU — San Jose: $9466.95 / $25000 (37.9%) — 255 leads
2026-08-13 03:00:05:     Outdoor Program — San Jose: $5167.84 / $10000 (51.7%) — 69 leads
2026-08-13 04:00:00: [CRON] Auto-refresh triggered
2026-08-13 04:00:00: [2026-08-13T02:00:00.057Z] Fetching data: 2026-08-01 to 2026-08-12
2026-08-13 04:00:00:   Accounts: act_598233003217290, act_1423425976190315, act_1281838446384778
2026-08-13 04:00:16:   Success! Geo totals:
2026-08-13 04:00:16:     ADU — LA County: $16742.24 / $50000 (33.5%) — 510 leads
2026-08-13 04:00:16:     ADU — Orange County: $7208.26 / $25000 (28.8%) — 102 leads
2026-08-13 04:00:16:     ADU — San Jose: $9520.09 / $25000 (38.1%) — 256 leads
2026-08-13 04:00:16:     Outdoor Program — San Jose: $5184.10 / $10000 (51.8%) — 69 leads
2026-08-13 05:00:00: [CRON] Auto-refresh triggered
2026-08-13 05:00:00: [2026-08-13T03:00:00.885Z] Fetching data: 2026-08-01 to 2026-08-12
2026-08-13 05:00:00:   Accounts: act_598233003217290, act_1423425976190315, act_1281838446384778
2026-08-13 05:00:04:   Success! Geo totals:
2026-08-13 05:00:04:     ADU — LA County: $16851.46 / $50000 (33.7%) — 511 leads
2026-08-13 05:00:04:     ADU — Orange County: $7245.70 / $25000 (29.0%) — 102 leads
2026-08-13 05:00:04:     ADU — San Jose: $9563.91 / $25000 (38.3%) — 256 leads
2026-08-13 05:00:04:     Outdoor Program — San Jose: $5204.29 / $10000 (52.0%) — 69 leads
2026-08-13 06:00:00: [CRON] Auto-refresh triggered
2026-08-13 06:00:00: [2026-08-13T04:00:00.759Z] Fetching data: 2026-08-01 to 2026-08-12
2026-08-13 06:00:00:   Accounts: act_598233003217290, act_1423425976190315, act_1281838446384778
2026-08-13 06:00:05:   Success! Geo totals:
2026-08-13 06:00:05:     ADU — LA County: $16974.77 / $50000 (33.9%) — 514 leads
2026-08-13 06:00:05:     ADU — Orange County: $7281.61 / $25000 (29.1%) — 102 leads
2026-08-13 06:00:05:     ADU — San Jose: $9610.47 / $25000 (38.4%) — 257 leads
2026-08-13 06:00:05:     Outdoor Program — San Jose: $5226.10 / $10000 (52.3%) — 69 leads
2026-08-13 07:00:00: [CRON] Auto-refresh triggered
2026-08-13 07:00:00: [2026-08-13T05:00:00.211Z] Fetching data: 2026-08-01 to 2026-08-12
2026-08-13 07:00:00:   Accounts: act_598233003217290, act_1423425976190315, act_1281838446384778
2026-08-13 07:00:04:   Success! Geo totals:
2026-08-13 07:00:04:     ADU — LA County: $17045.60 / $50000 (34.1%) — 516 leads
2026-08-13 07:00:04:     ADU — Orange County: $7320.84 / $25000 (29.3%) — 103 leads
2026-08-13 07:00:04:     ADU — San Jose: $9661.39 / $25000 (38.6%) — 258 leads
2026-08-13 07:00:04:     Outdoor Program — San Jose: $5238.32 / $10000 (52.4%) — 69 leads
2026-08-13 08:00:00: [CRON] Auto-refresh triggered
2026-08-13 08:00:00: [2026-08-13T06:00:00.711Z] Fetching data: 2026-08-01 to 2026-08-12
2026-08-13 08:00:00:   Accounts: act_598233003217290, act_1423425976190315, act_1281838446384778
2026-08-13 08:00:04:   Success! Geo totals:
2026-08-13 08:00:04:     ADU — LA County: $17081.30 / $50000 (34.2%) — 516 leads
2026-08-13 08:00:04:     ADU — Orange County: $7351.68 / $25000 (29.4%) — 103 leads
2026-08-13 08:00:04:     ADU — San Jose: $9697.42 / $25000 (38.8%) — 258 leads
2026-08-13 08:00:04:     Outdoor Program — San Jose: $5241.32 / $10000 (52.4%) — 69 leads
2026-08-13 08:55:00: [CRON] Daily lead summary triggered
2026-08-13 08:55:03: [DAILY SUMMARY] posted (81 leads / $3783.48) — Slack 200
2026-08-13 09:00:00: [CRON] Auto-refresh triggered
2026-08-13 09:00:00: [2026-08-13T07:00:00.795Z] Fetching data: 2026-08-01 to 2026-08-13
2026-08-13 09:00:00:   Accounts: act_598233003217290, act_1423425976190315, act_1281838446384778
2026-08-13 09:00:07:   Success! Geo totals:
2026-08-13 09:00:07:     ADU — LA County: $17281.50 / $50000 (34.6%) — 524 leads
2026-08-13 09:00:07:     ADU — Orange County: $7384.97 / $25000 (29.5%) — 103 leads
2026-08-13 09:00:07:     ADU — San Jose: $9717.73 / $25000 (38.9%) — 258 leads
2026-08-13 09:00:07:     Outdoor Program — San Jose: $5285.64 / $10000 (52.9%) — 69 leads
2026-08-13 10:00:00: [CRON] Auto-refresh triggered
2026-08-13 10:00:00: [2026-08-13T08:00:00.822Z] Fetching data: 2026-08-01 to 2026-08-13
2026-08-13 10:00:00:   Accounts: act_598233003217290, act_1423425976190315, act_1281838446384778
2026-08-13 10:00:04:   Success! Geo totals:
2026-08-13 10:00:04:     ADU — LA County: $17316.36 / $50000 (34.6%) — 526 leads
2026-08-13 10:00:04:     ADU — Orange County: $7393.83 / $25000 (29.6%) — 103 leads
2026-08-13 10:00:04:     ADU — San Jose: $9736.87 / $25000 (38.9%) — 258 leads
2026-08-13 10:00:04:     Outdoor Program — San Jose: $5294.23 / $10000 (52.9%) — 69 leads
2026-08-13 11:00:00: [CRON] Auto-refresh triggered
2026-08-13 11:00:00: [2026-08-13T09:00:00.474Z] Fetching data: 2026-08-01 to 2026-08-13
2026-08-13 11:00:00:   Accounts: act_598233003217290, act_1423425976190315, act_1281838446384778
2026-08-13 11:00:05:   Success! Geo totals:
2026-08-13 11:00:05:     ADU — LA County: $17350.76 / $50000 (34.7%) — 527 leads
2026-08-13 11:00:05:     ADU — Orange County: $7402.04 / $25000 (29.6%) — 103 leads
2026-08-13 11:00:05:     ADU — San Jose: $9749.62 / $25000 (39.0%) — 259 leads
2026-08-13 11:00:05:     Outdoor Program — San Jose: $5299.83 / $10000 (53.0%) — 69 leads
2026-08-13 12:00:00: [CRON] Auto-refresh triggered
2026-08-13 12:00:00: [2026-08-13T10:00:00.648Z] Fetching data: 2026-08-01 to 2026-08-13
2026-08-13 12:00:00:   Accounts: act_598233003217290, act_1423425976190315, act_1281838446384778
2026-08-13 12:00:06:   Success! Geo totals:
2026-08-13 12:00:06:     ADU — LA County: $17370.56 / $50000 (34.7%) — 527 leads
2026-08-13 12:00:06:     ADU — Orange County: $7410.53 / $25000 (29.6%) — 103 leads
2026-08-13 12:00:06:     ADU — San Jose: $9758.04 / $25000 (39.0%) — 259 leads
2026-08-13 12:00:06:     Outdoor Program — San Jose: $5305.96 / $10000 (53.1%) — 69 leads
2026-08-13 13:00:00: [CRON] Auto-refresh triggered
2026-08-13 13:00:00: [2026-08-13T11:00:00.733Z] Fetching data: 2026-08-01 to 2026-08-13
2026-08-13 13:00:00:   Accounts: act_598233003217290, act_1423425976190315, act_1281838446384778
2026-08-13 13:00:04:   Success! Geo totals:
2026-08-13 13:00:04:     ADU — LA County: $17389.42 / $50000 (34.8%) — 528 leads
2026-08-13 13:00:04:     ADU — Orange County: $7418.08 / $25000 (29.7%) — 103 leads
2026-08-13 13:00:04:     ADU — San Jose: $9763.65 / $25000 (39.1%) — 259 leads
2026-08-13 13:00:04:     Outdoor Program — San Jose: $5308.76 / $10000 (53.1%) — 69 leads
2026-08-13 15:00:00: [CRON] Auto-refresh triggered
2026-08-13 15:00:00: [2026-08-13T13:00:00.183Z] Fetching data: 2026-08-01 to 2026-08-13
2026-08-13 15:00:00:   Accounts: act_598233003217290, act_1423425976190315, act_1281838446384778
2026-08-13 15:00:08:   Success! Geo totals:
2026-08-13 15:00:08:     ADU — LA County: $17432.11 / $50000 (34.9%) — 529 leads
2026-08-13 15:00:08:     ADU — Orange County: $7433.18 / $25000 (29.7%) — 104 leads
2026-08-13 15:00:08:     ADU — San Jose: $9774.80 / $25000 (39.1%) — 260 leads
2026-08-13 15:00:08:     Outdoor Program — San Jose: $5316.75 / $10000 (53.2%) — 69 leads
2026-08-13 16:00:00: [CRON] Auto-refresh triggered
2026-08-13 16:00:00: [2026-08-13T14:00:00.900Z] Fetching data: 2026-08-01 to 2026-08-13
2026-08-13 16:00:00:   Accounts: act_598233003217290, act_1423425976190315, act_1281838446384778
2026-08-13 16:00:05:   Success! Geo totals:
2026-08-13 16:00:05:     ADU — LA County: $17484.56 / $50000 (35.0%) — 529 leads
2026-08-13 16:00:05:     ADU — Orange County: $7457.84 / $25000 (29.8%) — 104 leads
2026-08-13 16:00:05:     ADU — San Jose: $9794.01 / $25000 (39.2%) — 260 leads
2026-08-13 16:00:05:     Outdoor Program — San Jose: $5329.95 / $10000 (53.3%) — 69 leads
2026-08-13 17:00:00: [CRON] Auto-refresh triggered
2026-08-13 17:00:00: [2026-08-13T15:00:00.572Z] Fetching data: 2026-08-01 to 2026-08-13
2026-08-13 17:00:00:   Accounts: act_598233003217290, act_1423425976190315, act_1281838446384778
2026-08-13 17:00:06:   Success! Geo totals:
2026-08-13 17:00:06:     ADU — LA County: $17564.22 / $50000 (35.1%) — 533 leads
2026-08-13 17:00:06:     ADU — Orange County: $7496.49 / $25000 (30.0%) — 106 leads
2026-08-13 17:00:06:     ADU — San Jose: $9831.99 / $25000 (39.3%) — 260 leads
2026-08-13 17:00:06:     Outdoor Program — San Jose: $5342.35 / $10000 (53.4%) — 69 leads
2026-08-13 18:00:00: [CRON] Auto-refresh triggered
2026-08-13 18:00:00: [2026-08-13T16:00:00.886Z] Fetching data: 2026-08-01 to 2026-08-13
2026-08-13 18:00:00:   Accounts: act_598233003217290, act_1423425976190315, act_1281838446384778
2026-08-13 18:00:04:   Success! Geo totals:
2026-08-13 18:00:04:     ADU — LA County: $17655.86 / $50000 (35.3%) — 534 leads
2026-08-13 18:00:04:     ADU — Orange County: $7536.17 / $25000 (30.1%) — 107 leads
2026-08-13 18:00:04:     ADU — San Jose: $9872.02 / $25000 (39.5%) — 261 leads
2026-08-13 18:00:04:     Outdoor Program — San Jose: $5359.18 / $10000 (53.6%) — 69 leads
2026-08-13 19:00:00: [CRON] Auto-refresh triggered
2026-08-13 19:00:00: [2026-08-13T17:00:00.895Z] Fetching data: 2026-08-01 to 2026-08-13
2026-08-13 19:00:00:   Accounts: act_598233003217290, act_1423425976190315, act_1281838446384778
2026-08-13 19:00:05:   Success! Geo totals:
2026-08-13 19:00:05:     ADU — LA County: $17758.79 / $50000 (35.5%) — 535 leads
2026-08-13 19:00:05:     ADU — Orange County: $7583.59 / $25000 (30.3%) — 108 leads
2026-08-13 19:00:05:     ADU — San Jose: $9917.31 / $25000 (39.7%) — 261 leads
2026-08-13 19:00:05:     Outdoor Program — San Jose: $5373.88 / $10000 (53.7%) — 69 leads
2026-08-13 20:00:00: [CRON] Auto-refresh triggered
2026-08-13 20:00:00: [2026-08-13T18:00:00.188Z] Fetching data: 2026-08-01 to 2026-08-13
2026-08-13 20:00:00:   Accounts: act_598233003217290, act_1423425976190315, act_1281838446384778
2026-08-13 20:00:04:   Success! Geo totals:
2026-08-13 20:00:04:     ADU — LA County: $17860.40 / $50000 (35.7%) — 539 leads
2026-08-13 20:00:04:     ADU — Orange County: $7618.48 / $25000 (30.5%) — 108 leads
2026-08-13 20:00:04:     ADU — San Jose: $9966.84 / $25000 (39.9%) — 261 leads
2026-08-13 20:00:04:     Outdoor Program — San Jose: $5392.38 / $10000 (53.9%) — 69 leads
2026-08-13 21:00:00: [CRON] Auto-refresh triggered
2026-08-13 21:00:00: [2026-08-13T19:00:00.119Z] Fetching data: 2026-08-01 to 2026-08-13
2026-08-13 21:00:00:   Accounts: act_598233003217290, act_1423425976190315, act_1281838446384778
2026-08-13 21:00:03:   Success! Geo totals:
2026-08-13 21:00:03:     ADU — LA County: $17974.98 / $50000 (35.9%) — 540 leads
2026-08-13 21:00:03:     ADU — Orange County: $7664.64 / $25000 (30.7%) — 108 leads
2026-08-13 21:00:03:     ADU — San Jose: $10011.71 / $25000 (40.0%) — 261 leads
2026-08-13 21:00:03:     Outdoor Program — San Jose: $5403.00 / $10000 (54.0%) — 70 leads
2026-08-13 22:00:00: [CRON] Auto-refresh triggered
2026-08-13 22:00:00: [2026-08-13T20:00:00.818Z] Fetching data: 2026-08-01 to 2026-08-13
2026-08-13 22:00:00:   Accounts: act_598233003217290, act_1423425976190315, act_1281838446384778
2026-08-13 22:00:06:   Success! Geo totals:
2026-08-13 22:00:06:     ADU — LA County: $18082.92 / $50000 (36.2%) — 542 leads
2026-08-13 22:00:06:     ADU — Orange County: $7709.57 / $25000 (30.8%) — 109 leads
2026-08-13 22:00:06:     ADU — San Jose: $10060.51 / $25000 (40.2%) — 263 leads
2026-08-13 22:00:06:     Outdoor Program — San Jose: $5419.58 / $10000 (54.2%) — 71 leads
2026-08-13 23:00:00: [CRON] Auto-refresh triggered
2026-08-13 23:00:00: [2026-08-13T21:00:00.599Z] Fetching data: 2026-08-01 to 2026-08-13
2026-08-13 23:00:00:   Accounts: act_598233003217290, act_1423425976190315, act_1281838446384778
2026-08-13 23:00:07:   Success! Geo totals:
2026-08-13 23:00:07:     ADU — LA County: $18174.18 / $50000 (36.3%) — 544 leads
2026-08-13 23:00:07:     ADU — Orange County: $7750.26 / $25000 (31.0%) — 110 leads
2026-08-13 23:00:07:     ADU — San Jose: $10102.03 / $25000 (40.4%) — 265 leads
2026-08-13 23:00:07:     Outdoor Program — San Jose: $5434.17 / $10000 (54.3%) — 71 leads
2026-08-14 00:00:00: [CRON] Auto-refresh triggered
2026-08-14 00:00:00: [2026-08-13T22:00:00.798Z] Fetching data: 2026-08-01 to 2026-08-13
2026-08-14 00:00:00:   Accounts: act_598233003217290, act_1423425976190315, act_1281838446384778
2026-08-14 00:00:06:   Success! Geo totals:
2026-08-14 00:00:06:     ADU — LA County: $18257.70 / $50000 (36.5%) — 545 leads
2026-08-14 00:00:06:     ADU — Orange County: $7810.88 / $25000 (31.2%) — 110 leads
2026-08-14 00:00:06:     ADU — San Jose: $10151.74 / $25000 (40.6%) — 265 leads
2026-08-14 00:00:06:     Outdoor Program — San Jose: $5454.49 / $10000 (54.5%) — 71 leads
2026-08-14 01:00:00: [CRON] Auto-refresh triggered
2026-08-14 01:00:00: [2026-08-13T23:00:00.291Z] Fetching data: 2026-08-01 to 2026-08-13
2026-08-14 01:00:00:   Accounts: act_598233003217290, act_1423425976190315, act_1281838446384778
2026-08-14 01:00:03:   Success! Geo totals:
2026-08-14 01:00:03:     ADU — LA County: $18366.60 / $50000 (36.7%) — 554 leads
2026-08-14 01:00:03:     ADU — Orange County: $7881.48 / $25000 (31.5%) — 110 leads
2026-08-14 01:00:03:     ADU — San Jose: $10219.07 / $25000 (40.9%) — 265 leads
2026-08-14 01:00:03:     Outdoor Program — San Jose: $5489.26 / $10000 (54.9%) — 71 leads
2026-08-14 02:00:00: [CRON] Auto-refresh triggered
2026-08-14 02:00:00: [2026-08-14T00:00:00.960Z] Fetching data: 2026-08-01 to 2026-08-13
2026-08-14 02:00:00:   Accounts: act_598233003217290, act_1423425976190315, act_1281838446384778
2026-08-14 02:00:12:   Success! Geo totals:
2026-08-14 02:00:12:     ADU — LA County: $18494.41 / $50000 (37.0%) — 558 leads
2026-08-14 02:00:12:     ADU — Orange County: $7951.18 / $25000 (31.8%) — 110 leads
2026-08-14 02:00:12:     ADU — San Jose: $10274.52 / $25000 (41.1%) — 265 leads
2026-08-14 02:00:12:     Outdoor Program — San Jose: $5526.37 / $10000 (55.3%) — 71 leads
2026-08-14 03:00:00: [CRON] Auto-refresh triggered
2026-08-14 03:00:00: [2026-08-14T01:00:00.737Z] Fetching data: 2026-08-01 to 2026-08-13
2026-08-14 03:00:00:   Accounts: act_598233003217290, act_1423425976190315, act_1281838446384778
2026-08-14 03:00:05:   Success! Geo totals:
2026-08-14 03:00:05:     ADU — LA County: $18630.78 / $50000 (37.3%) — 561 leads
2026-08-14 03:00:05:     ADU — Orange County: $8018.18 / $25000 (32.1%) — 110 leads
2026-08-14 03:00:05:     ADU — San Jose: $10332.56 / $25000 (41.3%) — 266 leads
2026-08-14 03:00:05:     Outdoor Program — San Jose: $5558.64 / $10000 (55.6%) — 71 leads
2026-08-14 04:00:00: [CRON] Auto-refresh triggered
2026-08-14 04:00:00: [2026-08-14T02:00:00.212Z] Fetching data: 2026-08-01 to 2026-08-13
2026-08-14 04:00:00:   Accounts: act_598233003217290, act_1423425976190315, act_1281838446384778
2026-08-14 04:00:27:   Success! Geo totals:
2026-08-14 04:00:27:     ADU — LA County: $18748.56 / $50000 (37.5%) — 561 leads
2026-08-14 04:00:27:     ADU — Orange County: $8076.09 / $25000 (32.3%) — 111 leads
2026-08-14 04:00:27:     ADU — San Jose: $10389.73 / $25000 (41.6%) — 266 leads
2026-08-14 04:00:27:     Outdoor Program — San Jose: $5591.95 / $10000 (55.9%) — 71 leads
2026-08-14 05:00:00: [CRON] Auto-refresh triggered
2026-08-14 05:00:00: [2026-08-14T03:00:00.859Z] Fetching data: 2026-08-01 to 2026-08-13
2026-08-14 05:00:00:   Accounts: act_598233003217290, act_1423425976190315, act_1281838446384778
2026-08-14 05:00:05:   Success! Geo totals:
2026-08-14 05:00:05:     ADU — LA County: $18858.85 / $50000 (37.7%) — 563 leads
2026-08-14 05:00:05:     ADU — Orange County: $8130.05 / $25000 (32.5%) — 111 leads
2026-08-14 05:00:05:     ADU — San Jose: $10435.02 / $25000 (41.7%) — 267 leads
2026-08-14 05:00:05:     Outdoor Program — San Jose: $5622.57 / $10000 (56.2%) — 71 leads
2026-08-14 06:00:00: [CRON] Auto-refresh triggered
2026-08-14 06:00:00: [2026-08-14T04:00:00.257Z] Fetching data: 2026-08-01 to 2026-08-13
2026-08-14 06:00:00:   Accounts: act_598233003217290, act_1423425976190315, act_1281838446384778
2026-08-14 06:00:05:   Success! Geo totals:
2026-08-14 06:00:05:     ADU — LA County: $18964.47 / $50000 (37.9%) — 566 leads
2026-08-14 06:00:05:     ADU — Orange County: $8182.79 / $25000 (32.7%) — 112 leads
2026-08-14 06:00:05:     ADU — San Jose: $10478.11 / $25000 (41.9%) — 267 leads
2026-08-14 06:00:05:     Outdoor Program — San Jose: $5641.75 / $10000 (56.4%) — 72 leads
2026-08-14 07:00:00: [CRON] Auto-refresh triggered
2026-08-14 07:00:00: [2026-08-14T05:00:00.647Z] Fetching data: 2026-08-01 to 2026-08-13
2026-08-14 07:00:00:   Accounts: act_598233003217290, act_1423425976190315, act_1281838446384778
2026-08-14 07:00:05:   Success! Geo totals:
2026-08-14 07:00:05:     ADU — LA County: $19009.16 / $50000 (38.0%) — 569 leads
2026-08-14 07:00:05:     ADU — Orange County: $8233.49 / $25000 (32.9%) — 112 leads
2026-08-14 07:00:05:     ADU — San Jose: $10523.52 / $25000 (42.1%) — 268 leads
2026-08-14 07:00:05:     Outdoor Program — San Jose: $5648.49 / $10000 (56.5%) — 73 leads
2026-08-14 08:00:00: [CRON] Auto-refresh triggered
2026-08-14 08:00:00: [2026-08-14T06:00:00.786Z] Fetching data: 2026-08-01 to 2026-08-13
2026-08-14 08:00:00:   Accounts: act_598233003217290, act_1423425976190315, act_1281838446384778
2026-08-14 08:00:04:   Success! Geo totals:
2026-08-14 08:00:04:     ADU — LA County: $19041.10 / $50000 (38.1%) — 569 leads
2026-08-14 08:00:04:     ADU — Orange County: $8277.13 / $25000 (33.1%) — 113 leads
2026-08-14 08:00:04:     ADU — San Jose: $10556.87 / $25000 (42.2%) — 268 leads
2026-08-14 08:00:04:     Outdoor Program — San Jose: $5650.32 / $10000 (56.5%) — 73 leads
2026-08-14 08:55:00: [CRON] Daily lead summary triggered
2026-08-14 08:55:03: [DAILY SUMMARY] posted (73 leads / $4116.85) — Slack 200
2026-08-14 09:00:00: [CRON] Auto-refresh triggered
2026-08-14 09:00:00: [2026-08-14T07:00:00.050Z] Fetching data: 2026-08-01 to 2026-08-14
2026-08-14 09:00:00:   Accounts: act_598233003217290, act_1423425976190315, act_1281838446384778
2026-08-14 09:00:04:   Success! Geo totals:
2026-08-14 09:00:04:     ADU — LA County: $19189.37 / $50000 (38.4%) — 574 leads
2026-08-14 09:00:04:     ADU — Orange County: $8312.20 / $25000 (33.2%) — 113 leads
2026-08-14 09:00:04:     ADU — San Jose: $10585.09 / $25000 (42.3%) — 268 leads
2026-08-14 09:00:04:     Outdoor Program — San Jose: $5713.06 / $10000 (57.1%) — 75 leads
2026-08-14 10:00:00: [CRON] Auto-refresh triggered
2026-08-14 10:00:00: [2026-08-14T08:00:00.741Z] Fetching data: 2026-08-01 to 2026-08-14
2026-08-14 10:00:00:   Accounts: act_598233003217290, act_1423425976190315, act_1281838446384778
2026-08-14 10:00:05:   Success! Geo totals:
2026-08-14 10:00:05:     ADU — LA County: $19225.27 / $50000 (38.5%) — 575 leads
2026-08-14 10:00:05:     ADU — Orange County: $8340.45 / $25000 (33.4%) — 114 leads
2026-08-14 10:00:05:     ADU — San Jose: $10603.47 / $25000 (42.4%) — 268 leads
2026-08-14 10:00:05:     Outdoor Program — San Jose: $5724.76 / $10000 (57.2%) — 75 leads
2026-08-14 11:00:00: [CRON] Auto-refresh triggered
2026-08-14 11:00:00: [2026-08-14T09:00:00.311Z] Fetching data: 2026-08-01 to 2026-08-14
2026-08-14 11:00:00:   Accounts: act_598233003217290, act_1423425976190315, act_1281838446384778
2026-08-14 11:00:04:   Success! Geo totals:
2026-08-14 11:00:04:     ADU — LA County: $19252.28 / $50000 (38.5%) — 576 leads
2026-08-14 11:00:04:     ADU — Orange County: $8356.97 / $25000 (33.4%) — 114 leads
2026-08-14 11:00:04:     ADU — San Jose: $10616.13 / $25000 (42.5%) — 268 leads
2026-08-14 11:00:04:     Outdoor Program — San Jose: $5732.38 / $10000 (57.3%) — 75 leads
2026-08-14 12:00:00: [CRON] Auto-refresh triggered
2026-08-14 12:00:00: [2026-08-14T10:00:00.838Z] Fetching data: 2026-08-01 to 2026-08-14
2026-08-14 12:00:00:   Accounts: act_598233003217290, act_1423425976190315, act_1281838446384778
2026-08-14 12:00:04:   Success! Geo totals:
2026-08-14 12:00:04:     ADU — LA County: $19266.83 / $50000 (38.5%) — 576 leads
2026-08-14 12:00:04:     ADU — Orange County: $8365.84 / $25000 (33.5%) — 114 leads
2026-08-14 12:00:04:     ADU — San Jose: $10621.52 / $25000 (42.5%) — 268 leads
2026-08-14 12:00:04:     Outdoor Program — San Jose: $5738.79 / $10000 (57.4%) — 75 leads
2026-08-14 13:00:00: [CRON] Auto-refresh triggered
2026-08-14 13:00:00: [2026-08-14T11:00:00.029Z] Fetching data: 2026-08-01 to 2026-08-14
2026-08-14 13:00:00:   Accounts: act_598233003217290, act_1423425976190315, act_1281838446384778
2026-08-14 13:00:04:   Success! Geo totals:
2026-08-14 13:00:04:     ADU — LA County: $19281.93 / $50000 (38.6%) — 576 leads
2026-08-14 13:00:04:     ADU — Orange County: $8378.30 / $25000 (33.5%) — 116 leads
2026-08-14 13:00:04:     ADU — San Jose: $10626.06 / $25000 (42.5%) — 268 leads
2026-08-14 13:00:04:     Outdoor Program — San Jose: $5743.69 / $10000 (57.4%) — 75 leads
2026-08-14 14:00:00: [CRON] Auto-refresh triggered
2026-08-14 14:00:00: [2026-08-14T12:00:00.658Z] Fetching data: 2026-08-01 to 2026-08-14
2026-08-14 14:00:00:   Accounts: act_598233003217290, act_1423425976190315, act_1281838446384778
2026-08-14 14:00:05:   Success! Geo totals:
2026-08-14 14:00:05:     ADU — LA County: $19293.92 / $50000 (38.6%) — 576 leads
2026-08-14 14:00:05:     ADU — Orange County: $8393.10 / $25000 (33.6%) — 116 leads
2026-08-14 14:00:05:     ADU — San Jose: $10630.23 / $25000 (42.5%) — 269 leads
2026-08-14 14:00:05:     Outdoor Program — San Jose: $5748.36 / $10000 (57.5%) — 75 leads
2026-08-14 15:00:00: [CRON] Auto-refresh triggered
2026-08-14 15:00:00: [2026-08-14T13:00:00.723Z] Fetching data: 2026-08-01 to 2026-08-14
2026-08-14 15:00:00:   Accounts: act_598233003217290, act_1423425976190315, act_1281838446384778
2026-08-14 15:00:05:   Success! Geo totals:
2026-08-14 15:00:05:     ADU — LA County: $19311.92 / $50000 (38.6%) — 576 leads
2026-08-14 15:00:05:     ADU — Orange County: $8406.67 / $25000 (33.6%) — 116 leads
2026-08-14 15:00:05:     ADU — San Jose: $10639.29 / $25000 (42.6%) — 269 leads
2026-08-14 15:00:05:     Outdoor Program — San Jose: $5758.15 / $10000 (57.6%) — 75 leads
2026-08-14 16:00:00: [CRON] Auto-refresh triggered
2026-08-14 16:00:00: [2026-08-14T14:00:00.969Z] Fetching data: 2026-08-01 to 2026-08-14
2026-08-14 16:00:00:   Accounts: act_598233003217290, act_1423425976190315, act_1281838446384778
2026-08-14 16:00:05:   Success! Geo totals:
2026-08-14 16:00:05:     ADU — LA County: $19348.32 / $50000 (38.7%) — 576 leads
2026-08-14 16:00:05:     ADU — Orange County: $8440.22 / $25000 (33.8%) — 116 leads
2026-08-14 16:00:05:     ADU — San Jose: $10661.25 / $25000 (42.6%) — 269 leads
2026-08-14 16:00:05:     Outdoor Program — San Jose: $5772.34 / $10000 (57.7%) — 75 leads
2026-08-14 17:00:00: [CRON] Auto-refresh triggered
2026-08-14 17:00:00: [2026-08-14T15:00:00.871Z] Fetching data: 2026-08-01 to 2026-08-14
2026-08-14 17:00:00:   Accounts: act_598233003217290, act_1423425976190315, act_1281838446384778
2026-08-14 17:00:05:   Success! Geo totals:
2026-08-14 17:00:05:     ADU — LA County: $19405.09 / $50000 (38.8%) — 576 leads
2026-08-14 17:00:05:     ADU — Orange County: $8489.28 / $25000 (34.0%) — 118 leads
2026-08-14 17:00:05:     ADU — San Jose: $10687.76 / $25000 (42.8%) — 269 leads
2026-08-14 17:00:05:     Outdoor Program — San Jose: $5791.13 / $10000 (57.9%) — 75 leads
2026-08-14 18:00:00: [CRON] Auto-refresh triggered
2026-08-14 18:00:00: [2026-08-14T16:00:00.629Z] Fetching data: 2026-08-01 to 2026-08-14
2026-08-14 18:00:00:   Accounts: act_598233003217290, act_1423425976190315, act_1281838446384778
2026-08-14 18:00:04:   Success! Geo totals:
2026-08-14 18:00:04:     ADU — LA County: $19471.01 / $50000 (38.9%) — 576 leads
2026-08-14 18:00:04:     ADU — Orange County: $8547.28 / $25000 (34.2%) — 119 leads
2026-08-14 18:00:04:     ADU — San Jose: $10715.49 / $25000 (42.9%) — 269 leads
2026-08-14 18:00:04:     Outdoor Program — San Jose: $5801.30 / $10000 (58.0%) — 75 leads
2026-08-14 19:00:00: [CRON] Auto-refresh triggered
2026-08-14 19:00:00: [2026-08-14T17:00:00.305Z] Fetching data: 2026-08-01 to 2026-08-14
2026-08-14 19:00:00:   Accounts: act_598233003217290, act_1423425976190315, act_1281838446384778
2026-08-14 19:00:04:   Success! Geo totals:
2026-08-14 19:00:04:     ADU — LA County: $19522.58 / $50000 (39.0%) — 580 leads
2026-08-14 19:00:04:     ADU — Orange County: $8602.83 / $25000 (34.4%) — 121 leads
2026-08-14 19:00:04:     ADU — San Jose: $10738.10 / $25000 (43.0%) — 269 leads
2026-08-14 19:00:04:     Outdoor Program — San Jose: $5813.92 / $10000 (58.1%) — 75 leads
2026-08-14 20:00:00: [CRON] Auto-refresh triggered
2026-08-14 20:00:00: [2026-08-14T18:00:00.032Z] Fetching data: 2026-08-01 to 2026-08-14
2026-08-14 20:00:00:   Accounts: act_598233003217290, act_1423425976190315, act_1281838446384778
2026-08-14 20:00:04:   Success! Geo totals:
2026-08-14 20:00:04:     ADU — LA County: $19586.53 / $50000 (39.2%) — 583 leads
2026-08-14 20:00:04:     ADU — Orange County: $8650.66 / $25000 (34.6%) — 122 leads
2026-08-14 20:00:04:     ADU — San Jose: $10768.22 / $25000 (43.1%) — 269 leads
2026-08-14 20:00:04:     Outdoor Program — San Jose: $5829.52 / $10000 (58.3%) — 75 leads
2026-08-14 21:00:00: [CRON] Auto-refresh triggered
2026-08-14 21:00:00: [2026-08-14T19:00:00.566Z] Fetching data: 2026-08-01 to 2026-08-14
2026-08-14 21:00:00:   Accounts: act_598233003217290, act_1423425976190315, act_1281838446384778
2026-08-14 21:00:04:   Success! Geo totals:
2026-08-14 21:00:04:     ADU — LA County: $19655.77 / $50000 (39.3%) — 585 leads
2026-08-14 21:00:04:     ADU — Orange County: $8699.75 / $25000 (34.8%) — 122 leads
2026-08-14 21:00:04:     ADU — San Jose: $10800.08 / $25000 (43.2%) — 269 leads
2026-08-14 21:00:04:     Outdoor Program — San Jose: $5860.09 / $10000 (58.6%) — 75 leads
2026-08-14 22:00:00: [CRON] Auto-refresh triggered
2026-08-14 22:00:00: [2026-08-14T20:00:00.340Z] Fetching data: 2026-08-01 to 2026-08-14
2026-08-14 22:00:00:   Accounts: act_598233003217290, act_1423425976190315, act_1281838446384778
2026-08-14 22:00:04:   Success! Geo totals:
2026-08-14 22:00:04:     ADU — LA County: $19737.67 / $50000 (39.5%) — 586 leads
2026-08-14 22:00:04:     ADU — Orange County: $8755.91 / $25000 (35.0%) — 123 leads
2026-08-14 22:00:04:     ADU — San Jose: $10840.91 / $25000 (43.4%) — 269 leads
2026-08-14 22:00:04:     Outdoor Program — San Jose: $5881.64 / $10000 (58.8%) — 75 leads
2026-08-14 23:00:00: [CRON] Auto-refresh triggered
2026-08-14 23:00:00: [2026-08-14T21:00:00.874Z] Fetching data: 2026-08-01 to 2026-08-14
2026-08-14 23:00:00:   Accounts: act_598233003217290, act_1423425976190315, act_1281838446384778
2026-08-14 23:00:04:   Success! Geo totals:
2026-08-14 23:00:04:     ADU — LA County: $19829.59 / $50000 (39.7%) — 590 leads
2026-08-14 23:00:04:     ADU — Orange County: $8803.69 / $25000 (35.2%) — 124 leads
2026-08-14 23:00:04:     ADU — San Jose: $10875.12 / $25000 (43.5%) — 269 leads
2026-08-14 23:00:04:     Outdoor Program — San Jose: $5895.56 / $10000 (59.0%) — 75 leads
2026-08-15 00:00:00: [CRON] Auto-refresh triggered
2026-08-15 00:00:00: [2026-08-14T22:00:00.348Z] Fetching data: 2026-08-01 to 2026-08-14
2026-08-15 00:00:00:   Accounts: act_598233003217290, act_1423425976190315, act_1281838446384778
2026-08-15 00:00:03:   Success! Geo totals:
2026-08-15 00:00:03:     ADU — LA County: $19929.90 / $50000 (39.9%) — 592 leads
2026-08-15 00:00:03:     ADU — Orange County: $8848.04 / $25000 (35.4%) — 125 leads
2026-08-15 00:00:03:     ADU — San Jose: $10914.69 / $25000 (43.7%) — 271 leads
2026-08-15 00:00:03:     Outdoor Program — San Jose: $5916.38 / $10000 (59.2%) — 76 leads
2026-08-15 01:00:00: [CRON] Auto-refresh triggered
2026-08-15 01:00:00: [2026-08-14T23:00:00.173Z] Fetching data: 2026-08-01 to 2026-08-14
2026-08-15 01:00:00:   Accounts: act_598233003217290, act_1423425976190315, act_1281838446384778
2026-08-15 01:00:06:   Success! Geo totals:
2026-08-15 01:00:06:     ADU — LA County: $20018.90 / $50000 (40.0%) — 595 leads
2026-08-15 01:00:06:     ADU — Orange County: $8903.65 / $25000 (35.6%) — 126 leads
2026-08-15 01:00:06:     ADU — San Jose: $10958.93 / $25000 (43.8%) — 271 leads
2026-08-15 01:00:06:     Outdoor Program — San Jose: $5937.92 / $10000 (59.4%) — 76 leads
2026-08-15 02:00:00: [CRON] Auto-refresh triggered
2026-08-15 02:00:00: [2026-08-15T00:00:00.618Z] Fetching data: 2026-08-01 to 2026-08-14
2026-08-15 02:00:00:   Accounts: act_598233003217290, act_1423425976190315, act_1281838446384778
2026-08-15 02:00:05:   Success! Geo totals:
2026-08-15 02:00:05:     ADU — LA County: $20124.01 / $50000 (40.2%) — 597 leads
2026-08-15 02:00:05:     ADU — Orange County: $8949.55 / $25000 (35.8%) — 127 leads
2026-08-15 02:00:05:     ADU — San Jose: $11005.90 / $25000 (44.0%) — 271 leads
2026-08-15 02:00:05:     Outdoor Program — San Jose: $5956.12 / $10000 (59.6%) — 76 leads
2026-08-15 03:00:00: [CRON] Auto-refresh triggered
2026-08-15 03:00:00: [2026-08-15T01:00:00.248Z] Fetching data: 2026-08-01 to 2026-08-14
2026-08-15 03:00:00:   Accounts: act_598233003217290, act_1423425976190315, act_1281838446384778
2026-08-15 03:00:03:   Success! Geo totals:
2026-08-15 03:00:03:     ADU — LA County: $20244.05 / $50000 (40.5%) — 602 leads
2026-08-15 03:00:03:     ADU — Orange County: $8999.87 / $25000 (36.0%) — 127 leads
2026-08-15 03:00:03:     ADU — San Jose: $11054.92 / $25000 (44.2%) — 276 leads
2026-08-15 03:00:03:     Outdoor Program — San Jose: $5986.51 / $10000 (59.9%) — 76 leads
2026-08-15 04:00:00: [CRON] Auto-refresh triggered
2026-08-15 04:00:00: [2026-08-15T02:00:00.796Z] Fetching data: 2026-08-01 to 2026-08-14
2026-08-15 04:00:00:   Accounts: act_598233003217290, act_1423425976190315, act_1281838446384778
2026-08-15 04:00:05:   Success! Geo totals:
2026-08-15 04:00:05:     ADU — LA County: $20367.02 / $50000 (40.7%) — 610 leads
2026-08-15 04:00:05:     ADU — Orange County: $9051.83 / $25000 (36.2%) — 127 leads
2026-08-15 04:00:05:     ADU — San Jose: $11101.20 / $25000 (44.4%) — 276 leads
2026-08-15 04:00:05:     Outdoor Program — San Jose: $6014.01 / $10000 (60.1%) — 76 leads
2026-08-15 05:00:00: [CRON] Auto-refresh triggered
2026-08-15 05:00:00: [2026-08-15T03:00:00.300Z] Fetching data: 2026-08-01 to 2026-08-14
2026-08-15 05:00:00:   Accounts: act_598233003217290, act_1423425976190315, act_1281838446384778
2026-08-15 05:00:04:   Success! Geo totals:
2026-08-15 05:00:04:     ADU — LA County: $20498.22 / $50000 (41.0%) — 615 leads
2026-08-15 05:00:04:     ADU — Orange County: $9098.27 / $25000 (36.4%) — 127 leads
2026-08-15 05:00:04:     ADU — San Jose: $11151.02 / $25000 (44.6%) — 276 leads
2026-08-15 05:00:04:     Outdoor Program — San Jose: $6045.61 / $10000 (60.5%) — 76 leads
2026-08-15 06:00:00: [CRON] Auto-refresh triggered
2026-08-15 06:00:00: [2026-08-15T04:00:00.907Z] Fetching data: 2026-08-01 to 2026-08-14
2026-08-15 06:00:00:   Accounts: act_598233003217290, act_1423425976190315, act_1281838446384778
2026-08-15 06:00:05:   Success! Geo totals:
2026-08-15 06:00:05:     ADU — LA County: $20629.88 / $50000 (41.3%) — 616 leads
2026-08-15 06:00:05:     ADU — Orange County: $9143.29 / $25000 (36.6%) — 127 leads
2026-08-15 06:00:05:     ADU — San Jose: $11204.44 / $25000 (44.8%) — 278 leads
2026-08-15 06:00:05:     Outdoor Program — San Jose: $6074.47 / $10000 (60.7%) — 76 leads
2026-08-15 07:00:00: [CRON] Auto-refresh triggered
2026-08-15 07:00:00: [2026-08-15T05:00:00.495Z] Fetching data: 2026-08-01 to 2026-08-14
2026-08-15 07:00:00:   Accounts: act_598233003217290, act_1423425976190315, act_1281838446384778
2026-08-15 07:00:03:   Success! Geo totals:
2026-08-15 07:00:03:     ADU — LA County: $20684.51 / $50000 (41.4%) — 618 leads
2026-08-15 07:00:03:     ADU — Orange County: $9191.77 / $25000 (36.8%) — 130 leads
2026-08-15 07:00:03:     ADU — San Jose: $11249.26 / $25000 (45.0%) — 278 leads
2026-08-15 07:00:03:     Outdoor Program — San Jose: $6079.58 / $10000 (60.8%) — 76 leads
2026-08-15 08:00:00: [CRON] Auto-refresh triggered
2026-08-15 08:00:00: [2026-08-15T06:00:00.930Z] Fetching data: 2026-08-01 to 2026-08-14
2026-08-15 08:00:00:   Accounts: act_598233003217290, act_1423425976190315, act_1281838446384778
2026-08-15 08:00:04:   Success! Geo totals:
2026-08-15 08:00:04:     ADU — LA County: $20723.52 / $50000 (41.4%) — 619 leads
2026-08-15 08:00:04:     ADU — Orange County: $9231.44 / $25000 (36.9%) — 130 leads
2026-08-15 08:00:04:     ADU — San Jose: $11288.55 / $25000 (45.2%) — 278 leads
2026-08-15 08:00:04:     Outdoor Program — San Jose: $6081.25 / $10000 (60.8%) — 76 leads
2026-08-15 08:55:00: [CRON] Daily lead summary triggered
2026-08-15 08:55:02: [DAILY SUMMARY] posted (81 leads / $3758.83) — Slack 200
2026-08-15 09:00:00: [CRON] Auto-refresh triggered
2026-08-15 09:00:00: [2026-08-15T07:00:00.408Z] Fetching data: 2026-08-01 to 2026-08-15
2026-08-15 09:00:00:   Accounts: act_598233003217290, act_1423425976190315, act_1281838446384778
2026-08-15 09:00:04:   Success! Geo totals:
2026-08-15 09:00:04:     ADU — LA County: $20898.19 / $50000 (41.8%) — 623 leads
2026-08-15 09:00:04:     ADU — Orange County: $9261.34 / $25000 (37.0%) — 130 leads
2026-08-15 09:00:04:     ADU — San Jose: $11319.00 / $25000 (45.3%) — 279 leads
2026-08-15 09:00:04:     Outdoor Program — San Jose: $6144.79 / $10000 (61.4%) — 77 leads
2026-08-15 10:00:00: [CRON] Auto-refresh triggered
2026-08-15 10:00:00: [2026-08-15T08:00:00.856Z] Fetching data: 2026-08-01 to 2026-08-15
2026-08-15 10:00:00:   Accounts: act_598233003217290, act_1423425976190315, act_1281838446384778
2026-08-15 10:00:04:   Success! Geo totals:
2026-08-15 10:00:04:     ADU — LA County: $20936.69 / $50000 (41.9%) — 624 leads
2026-08-15 10:00:04:     ADU — Orange County: $9272.16 / $25000 (37.1%) — 130 leads
2026-08-15 10:00:04:     ADU — San Jose: $11329.69 / $25000 (45.3%) — 279 leads
2026-08-15 10:00:04:     Outdoor Program — San Jose: $6156.49 / $10000 (61.6%) — 77 leads
2026-08-15 11:00:00: [CRON] Auto-refresh triggered
2026-08-15 11:00:00: [2026-08-15T09:00:00.453Z] Fetching data: 2026-08-01 to 2026-08-15
2026-08-15 11:00:00:   Accounts: act_598233003217290, act_1423425976190315, act_1281838446384778
2026-08-15 11:00:03:   Success! Geo totals:
2026-08-15 11:00:03:     ADU — LA County: $20959.64 / $50000 (41.9%) — 624 leads
2026-08-15 11:00:03:     ADU — Orange County: $9282.55 / $25000 (37.1%) — 130 leads
2026-08-15 11:00:03:     ADU — San Jose: $11336.09 / $25000 (45.3%) — 279 leads
2026-08-15 11:00:03:     Outdoor Program — San Jose: $6163.10 / $10000 (61.6%) — 77 leads
2026-08-15 12:00:00: [CRON] Auto-refresh triggered
2026-08-15 12:00:00: [2026-08-15T10:00:00.032Z] Fetching data: 2026-08-01 to 2026-08-15
2026-08-15 12:00:00:   Accounts: act_598233003217290, act_1423425976190315, act_1281838446384778
2026-08-15 12:00:03:   Success! Geo totals:
2026-08-15 12:00:03:     ADU — LA County: $20977.96 / $50000 (42.0%) — 624 leads
2026-08-15 12:00:03:     ADU — Orange County: $9292.18 / $25000 (37.2%) — 130 leads
2026-08-15 12:00:03:     ADU — San Jose: $11341.04 / $25000 (45.4%) — 279 leads
2026-08-15 12:00:03:     Outdoor Program — San Jose: $6168.13 / $10000 (61.7%) — 77 leads
2026-08-15 13:00:00: [CRON] Auto-refresh triggered
2026-08-15 13:00:01: [2026-08-15T11:00:01.001Z] Fetching data: 2026-08-01 to 2026-08-15
2026-08-15 13:00:01:   Accounts: act_598233003217290, act_1423425976190315, act_1281838446384778
2026-08-15 13:00:04:   Success! Geo totals:
2026-08-15 13:00:04:     ADU — LA County: $20987.59 / $50000 (42.0%) — 624 leads
2026-08-15 13:00:04:     ADU — Orange County: $9303.21 / $25000 (37.2%) — 130 leads
2026-08-15 13:00:04:     ADU — San Jose: $11347.97 / $25000 (45.4%) — 279 leads
2026-08-15 13:00:04:     Outdoor Program — San Jose: $6173.81 / $10000 (61.7%) — 77 leads
2026-08-15 14:00:00: [CRON] Auto-refresh triggered
2026-08-15 14:00:00: [2026-08-15T12:00:00.397Z] Fetching data: 2026-08-01 to 2026-08-15
2026-08-15 14:00:00:   Accounts: act_598233003217290, act_1423425976190315, act_1281838446384778
2026-08-15 14:00:04:   Success! Geo totals:
2026-08-15 14:00:04:     ADU — LA County: $21003.30 / $50000 (42.0%) — 625 leads
2026-08-15 14:00:04:     ADU — Orange County: $9308.11 / $25000 (37.2%) — 132 leads
2026-08-15 14:00:04:     ADU — San Jose: $11356.76 / $25000 (45.4%) — 279 leads
2026-08-15 14:00:04:     Outdoor Program — San Jose: $6179.14 / $10000 (61.8%) — 77 leads
2026-08-15 15:00:00: [CRON] Auto-refresh triggered
2026-08-15 15:00:00: [2026-08-15T13:00:00.810Z] Fetching data: 2026-08-01 to 2026-08-15
2026-08-15 15:00:00:   Accounts: act_598233003217290, act_1423425976190315, act_1281838446384778
2026-08-15 15:00:04:   Success! Geo totals:
2026-08-15 15:00:04:     ADU — LA County: $21046.27 / $50000 (42.1%) — 626 leads
2026-08-15 15:00:04:     ADU — Orange County: $9319.46 / $25000 (37.3%) — 132 leads
2026-08-15 15:00:04:     ADU — San Jose: $11364.15 / $25000 (45.5%) — 280 leads
2026-08-15 15:00:04:     Outdoor Program — San Jose: $6185.77 / $10000 (61.9%) — 77 leads
2026-08-15 16:00:00: [CRON] Auto-refresh triggered
2026-08-15 16:00:00: [2026-08-15T14:00:00.590Z] Fetching data: 2026-08-01 to 2026-08-15
2026-08-15 16:00:00:   Accounts: act_598233003217290, act_1423425976190315, act_1281838446384778
2026-08-15 16:00:04:   Success! Geo totals:
2026-08-15 16:00:04:     ADU — LA County: $21116.43 / $50000 (42.2%) — 628 leads
2026-08-15 16:00:04:     ADU — Orange County: $9346.78 / $25000 (37.4%) — 132 leads
2026-08-15 16:00:04:     ADU — San Jose: $11387.64 / $25000 (45.6%) — 280 leads
2026-08-15 16:00:04:     Outdoor Program — San Jose: $6199.15 / $10000 (62.0%) — 77 leads
2026-08-15 17:00:00: [CRON] Auto-refresh triggered
2026-08-15 17:00:00: [2026-08-15T15:00:00.393Z] Fetching data: 2026-08-01 to 2026-08-15
2026-08-15 17:00:00:   Accounts: act_598233003217290, act_1423425976190315, act_1281838446384778
2026-08-15 17:00:04:   Success! Geo totals:
2026-08-15 17:00:04:     ADU — LA County: $21222.97 / $50000 (42.4%) — 631 leads
2026-08-15 17:00:04:     ADU — Orange County: $9396.11 / $25000 (37.6%) — 132 leads
2026-08-15 17:00:04:     ADU — San Jose: $11430.59 / $25000 (45.7%) — 281 leads
2026-08-15 17:00:04:     Outdoor Program — San Jose: $6239.13 / $10000 (62.4%) — 77 leads
2026-08-15 18:00:00: [CRON] Auto-refresh triggered
2026-08-15 18:00:00: [2026-08-15T16:00:00.838Z] Fetching data: 2026-08-01 to 2026-08-15
2026-08-15 18:00:00:   Accounts: act_598233003217290, act_1423425976190315, act_1281838446384778
2026-08-15 18:00:05:   Success! Geo totals:
2026-08-15 18:00:05:     ADU — LA County: $21386.37 / $50000 (42.8%) — 633 leads
2026-08-15 18:00:05:     ADU — Orange County: $9466.91 / $25000 (37.9%) — 134 leads
2026-08-15 18:00:05:     ADU — San Jose: $11502.21 / $25000 (46.0%) — 283 leads
2026-08-15 18:00:05:     Outdoor Program — San Jose: $6292.12 / $10000 (62.9%) — 77 leads
2026-08-15 19:00:00: [CRON] Auto-refresh triggered
2026-08-15 19:00:00: [2026-08-15T17:00:00.617Z] Fetching data: 2026-08-01 to 2026-08-15
2026-08-15 19:00:00:   Accounts: act_598233003217290, act_1423425976190315, act_1281838446384778
2026-08-15 19:00:03:   Success! Geo totals:
2026-08-15 19:00:03:     ADU — LA County: $21534.62 / $50000 (43.1%) — 638 leads
2026-08-15 19:00:03:     ADU — Orange County: $9528.50 / $25000 (38.1%) — 135 leads
2026-08-15 19:00:03:     ADU — San Jose: $11569.29 / $25000 (46.3%) — 285 leads
2026-08-15 19:00:03:     Outdoor Program — San Jose: $6339.21 / $10000 (63.4%) — 77 leads
2026-08-15 20:00:00: [CRON] Auto-refresh triggered
2026-08-15 20:00:00: [2026-08-15T18:00:00.356Z] Fetching data: 2026-08-01 to 2026-08-15
2026-08-15 20:00:00:   Accounts: act_598233003217290, act_1423425976190315, act_1281838446384778
2026-08-15 20:00:04:   Success! Geo totals:
2026-08-15 20:00:04:     ADU — LA County: $21676.53 / $50000 (43.4%) — 641 leads
2026-08-15 20:00:04:     ADU — Orange County: $9613.17 / $25000 (38.5%) — 135 leads
2026-08-15 20:00:04:     ADU — San Jose: $11641.14 / $25000 (46.6%) — 285 leads
2026-08-15 20:00:04:     Outdoor Program — San Jose: $6367.85 / $10000 (63.7%) — 79 leads
2026-08-15 21:00:00: [CRON] Auto-refresh triggered
2026-08-15 21:00:00: [2026-08-15T19:00:00.983Z] Fetching data: 2026-08-01 to 2026-08-15
2026-08-15 21:00:00:   Accounts: act_598233003217290, act_1423425976190315, act_1281838446384778
2026-08-15 21:00:04:   Success! Geo totals:
2026-08-15 21:00:04:     ADU — LA County: $21820.70 / $50000 (43.6%) — 645 leads
2026-08-15 21:00:04:     ADU — Orange County: $9699.77 / $25000 (38.8%) — 136 leads
2026-08-15 21:00:04:     ADU — San Jose: $11722.75 / $25000 (46.9%) — 286 leads
2026-08-15 21:00:04:     Outdoor Program — San Jose: $6408.06 / $10000 (64.1%) — 80 leads
2026-08-15 22:00:00: [CRON] Auto-refresh triggered
2026-08-15 22:00:00: [2026-08-15T20:00:00.563Z] Fetching data: 2026-08-01 to 2026-08-15
2026-08-15 22:00:00:   Accounts: act_598233003217290, act_1423425976190315, act_1281838446384778
2026-08-15 22:00:04:   Success! Geo totals:
2026-08-15 22:00:04:     ADU — LA County: $21946.80 / $50000 (43.9%) — 649 leads
2026-08-15 22:00:04:     ADU — Orange County: $9774.55 / $25000 (39.1%) — 136 leads
2026-08-15 22:00:04:     ADU — San Jose: $11788.70 / $25000 (47.2%) — 288 leads
2026-08-15 22:00:04:     Outdoor Program — San Jose: $6429.53 / $10000 (64.3%) — 80 leads
2026-08-15 23:00:00: [CRON] Auto-refresh triggered
2026-08-15 23:00:00: [2026-08-15T21:00:00.026Z] Fetching data: 2026-08-01 to 2026-08-15
2026-08-15 23:00:00:   Accounts: act_598233003217290, act_1423425976190315, act_1281838446384778
2026-08-15 23:00:03:   Success! Geo totals:
2026-08-15 23:00:03:     ADU — LA County: $22059.66 / $50000 (44.1%) — 650 leads
2026-08-15 23:00:03:     ADU — Orange County: $9844.29 / $25000 (39.4%) — 138 leads
2026-08-15 23:00:03:     ADU — San Jose: $11839.19 / $25000 (47.4%) — 289 leads
2026-08-15 23:00:03:     Outdoor Program — San Jose: $6471.33 / $10000 (64.7%) — 83 leads
2026-08-16 00:00:00: [CRON] Auto-refresh triggered
2026-08-16 00:00:00: [2026-08-15T22:00:00.518Z] Fetching data: 2026-08-01 to 2026-08-15
2026-08-16 00:00:00:   Accounts: act_598233003217290, act_1423425976190315, act_1281838446384778
2026-08-16 00:00:06:   Success! Geo totals:
2026-08-16 00:00:06:     ADU — LA County: $22171.59 / $50000 (44.3%) — 653 leads
2026-08-16 00:00:06:     ADU — Orange County: $9899.44 / $25000 (39.6%) — 140 leads
2026-08-16 00:00:06:     ADU — San Jose: $11891.90 / $25000 (47.6%) — 290 leads
2026-08-16 00:00:06:     Outdoor Program — San Jose: $6508.18 / $10000 (65.1%) — 83 leads
2026-08-16 01:00:00: [CRON] Auto-refresh triggered
2026-08-16 01:00:00: [2026-08-15T23:00:00.698Z] Fetching data: 2026-08-01 to 2026-08-15
2026-08-16 01:00:00:   Accounts: act_598233003217290, act_1423425976190315, act_1281838446384778
2026-08-16 01:00:04:   Success! Geo totals:
2026-08-16 01:00:04:     ADU — LA County: $22256.35 / $50000 (44.5%) — 658 leads
2026-08-16 01:00:04:     ADU — Orange County: $9961.56 / $25000 (39.8%) — 142 leads
2026-08-16 01:00:04:     ADU — San Jose: $11942.29 / $25000 (47.8%) — 291 leads
2026-08-16 01:00:04:     Outdoor Program — San Jose: $6551.39 / $10000 (65.5%) — 83 leads
2026-08-16 02:00:00: [CRON] Auto-refresh triggered
2026-08-16 02:00:00: [2026-08-16T00:00:00.365Z] Fetching data: 2026-08-01 to 2026-08-15
2026-08-16 02:00:00:   Accounts: act_598233003217290, act_1423425976190315, act_1281838446384778
2026-08-16 02:00:08:   Success! Geo totals:
2026-08-16 02:00:08:     ADU — LA County: $22334.43 / $50000 (44.7%) — 665 leads
2026-08-16 02:00:08:     ADU — Orange County: $10002.87 / $25000 (40.0%) — 144 leads
2026-08-16 02:00:08:     ADU — San Jose: $11985.14 / $25000 (47.9%) — 292 leads
2026-08-16 02:00:08:     Outdoor Program — San Jose: $6594.73 / $10000 (65.9%) — 83 leads
2026-08-16 03:00:00: [CRON] Auto-refresh triggered
2026-08-16 03:00:00: [2026-08-16T01:00:00.873Z] Fetching data: 2026-08-01 to 2026-08-15
2026-08-16 03:00:00:   Accounts: act_598233003217290, act_1423425976190315, act_1281838446384778
2026-08-16 03:00:04:   Success! Geo totals:
2026-08-16 03:00:04:     ADU — LA County: $22402.07 / $50000 (44.8%) — 667 leads
2026-08-16 03:00:04:     ADU — Orange County: $10047.35 / $25000 (40.2%) — 145 leads
2026-08-16 03:00:04:     ADU — San Jose: $12019.17 / $25000 (48.1%) — 293 leads
2026-08-16 03:00:04:     Outdoor Program — San Jose: $6616.91 / $10000 (66.2%) — 83 leads
2026-08-16 04:00:00: [CRON] Auto-refresh triggered
2026-08-16 04:00:00: [2026-08-16T02:00:00.411Z] Fetching data: 2026-08-01 to 2026-08-15
2026-08-16 04:00:00:   Accounts: act_598233003217290, act_1423425976190315, act_1281838446384778
2026-08-16 04:00:07:   Success! Geo totals:
2026-08-16 04:00:07:     ADU — LA County: $22470.04 / $50000 (44.9%) — 667 leads
2026-08-16 04:00:07:     ADU — Orange County: $10084.17 / $25000 (40.3%) — 146 leads
2026-08-16 04:00:07:     ADU — San Jose: $12055.80 / $25000 (48.2%) — 294 leads
2026-08-16 04:00:07:     Outdoor Program — San Jose: $6642.19 / $10000 (66.4%) — 83 leads
2026-08-16 05:00:00: [CRON] Auto-refresh triggered
2026-08-16 05:00:00: [2026-08-16T03:00:00.956Z] Fetching data: 2026-08-01 to 2026-08-15
2026-08-16 05:00:00:   Accounts: act_598233003217290, act_1423425976190315, act_1281838446384778
2026-08-16 05:00:05:   Success! Geo totals:
2026-08-16 05:00:05:     ADU — LA County: $22520.23 / $50000 (45.0%) — 669 leads
2026-08-16 05:00:05:     ADU — Orange County: $10127.66 / $25000 (40.5%) — 146 leads
2026-08-16 05:00:05:     ADU — San Jose: $12091.12 / $25000 (48.4%) — 297 leads
2026-08-16 05:00:05:     Outdoor Program — San Jose: $6672.81 / $10000 (66.7%) — 83 leads
2026-08-16 06:00:00: [CRON] Auto-refresh triggered
2026-08-16 06:00:00: [2026-08-16T04:00:00.479Z] Fetching data: 2026-08-01 to 2026-08-15
2026-08-16 06:00:00:   Accounts: act_598233003217290, act_1423425976190315, act_1281838446384778
2026-08-16 06:00:04:   Success! Geo totals:
2026-08-16 06:00:04:     ADU — LA County: $22557.97 / $50000 (45.1%) — 669 leads
2026-08-16 06:00:04:     ADU — Orange County: $10167.11 / $25000 (40.7%) — 146 leads
2026-08-16 06:00:04:     ADU — San Jose: $12119.89 / $25000 (48.5%) — 298 leads
2026-08-16 06:00:04:     Outdoor Program — San Jose: $6688.09 / $10000 (66.9%) — 83 leads
2026-08-16 07:00:00: [CRON] Auto-refresh triggered
2026-08-16 07:00:00: [2026-08-16T05:00:00.127Z] Fetching data: 2026-08-01 to 2026-08-15
2026-08-16 07:00:00:   Accounts: act_598233003217290, act_1423425976190315, act_1281838446384778
2026-08-16 07:00:03:   Success! Geo totals:
2026-08-16 07:00:03:     ADU — LA County: $22574.66 / $50000 (45.1%) — 670 leads
2026-08-16 07:00:03:     ADU — Orange County: $10190.45 / $25000 (40.8%) — 147 leads
2026-08-16 07:00:03:     ADU — San Jose: $12145.14 / $25000 (48.6%) — 299 leads
2026-08-16 07:00:03:     Outdoor Program — San Jose: $6690.46 / $10000 (66.9%) — 83 leads
2026-08-16 08:00:00: [CRON] Auto-refresh triggered
2026-08-16 08:00:00: [2026-08-16T06:00:00.455Z] Fetching data: 2026-08-01 to 2026-08-15
2026-08-16 08:00:00:   Accounts: act_598233003217290, act_1423425976190315, act_1281838446384778
2026-08-16 08:00:04:   Success! Geo totals:
2026-08-16 08:00:04:     ADU — LA County: $22582.56 / $50000 (45.2%) — 670 leads
2026-08-16 08:00:04:     ADU — Orange County: $10208.05 / $25000 (40.8%) — 147 leads
2026-08-16 08:00:04:     ADU — San Jose: $12163.71 / $25000 (48.7%) — 299 leads
2026-08-16 08:00:04:     Outdoor Program — San Jose: $6690.73 / $10000 (66.9%) — 83 leads
2026-08-16 08:55:00: [CRON] Daily lead summary triggered
2026-08-16 08:55:04: [DAILY SUMMARY] posted (94 leads / $4239.14) — Slack 200
2026-08-16 09:00:00: [CRON] Auto-refresh triggered
2026-08-16 09:00:00: [2026-08-16T07:00:00.764Z] Fetching data: 2026-08-01 to 2026-08-16
2026-08-16 09:00:00:   Accounts: act_598233003217290, act_1423425976190315, act_1281838446384778
2026-08-16 09:00:04:   Success! Geo totals:
2026-08-16 09:00:04:     ADU — LA County: $22838.14 / $50000 (45.7%) — 673 leads
2026-08-16 09:00:04:     ADU — Orange County: $10217.15 / $25000 (40.9%) — 147 leads
2026-08-16 09:00:04:     ADU — San Jose: $12173.48 / $25000 (48.7%) — 300 leads
2026-08-16 09:00:04:     Outdoor Program — San Jose: $6820.70 / $10000 (68.2%) — 85 leads
2026-08-16 10:00:00: [CRON] Auto-refresh triggered
2026-08-16 10:00:00: [2026-08-16T08:00:00.123Z] Fetching data: 2026-08-01 to 2026-08-16
2026-08-16 10:00:00:   Accounts: act_598233003217290, act_1423425976190315, act_1281838446384778
2026-08-16 10:00:03:   Success! Geo totals:
2026-08-16 10:00:03:     ADU — LA County: $22888.96 / $50000 (45.8%) — 674 leads
2026-08-16 10:00:03:     ADU — Orange County: $10240.82 / $25000 (41.0%) — 149 leads
2026-08-16 10:00:03:     ADU — San Jose: $12193.76 / $25000 (48.8%) — 300 leads
2026-08-16 10:00:03:     Outdoor Program — San Jose: $6834.24 / $10000 (68.3%) — 85 leads
2026-08-16 11:00:00: [CRON] Auto-refresh triggered
2026-08-16 11:00:00: [2026-08-16T09:00:00.441Z] Fetching data: 2026-08-01 to 2026-08-16
2026-08-16 11:00:00:   Accounts: act_598233003217290, act_1423425976190315, act_1281838446384778
2026-08-16 11:00:04:   Success! Geo totals:
2026-08-16 11:00:04:     ADU — LA County: $22922.19 / $50000 (45.8%) — 674 leads
2026-08-16 11:00:04:     ADU — Orange County: $10253.45 / $25000 (41.0%) — 149 leads
2026-08-16 11:00:04:     ADU — San Jose: $12206.12 / $25000 (48.8%) — 300 leads
2026-08-16 11:00:04:     Outdoor Program — San Jose: $6843.25 / $10000 (68.4%) — 85 leads
2026-08-16 12:00:00: [CRON] Auto-refresh triggered
2026-08-16 12:00:00: [2026-08-16T10:00:00.898Z] Fetching data: 2026-08-01 to 2026-08-16
2026-08-16 12:00:00:   Accounts: act_598233003217290, act_1423425976190315, act_1281838446384778
2026-08-16 12:00:05:   Success! Geo totals:
2026-08-16 12:00:05:     ADU — LA County: $22943.29 / $50000 (45.9%) — 674 leads
2026-08-16 12:00:05:     ADU — Orange County: $10262.48 / $25000 (41.0%) — 149 leads
2026-08-16 12:00:05:     ADU — San Jose: $12215.48 / $25000 (48.9%) — 300 leads
2026-08-16 12:00:05:     Outdoor Program — San Jose: $6849.35 / $10000 (68.5%) — 85 leads
2026-08-16 13:00:00: [CRON] Auto-refresh triggered
2026-08-16 13:00:00: [2026-08-16T11:00:00.769Z] Fetching data: 2026-08-01 to 2026-08-16
2026-08-16 13:00:00:   Accounts: act_598233003217290, act_1423425976190315, act_1281838446384778
2026-08-16 13:00:04:   Success! Geo totals:
2026-08-16 13:00:04:     ADU — LA County: $22968.82 / $50000 (45.9%) — 678 leads
2026-08-16 13:00:04:     ADU — Orange County: $10269.24 / $25000 (41.1%) — 149 leads
2026-08-16 13:00:04:     ADU — San Jose: $12220.54 / $25000 (48.9%) — 300 leads
2026-08-16 13:00:04:     Outdoor Program — San Jose: $6850.83 / $10000 (68.5%) — 85 leads
2026-08-16 14:00:00: [CRON] Auto-refresh triggered
2026-08-16 14:00:00: [2026-08-16T12:00:00.601Z] Fetching data: 2026-08-01 to 2026-08-16
2026-08-16 14:00:00:   Accounts: act_598233003217290, act_1423425976190315, act_1281838446384778
2026-08-16 14:00:04:   Success! Geo totals:
2026-08-16 14:00:04:     ADU — LA County: $22990.52 / $50000 (46.0%) — 679 leads
2026-08-16 14:00:04:     ADU — Orange County: $10281.10 / $25000 (41.1%) — 149 leads
2026-08-16 14:00:04:     ADU — San Jose: $12229.50 / $25000 (48.9%) — 300 leads
2026-08-16 14:00:04:     Outdoor Program — San Jose: $6853.90 / $10000 (68.5%) — 85 leads
2026-08-16 15:00:00: [CRON] Auto-refresh triggered
2026-08-16 15:00:00: [2026-08-16T13:00:00.474Z] Fetching data: 2026-08-01 to 2026-08-16
2026-08-16 15:00:00:   Accounts: act_598233003217290, act_1423425976190315, act_1281838446384778
2026-08-16 15:00:05:   Success! Geo totals:
2026-08-16 15:00:05:     ADU — LA County: $23018.81 / $50000 (46.0%) — 679 leads
2026-08-16 15:00:05:     ADU — Orange County: $10293.23 / $25000 (41.2%) — 151 leads
2026-08-16 15:00:05:     ADU — San Jose: $12238.44 / $25000 (49.0%) — 300 leads
2026-08-16 15:00:05:     Outdoor Program — San Jose: $6863.39 / $10000 (68.6%) — 85 leads
2026-08-16 16:00:00: [CRON] Auto-refresh triggered
2026-08-16 16:00:00: [2026-08-16T14:00:00.216Z] Fetching data: 2026-08-01 to 2026-08-16
2026-08-16 16:00:00:   Accounts: act_598233003217290, act_1423425976190315, act_1281838446384778
2026-08-16 16:00:06:   Success! Geo totals:
2026-08-16 16:00:06:     ADU — LA County: $23075.54 / $50000 (46.2%) — 679 leads
2026-08-16 16:00:06:     ADU — Orange County: $10329.19 / $25000 (41.3%) — 151 leads
2026-08-16 16:00:06:     ADU — San Jose: $12258.11 / $25000 (49.0%) — 300 leads
2026-08-16 16:00:06:     Outdoor Program — San Jose: $6881.03 / $10000 (68.8%) — 85 leads
2026-08-16 17:00:00: [CRON] Auto-refresh triggered
2026-08-16 17:00:00: [2026-08-16T15:00:00.432Z] Fetching data: 2026-08-01 to 2026-08-16
2026-08-16 17:00:00:   Accounts: act_598233003217290, act_1423425976190315, act_1281838446384778
2026-08-16 17:00:04:   Success! Geo totals:
2026-08-16 17:00:04:     ADU — LA County: $23176.33 / $50000 (46.4%) — 680 leads
2026-08-16 17:00:04:     ADU — Orange County: $10393.54 / $25000 (41.6%) — 151 leads
2026-08-16 17:00:04:     ADU — San Jose: $12303.28 / $25000 (49.2%) — 300 leads
2026-08-16 17:00:04:     Outdoor Program — San Jose: $6897.77 / $10000 (69.0%) — 86 leads
2026-08-16 18:00:00: [CRON] Auto-refresh triggered
2026-08-16 18:00:00: [2026-08-16T16:00:00.545Z] Fetching data: 2026-08-01 to 2026-08-16
2026-08-16 18:00:00:   Accounts: act_598233003217290, act_1423425976190315, act_1281838446384778
2026-08-16 18:00:04:   Success! Geo totals:
2026-08-16 18:00:04:     ADU — LA County: $23319.63 / $50000 (46.6%) — 682 leads
2026-08-16 18:00:04:     ADU — Orange County: $10448.28 / $25000 (41.8%) — 151 leads
2026-08-16 18:00:04:     ADU — San Jose: $12351.15 / $25000 (49.4%) — 301 leads
2026-08-16 18:00:04:     Outdoor Program — San Jose: $6921.31 / $10000 (69.2%) — 86 leads
2026-08-16 19:00:00: [CRON] Auto-refresh triggered
2026-08-16 19:00:00: [2026-08-16T17:00:00.295Z] Fetching data: 2026-08-01 to 2026-08-16
2026-08-16 19:00:00:   Accounts: act_598233003217290, act_1423425976190315, act_1281838446384778
2026-08-16 19:00:03:   Success! Geo totals:
2026-08-16 19:00:03:     ADU — LA County: $23443.09 / $50000 (46.9%) — 685 leads
2026-08-16 19:00:03:     ADU — Orange County: $10503.26 / $25000 (42.0%) — 153 leads
2026-08-16 19:00:03:     ADU — San Jose: $12398.43 / $25000 (49.6%) — 302 leads
2026-08-16 19:00:03:     Outdoor Program — San Jose: $6960.47 / $10000 (69.6%) — 87 leads
2026-08-16 20:00:00: [CRON] Auto-refresh triggered
2026-08-16 20:00:00: [2026-08-16T18:00:00.180Z] Fetching data: 2026-08-01 to 2026-08-16
2026-08-16 20:00:00:   Accounts: act_598233003217290, act_1423425976190315, act_1281838446384778
2026-08-16 20:00:05:   Success! Geo totals:
2026-08-16 20:00:05:     ADU — LA County: $23575.57 / $50000 (47.2%) — 690 leads
2026-08-16 20:00:05:     ADU — Orange County: $10566.54 / $25000 (42.3%) — 154 leads
2026-08-16 20:00:05:     ADU — San Jose: $12452.78 / $25000 (49.8%) — 304 leads
2026-08-16 20:00:05:     Outdoor Program — San Jose: $6997.01 / $10000 (70.0%) — 87 leads
2026-08-16 21:00:00: [CRON] Auto-refresh triggered
2026-08-16 21:00:00: [2026-08-16T19:00:00.085Z] Fetching data: 2026-08-01 to 2026-08-16
2026-08-16 21:00:00:   Accounts: act_598233003217290, act_1423425976190315, act_1281838446384778
2026-08-16 21:00:04:   Success! Geo totals:
2026-08-16 21:00:04:     ADU — LA County: $23698.12 / $50000 (47.4%) — 693 leads
2026-08-16 21:00:04:     ADU — Orange County: $10641.68 / $25000 (42.6%) — 155 leads
2026-08-16 21:00:04:     ADU — San Jose: $12515.44 / $25000 (50.1%) — 307 leads
2026-08-16 21:00:04:     Outdoor Program — San Jose: $7048.20 / $10000 (70.5%) — 87 leads
2026-08-16 22:00:00: [CRON] Auto-refresh triggered
2026-08-16 22:00:00: [2026-08-16T20:00:00.065Z] Fetching data: 2026-08-01 to 2026-08-16
2026-08-16 22:00:00:   Accounts: act_598233003217290, act_1423425976190315, act_1281838446384778
2026-08-16 22:00:04:   Success! Geo totals:
2026-08-16 22:00:04:     ADU — LA County: $23833.28 / $50000 (47.7%) — 694 leads
2026-08-16 22:00:04:     ADU — Orange County: $10738.53 / $25000 (43.0%) — 156 leads
2026-08-16 22:00:04:     ADU — San Jose: $12589.78 / $25000 (50.4%) — 307 leads
2026-08-16 22:00:04:     Outdoor Program — San Jose: $7077.03 / $10000 (70.8%) — 87 leads
2026-08-16 23:00:00: [CRON] Auto-refresh triggered
2026-08-16 23:00:00: [2026-08-16T21:00:00.024Z] Fetching data: 2026-08-01 to 2026-08-16
2026-08-16 23:00:00:   Accounts: act_598233003217290, act_1423425976190315, act_1281838446384778
2026-08-16 23:00:04:   Success! Geo totals:
2026-08-16 23:00:04:     ADU — LA County: $23996.02 / $50000 (48.0%) — 698 leads
2026-08-16 23:00:04:     ADU — Orange County: $10820.73 / $25000 (43.3%) — 156 leads
2026-08-16 23:00:04:     ADU — San Jose: $12654.32 / $25000 (50.6%) — 308 leads
2026-08-16 23:00:04:     Outdoor Program — San Jose: $7101.86 / $10000 (71.0%) — 88 leads
2026-08-17 00:00:00: [CRON] Auto-refresh triggered
2026-08-17 00:00:00: [2026-08-16T22:00:00.776Z] Fetching data: 2026-08-01 to 2026-08-16
2026-08-17 00:00:00:   Accounts: act_598233003217290, act_1423425976190315, act_1281838446384778
2026-08-17 00:00:04:   Success! Geo totals:
2026-08-17 00:00:04:     ADU — LA County: $24143.10 / $50000 (48.3%) — 702 leads
2026-08-17 00:00:04:     ADU — Orange County: $10899.38 / $25000 (43.6%) — 156 leads
2026-08-17 00:00:04:     ADU — San Jose: $12723.45 / $25000 (50.9%) — 312 leads
2026-08-17 00:00:04:     Outdoor Program — San Jose: $7128.07 / $10000 (71.3%) — 89 leads
2026-08-17 01:00:00: [CRON] Auto-refresh triggered
2026-08-17 01:00:00: [2026-08-16T23:00:00.640Z] Fetching data: 2026-08-01 to 2026-08-16
2026-08-17 01:00:00:   Accounts: act_598233003217290, act_1423425976190315, act_1281838446384778
2026-08-17 01:00:04:   Success! Geo totals:
2026-08-17 01:00:04:     ADU — LA County: $24263.08 / $50000 (48.5%) — 703 leads
2026-08-17 01:00:04:     ADU — Orange County: $10983.04 / $25000 (43.9%) — 158 leads
2026-08-17 01:00:04:     ADU — San Jose: $12793.88 / $25000 (51.2%) — 313 leads
2026-08-17 01:00:04:     Outdoor Program — San Jose: $7160.93 / $10000 (71.6%) — 89 leads
2026-08-17 02:00:00: [CRON] Auto-refresh triggered
2026-08-17 02:00:00: [2026-08-17T00:00:00.989Z] Fetching data: 2026-08-01 to 2026-08-16
2026-08-17 02:00:00:   Accounts: act_598233003217290, act_1423425976190315, act_1281838446384778
2026-08-17 02:00:09:   Success! Geo totals:
2026-08-17 02:00:09:     ADU — LA County: $24382.94 / $50000 (48.8%) — 705 leads
2026-08-17 02:00:09:     ADU — Orange County: $11063.86 / $25000 (44.3%) — 160 leads
2026-08-17 02:00:09:     ADU — San Jose: $12848.26 / $25000 (51.4%) — 315 leads
2026-08-17 02:00:09:     Outdoor Program — San Jose: $7189.27 / $10000 (71.9%) — 89 leads
2026-08-17 03:00:00: [CRON] Auto-refresh triggered
2026-08-17 03:00:00: [2026-08-17T01:00:00.228Z] Fetching data: 2026-08-01 to 2026-08-16
2026-08-17 03:00:00:   Accounts: act_598233003217290, act_1423425976190315, act_1281838446384778
2026-08-17 03:00:05:   Success! Geo totals:
2026-08-17 03:00:05:     ADU — LA County: $24512.90 / $50000 (49.0%) — 707 leads
2026-08-17 03:00:05:     ADU — Orange County: $11130.82 / $25000 (44.5%) — 162 leads
2026-08-17 03:00:05:     ADU — San Jose: $12906.01 / $25000 (51.6%) — 317 leads
2026-08-17 03:00:05:     Outdoor Program — San Jose: $7217.32 / $10000 (72.2%) — 89 leads
2026-08-17 04:00:00: [CRON] Auto-refresh triggered
2026-08-17 04:00:00: [2026-08-17T02:00:00.578Z] Fetching data: 2026-08-01 to 2026-08-16
2026-08-17 04:00:00:   Accounts: act_598233003217290, act_1423425976190315, act_1281838446384778
2026-08-17 04:00:04:   Success! Geo totals:
2026-08-17 04:00:04:     ADU — LA County: $24608.60 / $50000 (49.2%) — 711 leads
2026-08-17 04:00:04:     ADU — Orange County: $11201.25 / $25000 (44.8%) — 162 leads
2026-08-17 04:00:04:     ADU — San Jose: $12948.16 / $25000 (51.8%) — 317 leads
2026-08-17 04:00:04:     Outdoor Program — San Jose: $7256.04 / $10000 (72.6%) — 90 leads
2026-08-17 05:00:00: [CRON] Auto-refresh triggered
2026-08-17 05:00:00: [2026-08-17T03:00:00.908Z] Fetching data: 2026-08-01 to 2026-08-16
2026-08-17 05:00:00:   Accounts: act_598233003217290, act_1423425976190315, act_1281838446384778
2026-08-17 05:00:05:   Success! Geo totals:
2026-08-17 05:00:05:     ADU — LA County: $24687.17 / $50000 (49.4%) — 713 leads
2026-08-17 05:00:05:     ADU — Orange County: $11262.99 / $25000 (45.1%) — 162 leads
2026-08-17 05:00:05:     ADU — San Jose: $12988.81 / $25000 (52.0%) — 318 leads
2026-08-17 05:00:05:     Outdoor Program — San Jose: $7297.41 / $10000 (73.0%) — 91 leads
2026-08-17 06:00:00: [CRON] Auto-refresh triggered
2026-08-17 06:00:00: [2026-08-17T04:00:00.958Z] Fetching data: 2026-08-01 to 2026-08-16
2026-08-17 06:00:00:   Accounts: act_598233003217290, act_1423425976190315, act_1281838446384778
2026-08-17 06:00:04:   Success! Geo totals:
2026-08-17 06:00:04:     ADU — LA County: $24788.74 / $50000 (49.6%) — 713 leads
2026-08-17 06:00:04:     ADU — Orange County: $11330.09 / $25000 (45.3%) — 163 leads
2026-08-17 06:00:04:     ADU — San Jose: $13025.95 / $25000 (52.1%) — 319 leads
2026-08-17 06:00:04:     Outdoor Program — San Jose: $7335.34 / $10000 (73.4%) — 92 leads
2026-08-17 07:00:00: [CRON] Auto-refresh triggered
2026-08-17 07:00:00: [2026-08-17T05:00:00.770Z] Fetching data: 2026-08-01 to 2026-08-16
2026-08-17 07:00:00:   Accounts: act_598233003217290, act_1423425976190315, act_1281838446384778
2026-08-17 07:00:05:   Success! Geo totals:
2026-08-17 07:00:05:     ADU — LA County: $24828.58 / $50000 (49.7%) — 713 leads
2026-08-17 07:00:05:     ADU — Orange County: $11397.02 / $25000 (45.6%) — 163 leads
2026-08-17 07:00:05:     ADU — San Jose: $13062.35 / $25000 (52.2%) — 321 leads
2026-08-17 07:00:05:     Outdoor Program — San Jose: $7343.76 / $10000 (73.4%) — 92 leads
2026-08-17 08:00:00: [CRON] Auto-refresh triggered
2026-08-17 08:00:00: [2026-08-17T06:00:00.611Z] Fetching data: 2026-08-01 to 2026-08-16
2026-08-17 08:00:00:   Accounts: act_598233003217290, act_1423425976190315, act_1281838446384778
2026-08-17 08:00:04:   Success! Geo totals:
2026-08-17 08:00:04:     ADU — LA County: $24856.82 / $50000 (49.7%) — 714 leads
2026-08-17 08:00:04:     ADU — Orange County: $11439.73 / $25000 (45.8%) — 165 leads
2026-08-17 08:00:04:     ADU — San Jose: $13098.54 / $25000 (52.4%) — 323 leads
2026-08-17 08:00:04:     Outdoor Program — San Jose: $7347.90 / $10000 (73.5%) — 92 leads
2026-08-17 08:55:00: [CRON] Daily lead summary triggered
2026-08-17 08:55:02: [DAILY SUMMARY] posted (92 leads / $5129.77) — Slack 200
2026-08-17 09:00:00: [CRON] Auto-refresh triggered
2026-08-17 09:00:00: [2026-08-17T07:00:00.517Z] Fetching data: 2026-08-01 to 2026-08-17
2026-08-17 09:00:00:   Accounts: act_598233003217290, act_1423425976190315, act_1281838446384778
2026-08-17 09:00:04:   Success! Geo totals:
2026-08-17 09:00:04:     ADU — LA County: $25044.51 / $50000 (50.1%) — 715 leads
2026-08-17 09:00:04:     ADU — Orange County: $11467.80 / $25000 (45.9%) — 165 leads
2026-08-17 09:00:04:     ADU — San Jose: $13124.07 / $25000 (52.5%) — 323 leads
2026-08-17 09:00:04:     Outdoor Program — San Jose: $7444.66 / $10000 (74.4%) — 92 leads
2026-08-17 10:00:00: [CRON] Auto-refresh triggered
2026-08-17 10:00:00: [2026-08-17T08:00:00.221Z] Fetching data: 2026-08-01 to 2026-08-17
2026-08-17 10:00:00:   Accounts: act_598233003217290, act_1423425976190315, act_1281838446384778
2026-08-17 10:00:05:   Success! Geo totals:
2026-08-17 10:00:05:     ADU — LA County: $25077.47 / $50000 (50.2%) — 717 leads
2026-08-17 10:00:05:     ADU — Orange County: $11480.44 / $25000 (45.9%) — 165 leads
2026-08-17 10:00:05:     ADU — San Jose: $13134.55 / $25000 (52.5%) — 323 leads
2026-08-17 10:00:05:     Outdoor Program — San Jose: $7454.16 / $10000 (74.5%) — 93 leads
2026-08-17 11:00:00: [CRON] Auto-refresh triggered
2026-08-17 11:00:00: [2026-08-17T09:00:00.472Z] Fetching data: 2026-08-01 to 2026-08-17
2026-08-17 11:00:00:   Accounts: act_598233003217290, act_1423425976190315, act_1281838446384778
2026-08-17 11:00:05:   Success! Geo totals:
2026-08-17 11:00:05:     ADU — LA County: $25097.08 / $50000 (50.2%) — 717 leads
2026-08-17 11:00:05:     ADU — Orange County: $11489.14 / $25000 (46.0%) — 166 leads
2026-08-17 11:00:05:     ADU — San Jose: $13142.56 / $25000 (52.6%) — 323 leads
2026-08-17 11:00:05:     Outdoor Program — San Jose: $7460.78 / $10000 (74.6%) — 94 leads
2026-08-17 12:00:00: [CRON] Auto-refresh triggered
2026-08-17 12:00:00: [2026-08-17T10:00:00.182Z] Fetching data: 2026-08-01 to 2026-08-17
2026-08-17 12:00:00:   Accounts: act_598233003217290, act_1423425976190315, act_1281838446384778
2026-08-17 12:00:05:   Success! Geo totals:
2026-08-17 12:00:05:     ADU — LA County: $25110.74 / $50000 (50.2%) — 717 leads
2026-08-17 12:00:05:     ADU — Orange County: $11493.17 / $25000 (46.0%) — 166 leads
2026-08-17 12:00:05:     ADU — San Jose: $13146.54 / $25000 (52.6%) — 323 leads
2026-08-17 12:00:05:     Outdoor Program — San Jose: $7467.12 / $10000 (74.7%) — 94 leads
2026-08-17 13:00:00: [CRON] Auto-refresh triggered
2026-08-17 13:00:00: [2026-08-17T11:00:00.977Z] Fetching data: 2026-08-01 to 2026-08-17
2026-08-17 13:00:00:   Accounts: act_598233003217290, act_1423425976190315, act_1281838446384778
2026-08-17 13:00:06:   Success! Geo totals:
2026-08-17 13:00:06:     ADU — LA County: $25123.96 / $50000 (50.2%) — 717 leads
2026-08-17 13:00:06:     ADU — Orange County: $11497.82 / $25000 (46.0%) — 166 leads
2026-08-17 13:00:06:     ADU — San Jose: $13149.98 / $25000 (52.6%) — 323 leads
2026-08-17 13:00:06:     Outdoor Program — San Jose: $7472.29 / $10000 (74.7%) — 94 leads
2026-08-17 14:00:00: [CRON] Auto-refresh triggered
2026-08-17 14:00:00: [2026-08-17T12:00:00.802Z] Fetching data: 2026-08-01 to 2026-08-17
2026-08-17 14:00:00:   Accounts: act_598233003217290, act_1423425976190315, act_1281838446384778
2026-08-17 14:00:05:   Success! Geo totals:
2026-08-17 14:00:05:     ADU — LA County: $25133.88 / $50000 (50.3%) — 717 leads
2026-08-17 14:00:05:     ADU — Orange County: $11502.81 / $25000 (46.0%) — 166 leads
2026-08-17 14:00:05:     ADU — San Jose: $13152.12 / $25000 (52.6%) — 323 leads
2026-08-17 14:00:05:     Outdoor Program — San Jose: $7476.01 / $10000 (74.8%) — 94 leads
2026-08-17 15:00:00: [CRON] Weekly pacing check triggered
2026-08-17 15:00:00: [2026-08-17T13:00:00.668Z] Fetching data: 2026-08-01 to 2026-08-17
2026-08-17 15:00:00:   Accounts: act_598233003217290, act_1423425976190315, act_1281838446384778
2026-08-17 15:00:00: [CRON] Auto-refresh triggered
2026-08-17 15:00:00: [2026-08-17T13:00:00.683Z] Fetching data: 2026-08-01 to 2026-08-17
2026-08-17 15:00:00:   Accounts: act_598233003217290, act_1423425976190315, act_1281838446384778
2026-08-17 15:00:06:   Success! Geo totals:
2026-08-17 15:00:06:     ADU — LA County: $8902.66 / $50000 (17.8%) — 259 leads
2026-08-17 15:00:06:     ADU — Orange County: $11514.03 / $25000 (46.1%) — 166 leads
2026-08-17 15:00:06:     ADU — San Jose: $13156.89 / $25000 (52.6%) — 323 leads
2026-08-17 15:00:06:     Outdoor Program — San Jose: $7483.45 / $10000 (74.8%) — 94 leads
2026-08-17 15:00:06:   Success! Geo totals:
2026-08-17 15:00:06:     ADU — LA County: $8902.66 / $50000 (17.8%) — 259 leads
2026-08-17 15:00:06:     ADU — Orange County: $11514.03 / $25000 (46.1%) — 166 leads
2026-08-17 15:00:06:     ADU — San Jose: $13156.89 / $25000 (52.6%) — 323 leads
2026-08-17 15:00:06:     Outdoor Program — San Jose: $7483.45 / $10000 (74.8%) — 94 leads
2026-08-17 15:00:07: [WEEKLY PACING] posted (3 off-pace) — Slack 200
2026-08-17 16:00:00: [CRON] Auto-refresh triggered
2026-08-17 16:00:00: [2026-08-17T14:00:00.316Z] Fetching data: 2026-08-01 to 2026-08-17
2026-08-17 16:00:00:   Accounts: act_598233003217290, act_1423425976190315, act_1281838446384778
2026-08-17 16:00:06:   Success! Geo totals:
2026-08-17 16:00:06:     ADU — LA County: $8907.76 / $50000 (17.8%) — 259 leads
2026-08-17 16:00:06:     ADU — Orange County: $11534.59 / $25000 (46.1%) — 166 leads
2026-08-17 16:00:06:     ADU — San Jose: $13170.05 / $25000 (52.7%) — 324 leads
2026-08-17 16:00:06:     Outdoor Program — San Jose: $7489.13 / $10000 (74.9%) — 94 leads
2026-08-17 17:00:00: [CRON] Auto-refresh triggered
2026-08-17 17:00:00: [2026-08-17T15:00:00.609Z] Fetching data: 2026-08-01 to 2026-08-17
2026-08-17 17:00:00:   Accounts: act_598233003217290, act_1423425976190315, act_1281838446384778
2026-08-17 17:00:06:   Success! Geo totals:
2026-08-17 17:00:06:     ADU — LA County: $8922.45 / $50000 (17.8%) — 259 leads
2026-08-17 17:00:06:     ADU — Orange County: $11564.93 / $25000 (46.3%) — 166 leads
2026-08-17 17:00:06:     ADU — San Jose: $13194.05 / $25000 (52.8%) — 324 leads
2026-08-17 17:00:06:     Outdoor Program — San Jose: $7498.20 / $10000 (75.0%) — 94 leads
2026-08-17 18:00:00: [CRON] Auto-refresh triggered
2026-08-17 18:00:00: [2026-08-17T16:00:00.008Z] Fetching data: 2026-08-01 to 2026-08-17
2026-08-17 18:00:00:   Accounts: act_598233003217290, act_1423425976190315, act_1281838446384778
2026-08-17 18:00:06:   Success! Geo totals:
2026-08-17 18:00:06:     ADU — LA County: $8935.99 / $50000 (17.9%) — 259 leads
2026-08-17 18:00:06:     ADU — Orange County: $11601.80 / $25000 (46.4%) — 168 leads
2026-08-17 18:00:06:     ADU — San Jose: $13219.08 / $25000 (52.9%) — 324 leads
2026-08-17 18:00:06:     Outdoor Program — San Jose: $7508.73 / $10000 (75.1%) — 94 leads
2026-08-17 19:00:00: [CRON] Auto-refresh triggered
2026-08-17 19:00:00: [2026-08-17T17:00:00.665Z] Fetching data: 2026-08-01 to 2026-08-17
2026-08-17 19:00:00:   Accounts: act_598233003217290, act_1423425976190315, act_1281838446384778
2026-08-17 19:00:06:   Success! Geo totals:
2026-08-17 19:00:06:     ADU — LA County: $8949.93 / $50000 (17.9%) — 261 leads
2026-08-17 19:00:06:     ADU — Orange County: $11624.42 / $25000 (46.5%) — 169 leads
2026-08-17 19:00:06:     ADU — San Jose: $13235.56 / $25000 (52.9%) — 324 leads
2026-08-17 19:00:06:     Outdoor Program — San Jose: $7521.78 / $10000 (75.2%) — 94 leads
2026-08-17 20:00:00: [CRON] Auto-refresh triggered
2026-08-17 20:00:00: [2026-08-17T18:00:00.858Z] Fetching data: 2026-08-01 to 2026-08-17
2026-08-17 20:00:00:   Accounts: act_598233003217290, act_1423425976190315, act_1281838446384778
2026-08-17 20:00:05:   Success! Geo totals:
2026-08-17 20:00:05:     ADU — LA County: $8983.16 / $50000 (18.0%) — 265 leads
2026-08-17 20:00:05:     ADU — Orange County: $11666.32 / $25000 (46.7%) — 170 leads
2026-08-17 20:00:05:     ADU — San Jose: $13268.07 / $25000 (53.1%) — 325 leads
2026-08-17 20:00:05:     Outdoor Program — San Jose: $7547.63 / $10000 (75.5%) — 94 leads
2026-08-17 21:00:00: [CRON] Auto-refresh triggered
2026-08-17 21:00:00: [2026-08-17T19:00:00.083Z] Fetching data: 2026-08-01 to 2026-08-17
2026-08-17 21:00:00:   Accounts: act_598233003217290, act_1423425976190315, act_1281838446384778
2026-08-17 21:00:04:   Success! Geo totals:
2026-08-17 21:00:04:     ADU — LA County: $9022.29 / $50000 (18.0%) — 266 leads
2026-08-17 21:00:04:     ADU — Orange County: $11706.43 / $25000 (46.8%) — 171 leads
2026-08-17 21:00:04:     ADU — San Jose: $13296.19 / $25000 (53.2%) — 328 leads
2026-08-17 21:00:04:     Outdoor Program — San Jose: $7563.02 / $10000 (75.6%) — 94 leads
2026-08-17 22:00:00: [CRON] Auto-refresh triggered
2026-08-17 22:00:00: [2026-08-17T20:00:00.331Z] Fetching data: 2026-08-01 to 2026-08-17
2026-08-17 22:00:00:   Accounts: act_598233003217290, act_1423425976190315, act_1281838446384778
2026-08-17 22:00:07:   Success! Geo totals:
2026-08-17 22:00:07:     ADU — LA County: $9053.92 / $50000 (18.1%) — 266 leads
2026-08-17 22:00:07:     ADU — Orange County: $11740.52 / $25000 (47.0%) — 172 leads
2026-08-17 22:00:07:     ADU — San Jose: $13327.17 / $25000 (53.3%) — 328 leads
2026-08-17 22:00:07:     Outdoor Program — San Jose: $7584.15 / $10000 (75.8%) — 94 leads
2026-08-17 23:00:00: [CRON] Auto-refresh triggered
2026-08-17 23:00:00: [2026-08-17T21:00:00.316Z] Fetching data: 2026-08-01 to 2026-08-17
2026-08-17 23:00:00:   Accounts: act_598233003217290, act_1423425976190315, act_1281838446384778
2026-08-17 23:00:04:   Success! Geo totals:
2026-08-17 23:00:04:     ADU — LA County: $9096.43 / $50000 (18.2%) — 266 leads
2026-08-17 23:00:04:     ADU — Orange County: $11780.50 / $25000 (47.1%) — 172 leads
2026-08-17 23:00:04:     ADU — San Jose: $13363.46 / $25000 (53.5%) — 329 leads
2026-08-17 23:00:04:     Outdoor Program — San Jose: $7606.60 / $10000 (76.1%) — 94 leads
2026-08-18 00:00:00: [CRON] Auto-refresh triggered
2026-08-18 00:00:00: [2026-08-17T22:00:00.613Z] Fetching data: 2026-08-01 to 2026-08-17
2026-08-18 00:00:00:   Accounts: act_598233003217290, act_1423425976190315, act_1281838446384778
2026-08-18 00:00:06:   Success! Geo totals:
2026-08-18 00:00:06:     ADU — LA County: $9144.62 / $50000 (18.3%) — 267 leads
2026-08-18 00:00:06:     ADU — Orange County: $11827.92 / $25000 (47.3%) — 172 leads
2026-08-18 00:00:06:     ADU — San Jose: $13408.83 / $25000 (53.6%) — 330 leads
2026-08-18 00:00:06:     Outdoor Program — San Jose: $7624.86 / $10000 (76.2%) — 94 leads
2026-08-18 01:00:00: [CRON] Auto-refresh triggered
2026-08-18 01:00:00: [2026-08-17T23:00:00.023Z] Fetching data: 2026-08-01 to 2026-08-17
2026-08-18 01:00:00:   Accounts: act_598233003217290, act_1423425976190315, act_1281838446384778
2026-08-18 01:00:05:   Success! Geo totals:
2026-08-18 01:00:05:     ADU — LA County: $9194.04 / $50000 (18.4%) — 269 leads
2026-08-18 01:00:05:     ADU — Orange County: $11885.96 / $25000 (47.5%) — 174 leads
2026-08-18 01:00:05:     ADU — San Jose: $13459.25 / $25000 (53.8%) — 330 leads
2026-08-18 01:00:05:     Outdoor Program — San Jose: $7655.11 / $10000 (76.6%) — 94 leads
2026-08-18 02:00:00: [CRON] Auto-refresh triggered
2026-08-18 02:00:00: [2026-08-18T00:00:00.757Z] Fetching data: 2026-08-01 to 2026-08-17
2026-08-18 02:00:00:   Accounts: act_598233003217290, act_1423425976190315, act_1281838446384778
2026-08-18 02:00:06:   Success! Geo totals:
2026-08-18 02:00:06:     ADU — LA County: $9233.81 / $50000 (18.5%) — 269 leads
2026-08-18 02:00:06:     ADU — Orange County: $11947.44 / $25000 (47.8%) — 174 leads
2026-08-18 02:00:06:     ADU — San Jose: $13510.55 / $25000 (54.0%) — 330 leads
2026-08-18 02:00:06:     Outdoor Program — San Jose: $7682.79 / $10000 (76.8%) — 95 leads
2026-08-18 04:00:00: [CRON] Auto-refresh triggered
2026-08-18 04:00:00: [2026-08-18T02:00:00.508Z] Fetching data: 2026-08-01 to 2026-08-17
2026-08-18 04:00:00:   Accounts: act_598233003217290, act_1423425976190315, act_1281838446384778
2026-08-18 04:00:07:   Success! Geo totals:
2026-08-18 04:00:07:     ADU — LA County: $9364.75 / $50000 (18.7%) — 277 leads
2026-08-18 04:00:07:     ADU — Orange County: $12078.67 / $25000 (48.3%) — 179 leads
2026-08-18 04:00:07:     ADU — San Jose: $13622.34 / $25000 (54.5%) — 332 leads
2026-08-18 04:00:07:     Outdoor Program — San Jose: $7747.22 / $10000 (77.5%) — 95 leads
2026-08-18 05:00:00: [CRON] Auto-refresh triggered
2026-08-18 05:00:00: [2026-08-18T03:00:00.479Z] Fetching data: 2026-08-01 to 2026-08-17
2026-08-18 05:00:00:   Accounts: act_598233003217290, act_1423425976190315, act_1281838446384778
2026-08-18 05:00:05:   Success! Geo totals:
2026-08-18 05:00:05:     ADU — LA County: $9417.66 / $50000 (18.8%) — 279 leads
2026-08-18 05:00:05:     ADU — Orange County: $12143.29 / $25000 (48.6%) — 179 leads
2026-08-18 05:00:05:     ADU — San Jose: $13675.67 / $25000 (54.7%) — 334 leads
2026-08-18 05:00:05:     Outdoor Program — San Jose: $7772.20 / $10000 (77.7%) — 96 leads
2026-08-18 06:00:00: [CRON] Auto-refresh triggered
2026-08-18 06:00:00: [2026-08-18T04:00:00.852Z] Fetching data: 2026-08-01 to 2026-08-17
2026-08-18 06:00:00:   Accounts: act_598233003217290, act_1423425976190315, act_1281838446384778
2026-08-18 06:00:07:   Success! Geo totals:
2026-08-18 06:00:07:     ADU — LA County: $9477.51 / $50000 (19.0%) — 281 leads
2026-08-18 06:00:07:     ADU — Orange County: $12215.24 / $25000 (48.9%) — 180 leads
2026-08-18 06:00:07:     ADU — San Jose: $13736.97 / $25000 (54.9%) — 335 leads
2026-08-18 06:00:07:     Outdoor Program — San Jose: $7798.42 / $10000 (78.0%) — 96 leads
2026-08-18 07:00:00: [CRON] Auto-refresh triggered
2026-08-18 07:00:00: [2026-08-18T05:00:00.917Z] Fetching data: 2026-08-01 to 2026-08-17
2026-08-18 07:00:00:   Accounts: act_598233003217290, act_1423425976190315, act_1281838446384778
2026-08-18 07:00:06:   Success! Geo totals:
2026-08-18 07:00:06:     ADU — LA County: $9529.04 / $50000 (19.1%) — 282 leads
2026-08-18 07:00:06:     ADU — Orange County: $12277.66 / $25000 (49.1%) — 180 leads
2026-08-18 07:00:06:     ADU — San Jose: $13790.35 / $25000 (55.2%) — 335 leads
2026-08-18 07:00:06:     Outdoor Program — San Jose: $7802.11 / $10000 (78.0%) — 97 leads
2026-08-18 08:00:00: [CRON] Auto-refresh triggered
2026-08-18 08:00:00: [2026-08-18T06:00:00.620Z] Fetching data: 2026-08-01 to 2026-08-17
2026-08-18 08:00:00:   Accounts: act_598233003217290, act_1423425976190315, act_1281838446384778
2026-08-18 08:00:04:   Success! Geo totals:
2026-08-18 08:00:04:     ADU — LA County: $9558.28 / $50000 (19.1%) — 283 leads
2026-08-18 08:00:04:     ADU — Orange County: $12331.09 / $25000 (49.3%) — 182 leads
2026-08-18 08:00:04:     ADU — San Jose: $13831.02 / $25000 (55.3%) — 336 leads
2026-08-18 08:00:04:     Outdoor Program — San Jose: $7804.49 / $10000 (78.0%) — 97 leads
2026-08-18 08:55:00: [CRON] Daily lead summary triggered
2026-08-18 08:55:03: [DAILY SUMMARY] posted (62 leads / $2771.00) — Slack 200
2026-08-18 09:00:00: [CRON] Auto-refresh triggered
2026-08-18 09:00:00: [2026-08-18T07:00:00.842Z] Fetching data: 2026-08-01 to 2026-08-18
2026-08-18 09:00:00:   Accounts: act_598233003217290, act_1423425976190315, act_1281838446384778
2026-08-18 09:00:04:   Success! Geo totals:
2026-08-18 09:00:04:     ADU — LA County: $9577.84 / $50000 (19.2%) — 283 leads
2026-08-18 09:00:04:     ADU — Orange County: $12359.25 / $25000 (49.4%) — 185 leads
2026-08-18 09:00:04:     ADU — San Jose: $13860.29 / $25000 (55.4%) — 336 leads
2026-08-18 09:00:04:     Outdoor Program — San Jose: $7872.75 / $10000 (78.7%) — 97 leads
2026-08-18 10:00:00: [CRON] Auto-refresh triggered
2026-08-18 10:00:00: [2026-08-18T08:00:00.651Z] Fetching data: 2026-08-01 to 2026-08-18
2026-08-18 10:00:00:   Accounts: act_598233003217290, act_1423425976190315, act_1281838446384778
2026-08-18 10:00:06:   Success! Geo totals:
2026-08-18 10:00:06:     ADU — LA County: $9586.47 / $50000 (19.2%) — 283 leads
2026-08-18 10:00:06:     ADU — Orange County: $12366.28 / $25000 (49.5%) — 185 leads
2026-08-18 10:00:06:     ADU — San Jose: $13872.71 / $25000 (55.5%) — 337 leads
2026-08-18 10:00:06:     Outdoor Program — San Jose: $7889.14 / $10000 (78.9%) — 97 leads
2026-08-18 11:00:00: [CRON] Auto-refresh triggered
2026-08-18 11:00:00: [2026-08-18T09:00:00.235Z] Fetching data: 2026-08-01 to 2026-08-18
2026-08-18 11:00:00:   Accounts: act_598233003217290, act_1423425976190315, act_1281838446384778
2026-08-18 11:00:04:   Success! Geo totals:
2026-08-18 11:00:04:     ADU — LA County: $9589.75 / $50000 (19.2%) — 283 leads
2026-08-18 11:00:04:     ADU — Orange County: $12373.32 / $25000 (49.5%) — 185 leads
2026-08-18 11:00:04:     ADU — San Jose: $13879.67 / $25000 (55.5%) — 337 leads
2026-08-18 11:00:04:     Outdoor Program — San Jose: $7899.88 / $10000 (79.0%) — 98 leads
2026-08-18 12:00:00: [CRON] Auto-refresh triggered
2026-08-18 12:00:00: [2026-08-18T10:00:00.728Z] Fetching data: 2026-08-01 to 2026-08-18
2026-08-18 12:00:00:   Accounts: act_598233003217290, act_1423425976190315, act_1281838446384778
2026-08-18 12:00:07:   Success! Geo totals:
2026-08-18 12:00:07:     ADU — LA County: $9594.38 / $50000 (19.2%) — 283 leads
2026-08-18 12:00:07:     ADU — Orange County: $12384.87 / $25000 (49.5%) — 185 leads
2026-08-18 12:00:07:     ADU — San Jose: $13884.28 / $25000 (55.5%) — 337 leads
2026-08-18 12:00:07:     Outdoor Program — San Jose: $7906.82 / $10000 (79.1%) — 98 leads
2026-08-18 13:00:00: [CRON] Auto-refresh triggered
2026-08-18 13:00:00: [2026-08-18T11:00:00.068Z] Fetching data: 2026-08-01 to 2026-08-18
2026-08-18 13:00:00:   Accounts: act_598233003217290, act_1423425976190315, act_1281838446384778
2026-08-18 13:00:08:   Success! Geo totals:
2026-08-18 13:00:08:     ADU — LA County: $9597.36 / $50000 (19.2%) — 283 leads
2026-08-18 13:00:08:     ADU — Orange County: $12391.13 / $25000 (49.6%) — 185 leads
2026-08-18 13:00:08:     ADU — San Jose: $13889.58 / $25000 (55.6%) — 337 leads
2026-08-18 13:00:08:     Outdoor Program — San Jose: $7912.87 / $10000 (79.1%) — 98 leads
2026-08-18 14:00:00: [CRON] Auto-refresh triggered
2026-08-18 14:00:00: [2026-08-18T12:00:00.989Z] Fetching data: 2026-08-01 to 2026-08-18
2026-08-18 14:00:00:   Accounts: act_598233003217290, act_1423425976190315, act_1281838446384778
2026-08-18 14:00:09:   Success! Geo totals:
2026-08-18 14:00:09:     ADU — LA County: $9600.01 / $50000 (19.2%) — 283 leads
2026-08-18 14:00:09:     ADU — Orange County: $12396.35 / $25000 (49.6%) — 185 leads
2026-08-18 14:00:09:     ADU — San Jose: $13896.63 / $25000 (55.6%) — 337 leads
2026-08-18 14:00:09:     Outdoor Program — San Jose: $7916.70 / $10000 (79.2%) — 98 leads
2026-08-18 15:00:00: [CRON] Auto-refresh triggered
2026-08-18 15:00:00: [2026-08-18T13:00:00.463Z] Fetching data: 2026-08-01 to 2026-08-18
2026-08-18 15:00:00:   Accounts: act_598233003217290, act_1423425976190315, act_1281838446384778
2026-08-18 15:00:07:   Success! Geo totals:
2026-08-18 15:00:07:     ADU — LA County: $9603.56 / $50000 (19.2%) — 283 leads
2026-08-18 15:00:07:     ADU — Orange County: $12409.81 / $25000 (49.6%) — 185 leads
2026-08-18 15:00:07:     ADU — San Jose: $13906.75 / $25000 (55.6%) — 337 leads
2026-08-18 15:00:07:     Outdoor Program — San Jose: $7930.23 / $10000 (79.3%) — 98 leads
2026-08-18 16:00:00: [CRON] Auto-refresh triggered
2026-08-18 16:00:00: [2026-08-18T14:00:00.678Z] Fetching data: 2026-08-01 to 2026-08-18
2026-08-18 16:00:00:   Accounts: act_598233003217290, act_1423425976190315, act_1281838446384778
2026-08-18 16:00:08:   Success! Geo totals:
2026-08-18 16:00:08:     ADU — LA County: $9611.86 / $50000 (19.2%) — 283 leads
2026-08-18 16:00:08:     ADU — Orange County: $12433.33 / $25000 (49.7%) — 185 leads
2026-08-18 16:00:08:     ADU — San Jose: $13919.45 / $25000 (55.7%) — 337 leads
2026-08-18 16:00:08:     Outdoor Program — San Jose: $7943.38 / $10000 (79.4%) — 98 leads
2026-08-18 17:00:00: [CRON] Auto-refresh triggered
2026-08-18 17:00:00: [2026-08-18T15:00:00.261Z] Fetching data: 2026-08-01 to 2026-08-18
2026-08-18 17:00:00:   Accounts: act_598233003217290, act_1423425976190315, act_1281838446384778
2026-08-18 17:00:06:   Success! Geo totals:
2026-08-18 17:00:06:     ADU — LA County: $27075.21 / $50000 (54.2%) — 775 leads
2026-08-18 17:00:06:     ADU — Orange County: $12478.27 / $25000 (49.9%) — 185 leads
2026-08-18 17:00:06:     ADU — San Jose: $13964.95 / $25000 (55.9%) — 337 leads
2026-08-18 17:00:06:     Outdoor Program — San Jose: $8012.76 / $10000 (80.1%) — 98 leads
2026-08-18 17:00:07:   Slack alert sent
2026-08-18 18:00:00: [CRON] Auto-refresh triggered
2026-08-18 18:00:00: [2026-08-18T16:00:00.916Z] Fetching data: 2026-08-01 to 2026-08-18
2026-08-18 18:00:00:   Accounts: act_598233003217290, act_1423425976190315, act_1281838446384778
2026-08-18 18:00:05:   Success! Geo totals:
2026-08-18 18:00:05:     ADU — LA County: $27130.14 / $50000 (54.3%) — 777 leads
2026-08-18 18:00:05:     ADU — Orange County: $12521.45 / $25000 (50.1%) — 185 leads
2026-08-18 18:00:05:     ADU — San Jose: $14018.42 / $25000 (56.1%) — 337 leads
2026-08-18 18:00:05:     Outdoor Program — San Jose: $8061.24 / $15000 (53.7%) — 99 leads
2026-08-18 19:00:00: [CRON] Auto-refresh triggered
2026-08-18 19:00:00: [2026-08-18T17:00:00.445Z] Fetching data: 2026-08-01 to 2026-08-18
2026-08-18 19:00:00:   Accounts: act_598233003217290, act_1423425976190315, act_1281838446384778
2026-08-18 19:00:07:   Success! Geo totals:
2026-08-18 19:00:07:     ADU — LA County: $27216.11 / $50000 (54.4%) — 779 leads
2026-08-18 19:00:07:     ADU — Orange County: $12570.09 / $25000 (50.3%) — 187 leads
2026-08-18 19:00:07:     ADU — San Jose: $14082.98 / $25000 (56.3%) — 339 leads
2026-08-18 19:00:07:     Outdoor Program — San Jose: $8120.19 / $15000 (54.1%) — 99 leads
2026-08-18 20:00:00: [CRON] Auto-refresh triggered
2026-08-18 20:00:00: [2026-08-18T18:00:00.371Z] Fetching data: 2026-08-01 to 2026-08-18
2026-08-18 20:00:00:   Accounts: act_598233003217290, act_1423425976190315, act_1281838446384778
2026-08-18 20:00:09:   Success! Geo totals:
2026-08-18 20:00:09:     ADU — LA County: $27299.14 / $50000 (54.6%) — 780 leads
2026-08-18 20:00:09:     ADU — Orange County: $12627.57 / $25000 (50.5%) — 188 leads
2026-08-18 20:00:09:     ADU — San Jose: $14140.98 / $25000 (56.6%) — 340 leads
2026-08-18 20:00:09:     Outdoor Program — San Jose: $8192.74 / $15000 (54.6%) — 99 leads
2026-08-18 21:00:00: [CRON] Auto-refresh triggered
2026-08-18 21:00:00: [2026-08-18T19:00:00.091Z] Fetching data: 2026-08-01 to 2026-08-18
2026-08-18 21:00:00:   Accounts: act_598233003217290, act_1423425976190315, act_1281838446384778
2026-08-18 21:00:04:   Success! Geo totals:
2026-08-18 21:00:04:     ADU — LA County: $27386.49 / $50000 (54.8%) — 782 leads
2026-08-18 21:00:04:     ADU — Orange County: $12693.99 / $25000 (50.8%) — 189 leads
2026-08-18 21:00:04:     ADU — San Jose: $14200.30 / $25000 (56.8%) — 342 leads
2026-08-18 21:00:04:     Outdoor Program — San Jose: $8270.25 / $15000 (55.1%) — 99 leads
2026-08-18 22:00:00: [CRON] Auto-refresh triggered
2026-08-18 22:00:00: [2026-08-18T20:00:00.577Z] Fetching data: 2026-08-01 to 2026-08-18
2026-08-18 22:00:00:   Accounts: act_598233003217290, act_1423425976190315, act_1281838446384778
2026-08-18 22:00:06:   Success! Geo totals:
2026-08-18 22:00:06:     ADU — LA County: $27460.00 / $50000 (54.9%) — 782 leads
2026-08-18 22:00:06:     ADU — Orange County: $12731.27 / $25000 (50.9%) — 189 leads
2026-08-18 22:00:06:     ADU — San Jose: $14257.50 / $25000 (57.0%) — 347 leads
2026-08-18 22:00:06:     Outdoor Program — San Jose: $8323.08 / $15000 (55.5%) — 101 leads
2026-08-18 23:00:00: [CRON] Auto-refresh triggered
2026-08-18 23:00:00: [2026-08-18T21:00:00.223Z] Fetching data: 2026-08-01 to 2026-08-18
2026-08-18 23:00:00:   Accounts: act_598233003217290, act_1423425976190315, act_1281838446384778
2026-08-18 23:00:04:   Success! Geo totals:
2026-08-18 23:00:04:     ADU — LA County: $27541.33 / $50000 (55.1%) — 783 leads
2026-08-18 23:00:04:     ADU — Orange County: $12782.47 / $25000 (51.1%) — 189 leads
2026-08-18 23:00:04:     ADU — San Jose: $14311.59 / $25000 (57.2%) — 351 leads
2026-08-18 23:00:04:     Outdoor Program — San Jose: $8396.03 / $15000 (56.0%) — 101 leads
2026-08-19 00:00:00: [CRON] Auto-refresh triggered
2026-08-19 00:00:00: [2026-08-18T22:00:00.173Z] Fetching data: 2026-08-01 to 2026-08-18
2026-08-19 00:00:00:   Accounts: act_598233003217290, act_1423425976190315, act_1281838446384778
2026-08-19 00:00:05:   Success! Geo totals:
2026-08-19 00:00:05:     ADU — LA County: $27636.22 / $50000 (55.3%) — 783 leads
2026-08-19 00:00:05:     ADU — Orange County: $12832.26 / $25000 (51.3%) — 189 leads
2026-08-19 00:00:05:     ADU — San Jose: $14352.07 / $25000 (57.4%) — 351 leads
2026-08-19 00:00:05:     Outdoor Program — San Jose: $8441.87 / $15000 (56.3%) — 102 leads
2026-08-19 01:00:00: [CRON] Auto-refresh triggered
2026-08-19 01:00:00: [2026-08-18T23:00:00.619Z] Fetching data: 2026-08-01 to 2026-08-18
2026-08-19 01:00:00:   Accounts: act_598233003217290, act_1423425976190315, act_1281838446384778
2026-08-19 01:00:04:   Success! Geo totals:
2026-08-19 01:00:04:     ADU — LA County: $27744.00 / $50000 (55.5%) — 785 leads
2026-08-19 01:00:04:     ADU — Orange County: $12885.40 / $25000 (51.5%) — 191 leads
2026-08-19 01:00:04:     ADU — San Jose: $14402.18 / $25000 (57.6%) — 352 leads
2026-08-19 01:00:04:     Outdoor Program — San Jose: $8488.03 / $15000 (56.6%) — 102 leads
2026-08-19 02:00:00: [CRON] Auto-refresh triggered
2026-08-19 02:00:00: [2026-08-19T00:00:00.066Z] Fetching data: 2026-08-01 to 2026-08-18
2026-08-19 02:00:00:   Accounts: act_598233003217290, act_1423425976190315, act_1281838446384778
2026-08-19 02:00:06:   Success! Geo totals:
2026-08-19 02:00:06:     ADU — LA County: $27867.12 / $50000 (55.7%) — 787 leads
2026-08-19 02:00:06:     ADU — Orange County: $12939.54 / $25000 (51.8%) — 191 leads
2026-08-19 02:00:06:     ADU — San Jose: $14443.15 / $25000 (57.8%) — 353 leads
2026-08-19 02:00:06:     Outdoor Program — San Jose: $8524.61 / $15000 (56.8%) — 102 leads
2026-08-19 03:00:00: [CRON] Auto-refresh triggered
2026-08-19 03:00:00: [2026-08-19T01:00:00.588Z] Fetching data: 2026-08-01 to 2026-08-18
2026-08-19 03:00:00:   Accounts: act_598233003217290, act_1423425976190315, act_1281838446384778
2026-08-19 03:00:05:   Success! Geo totals:
2026-08-19 03:00:05:     ADU — LA County: $27983.19 / $50000 (56.0%) — 788 leads
2026-08-19 03:00:05:     ADU — Orange County: $12990.14 / $25000 (52.0%) — 191 leads
2026-08-19 03:00:05:     ADU — San Jose: $14486.07 / $25000 (57.9%) — 353 leads
2026-08-19 03:00:05:     Outdoor Program — San Jose: $8574.88 / $15000 (57.2%) — 102 leads
2026-08-19 04:00:00: [CRON] Auto-refresh triggered
2026-08-19 04:00:00: [2026-08-19T02:00:00.097Z] Fetching data: 2026-08-01 to 2026-08-18
2026-08-19 04:00:00:   Accounts: act_598233003217290, act_1423425976190315, act_1281838446384778
2026-08-19 04:00:06:   Success! Geo totals:
2026-08-19 04:00:06:     ADU — LA County: $28123.44 / $50000 (56.2%) — 792 leads
2026-08-19 04:00:06:     ADU — Orange County: $13053.10 / $25000 (52.2%) — 191 leads
2026-08-19 04:00:06:     ADU — San Jose: $14538.70 / $25000 (58.2%) — 354 leads
2026-08-19 04:00:06:     Outdoor Program — San Jose: $8624.82 / $15000 (57.5%) — 102 leads
2026-08-19 05:00:00: [CRON] Auto-refresh triggered
2026-08-19 05:00:00: [2026-08-19T03:00:00.587Z] Fetching data: 2026-08-01 to 2026-08-18
2026-08-19 05:00:00:   Accounts: act_598233003217290, act_1423425976190315, act_1281838446384778
2026-08-19 05:00:05:   Success! Geo totals:
2026-08-19 05:00:05:     ADU — LA County: $28248.52 / $50000 (56.5%) — 794 leads
2026-08-19 05:00:05:     ADU — Orange County: $13117.36 / $25000 (52.5%) — 192 leads
2026-08-19 05:00:05:     ADU — San Jose: $14592.87 / $25000 (58.4%) — 358 leads
2026-08-19 05:00:05:     Outdoor Program — San Jose: $8679.06 / $15000 (57.9%) — 102 leads
2026-08-19 06:00:00: [CRON] Auto-refresh triggered
2026-08-19 06:00:01: [2026-08-19T04:00:01.001Z] Fetching data: 2026-08-01 to 2026-08-18
2026-08-19 06:00:01:   Accounts: act_598233003217290, act_1423425976190315, act_1281838446384778
2026-08-19 06:00:05:   Success! Geo totals:
2026-08-19 06:00:05:     ADU — LA County: $28386.24 / $50000 (56.8%) — 796 leads
2026-08-19 06:00:05:     ADU — Orange County: $13172.22 / $25000 (52.7%) — 194 leads
2026-08-19 06:00:05:     ADU — San Jose: $14652.82 / $25000 (58.6%) — 360 leads
2026-08-19 06:00:05:     Outdoor Program — San Jose: $8728.83 / $15000 (58.2%) — 102 leads
2026-08-19 07:00:00: [CRON] Auto-refresh triggered
2026-08-19 07:00:00: [2026-08-19T05:00:00.667Z] Fetching data: 2026-08-01 to 2026-08-18
2026-08-19 07:00:00:   Accounts: act_598233003217290, act_1423425976190315, act_1281838446384778
2026-08-19 07:00:05:   Success! Geo totals:
2026-08-19 07:00:05:     ADU — LA County: $28444.21 / $50000 (56.9%) — 798 leads
2026-08-19 07:00:05:     ADU — Orange County: $13232.77 / $25000 (52.9%) — 194 leads
2026-08-19 07:00:05:     ADU — San Jose: $14712.01 / $25000 (58.8%) — 361 leads
2026-08-19 07:00:05:     Outdoor Program — San Jose: $8740.58 / $15000 (58.3%) — 102 leads
2026-08-19 08:00:00: [CRON] Auto-refresh triggered
2026-08-19 08:00:00: [2026-08-19T06:00:00.452Z] Fetching data: 2026-08-01 to 2026-08-18
2026-08-19 08:00:00:   Accounts: act_598233003217290, act_1423425976190315, act_1281838446384778
2026-08-19 08:00:05:   Success! Geo totals:
2026-08-19 08:00:05:     ADU — LA County: $28481.37 / $50000 (57.0%) — 802 leads
2026-08-19 08:00:05:     ADU — Orange County: $13284.46 / $25000 (53.1%) — 195 leads
2026-08-19 08:00:05:     ADU — San Jose: $14757.50 / $25000 (59.0%) — 361 leads
2026-08-19 08:00:05:     Outdoor Program — San Jose: $8743.05 / $15000 (58.3%) — 102 leads
2026-08-19 08:55:00: [CRON] Daily lead summary triggered
2026-08-19 08:55:03: [DAILY SUMMARY] posted (74 leads / $4544.38) — Slack 200
2026-08-19 09:00:00: [CRON] Auto-refresh triggered
2026-08-19 09:00:00: [2026-08-19T07:00:00.151Z] Fetching data: 2026-08-01 to 2026-08-19
2026-08-19 09:00:00:   Accounts: act_598233003217290, act_1423425976190315, act_1281838446384778
2026-08-19 09:00:07:   Success! Geo totals:
2026-08-19 09:00:07:     ADU — LA County: $28650.71 / $50000 (57.3%) — 806 leads
2026-08-19 09:00:07:     ADU — Orange County: $13319.61 / $25000 (53.3%) — 195 leads
2026-08-19 09:00:07:     ADU — San Jose: $14789.43 / $25000 (59.2%) — 362 leads
2026-08-19 09:00:07:     Outdoor Program — San Jose: $8884.70 / $15000 (59.2%) — 107 leads
2026-08-19 10:00:00: [CRON] Auto-refresh triggered
2026-08-19 10:00:00: [2026-08-19T08:00:00.642Z] Fetching data: 2026-08-01 to 2026-08-19
2026-08-19 10:00:00:   Accounts: act_598233003217290, act_1423425976190315, act_1281838446384778
2026-08-19 10:00:06:   Success! Geo totals:
2026-08-19 10:00:06:     ADU — LA County: $28694.70 / $50000 (57.4%) — 806 leads
2026-08-19 10:00:06:     ADU — Orange County: $13332.95 / $25000 (53.3%) — 195 leads
2026-08-19 10:00:06:     ADU — San Jose: $14807.12 / $25000 (59.2%) — 362 leads
2026-08-19 10:00:06:     Outdoor Program — San Jose: $8910.00 / $15000 (59.4%) — 108 leads
2026-08-19 11:00:00: [CRON] Auto-refresh triggered
2026-08-19 11:00:00: [2026-08-19T09:00:00.072Z] Fetching data: 2026-08-01 to 2026-08-19
2026-08-19 11:00:00:   Accounts: act_598233003217290, act_1423425976190315, act_1281838446384778
2026-08-19 11:00:05:   Success! Geo totals:
2026-08-19 11:00:05:     ADU — LA County: $28719.93 / $50000 (57.4%) — 806 leads
2026-08-19 11:00:05:     ADU — Orange County: $13348.78 / $25000 (53.4%) — 195 leads
2026-08-19 11:00:05:     ADU — San Jose: $14821.97 / $25000 (59.3%) — 362 leads
2026-08-19 11:00:05:     Outdoor Program — San Jose: $8925.27 / $15000 (59.5%) — 108 leads
2026-08-19 12:00:00: [CRON] Auto-refresh triggered
2026-08-19 12:00:00: [2026-08-19T10:00:00.631Z] Fetching data: 2026-08-01 to 2026-08-19
2026-08-19 12:00:00:   Accounts: act_598233003217290, act_1423425976190315, act_1281838446384778
2026-08-19 12:00:06:   Success! Geo totals:
2026-08-19 12:00:06:     ADU — LA County: $28738.32 / $50000 (57.5%) — 806 leads
2026-08-19 12:00:06:     ADU — Orange County: $13357.70 / $25000 (53.4%) — 196 leads
2026-08-19 12:00:06:     ADU — San Jose: $14833.47 / $25000 (59.3%) — 362 leads
2026-08-19 12:00:06:     Outdoor Program — San Jose: $8935.12 / $15000 (59.6%) — 108 leads
2026-08-19 13:00:00: [CRON] Auto-refresh triggered
2026-08-19 13:00:00: [2026-08-19T11:00:00.017Z] Fetching data: 2026-08-01 to 2026-08-19
2026-08-19 13:00:00:   Accounts: act_598233003217290, act_1423425976190315, act_1281838446384778
2026-08-19 13:00:03:   Success! Geo totals:
2026-08-19 13:00:03:     ADU — LA County: $28758.37 / $50000 (57.5%) — 806 leads
2026-08-19 13:00:03:     ADU — Orange County: $13367.51 / $25000 (53.5%) — 197 leads
2026-08-19 13:00:03:     ADU — San Jose: $14838.40 / $25000 (59.4%) — 363 leads
2026-08-19 13:00:03:     Outdoor Program — San Jose: $8940.76 / $15000 (59.6%) — 108 leads
2026-08-19 14:00:00: [CRON] Auto-refresh triggered
2026-08-19 14:00:00: [2026-08-19T12:00:00.325Z] Fetching data: 2026-08-01 to 2026-08-19
2026-08-19 14:00:00:   Accounts: act_598233003217290, act_1423425976190315, act_1281838446384778
2026-08-19 14:00:06:   Success! Geo totals:
2026-08-19 14:00:06:     ADU — LA County: $28774.99 / $50000 (57.5%) — 806 leads
2026-08-19 14:00:06:     ADU — Orange County: $13376.81 / $25000 (53.5%) — 197 leads
2026-08-19 14:00:06:     ADU — San Jose: $14848.03 / $25000 (59.4%) — 363 leads
2026-08-19 14:00:06:     Outdoor Program — San Jose: $8948.21 / $15000 (59.7%) — 108 leads
2026-08-19 15:00:00: [CRON] Auto-refresh triggered
2026-08-19 15:00:00: [2026-08-19T13:00:00.617Z] Fetching data: 2026-08-01 to 2026-08-19
2026-08-19 15:00:00:   Accounts: act_598233003217290, act_1423425976190315, act_1281838446384778
2026-08-19 15:00:06:   Success! Geo totals:
2026-08-19 15:00:06:     ADU — LA County: $28801.68 / $50000 (57.6%) — 807 leads
2026-08-19 15:00:06:     ADU — Orange County: $13395.58 / $25000 (53.6%) — 197 leads
2026-08-19 15:00:06:     ADU — San Jose: $14863.63 / $25000 (59.5%) — 363 leads
2026-08-19 15:00:06:     Outdoor Program — San Jose: $8974.58 / $15000 (59.8%) — 108 leads
2026-08-19 16:00:00: [CRON] Auto-refresh triggered
2026-08-19 16:00:00: [2026-08-19T14:00:00.447Z] Fetching data: 2026-08-01 to 2026-08-19
2026-08-19 16:00:00:   Accounts: act_598233003217290, act_1423425976190315, act_1281838446384778
2026-08-19 16:00:05:   Success! Geo totals:
2026-08-19 16:00:05:     ADU — LA County: $28851.53 / $50000 (57.7%) — 807 leads
2026-08-19 16:00:05:     ADU — Orange County: $13437.76 / $25000 (53.8%) — 197 leads
2026-08-19 16:00:05:     ADU — San Jose: $14886.78 / $25000 (59.5%) — 363 leads
2026-08-19 16:00:05:     Outdoor Program — San Jose: $9006.04 / $15000 (60.0%) — 108 leads
2026-08-19 17:00:00: [CRON] Auto-refresh triggered
2026-08-19 17:00:00: [2026-08-19T15:00:00.165Z] Fetching data: 2026-08-01 to 2026-08-19
2026-08-19 17:00:00:   Accounts: act_598233003217290, act_1423425976190315, act_1281838446384778
2026-08-19 17:00:05:   Success! Geo totals:
2026-08-19 17:00:05:     ADU — LA County: $28909.59 / $50000 (57.8%) — 808 leads
2026-08-19 17:00:05:     ADU — Orange County: $13488.03 / $25000 (54.0%) — 197 leads
2026-08-19 17:00:05:     ADU — San Jose: $14918.71 / $25000 (59.7%) — 364 leads
2026-08-19 17:00:05:     Outdoor Program — San Jose: $9059.93 / $15000 (60.4%) — 108 leads
2026-08-19 18:00:00: [CRON] Auto-refresh triggered
2026-08-19 18:00:00: [2026-08-19T16:00:00.959Z] Fetching data: 2026-08-01 to 2026-08-19
2026-08-19 18:00:00:   Accounts: act_598233003217290, act_1423425976190315, act_1281838446384778
2026-08-19 18:00:06:   Success! Geo totals:
2026-08-19 18:00:06:     ADU — LA County: $28979.49 / $50000 (58.0%) — 808 leads
2026-08-19 18:00:06:     ADU — Orange County: $13543.39 / $25000 (54.2%) — 198 leads
2026-08-19 18:00:06:     ADU — San Jose: $14957.26 / $25000 (59.8%) — 365 leads
2026-08-19 18:00:06:     Outdoor Program — San Jose: $9105.96 / $15000 (60.7%) — 108 leads
2026-08-19 19:00:00: [CRON] Auto-refresh triggered
2026-08-19 19:00:00: [2026-08-19T17:00:00.493Z] Fetching data: 2026-08-01 to 2026-08-19
2026-08-19 19:00:00:   Accounts: act_598233003217290, act_1423425976190315, act_1281838446384778
2026-08-19 19:00:04:   Success! Geo totals:
2026-08-19 19:00:04:     ADU — LA County: $29060.31 / $50000 (58.1%) — 810 leads
2026-08-19 19:00:04:     ADU — Orange County: $13607.96 / $25000 (54.4%) — 199 leads
2026-08-19 19:00:04:     ADU — San Jose: $14999.37 / $25000 (60.0%) — 366 leads
2026-08-19 19:00:04:     Outdoor Program — San Jose: $9145.98 / $15000 (61.0%) — 108 leads
2026-08-19 20:00:00: [CRON] Auto-refresh triggered
2026-08-19 20:00:00: [2026-08-19T18:00:00.268Z] Fetching data: 2026-08-01 to 2026-08-19
2026-08-19 20:00:00:   Accounts: act_598233003217290, act_1423425976190315, act_1281838446384778
2026-08-19 20:00:04:   Success! Geo totals:
2026-08-19 20:00:04:     ADU — LA County: $29160.33 / $50000 (58.3%) — 810 leads
2026-08-19 20:00:04:     ADU — Orange County: $13664.95 / $25000 (54.7%) — 199 leads
2026-08-19 20:00:04:     ADU — San Jose: $15059.37 / $25000 (60.2%) — 368 leads
2026-08-19 20:00:04:     Outdoor Program — San Jose: $9193.27 / $15000 (61.3%) — 108 leads
2026-08-19 21:00:00: [CRON] Auto-refresh triggered
2026-08-19 21:00:00: [2026-08-19T19:00:00.989Z] Fetching data: 2026-08-01 to 2026-08-19
2026-08-19 21:00:00:   Accounts: act_598233003217290, act_1423425976190315, act_1281838446384778
2026-08-19 21:00:06:   Success! Geo totals:
2026-08-19 21:00:06:     ADU — LA County: $29249.56 / $50000 (58.5%) — 811 leads
2026-08-19 21:00:06:     ADU — Orange County: $13735.88 / $25000 (54.9%) — 199 leads
2026-08-19 21:00:06:     ADU — San Jose: $15106.71 / $25000 (60.4%) — 369 leads
2026-08-19 21:00:06:     Outdoor Program — San Jose: $9232.86 / $15000 (61.6%) — 108 leads
2026-08-19 22:00:00: [CRON] Auto-refresh triggered
2026-08-19 22:00:00: [2026-08-19T20:00:00.722Z] Fetching data: 2026-08-01 to 2026-08-19
2026-08-19 22:00:00:   Accounts: act_598233003217290, act_1423425976190315, act_1281838446384778
2026-08-19 22:00:05:   Success! Geo totals:
2026-08-19 22:00:05:     ADU — LA County: $29338.23 / $50000 (58.7%) — 813 leads
2026-08-19 22:00:05:     ADU — Orange County: $13791.46 / $25000 (55.2%) — 202 leads
2026-08-19 22:00:05:     ADU — San Jose: $15162.30 / $25000 (60.6%) — 370 leads
2026-08-19 22:00:05:     Outdoor Program — San Jose: $9273.00 / $15000 (61.8%) — 108 leads
2026-08-19 23:00:00: [CRON] Auto-refresh triggered
2026-08-19 23:00:00: [2026-08-19T21:00:00.344Z] Fetching data: 2026-08-01 to 2026-08-19
2026-08-19 23:00:00:   Accounts: act_598233003217290, act_1423425976190315, act_1281838446384778
2026-08-19 23:00:04:   Success! Geo totals:
2026-08-19 23:00:04:     ADU — LA County: $29441.05 / $50000 (58.9%) — 814 leads
2026-08-19 23:00:04:     ADU — Orange County: $13848.61 / $25000 (55.4%) — 203 leads
2026-08-19 23:00:04:     ADU — San Jose: $15213.19 / $25000 (60.9%) — 370 leads
2026-08-19 23:00:04:     Outdoor Program — San Jose: $9325.81 / $15000 (62.2%) — 109 leads
2026-08-20 00:00:00: [CRON] Auto-refresh triggered
2026-08-20 00:00:00: [2026-08-19T22:00:00.143Z] Fetching data: 2026-08-01 to 2026-08-19
2026-08-20 00:00:00:   Accounts: act_598233003217290, act_1423425976190315, act_1281838446384778
2026-08-20 00:00:07:   Success! Geo totals:
2026-08-20 00:00:07:     ADU — LA County: $29555.12 / $50000 (59.1%) — 814 leads
2026-08-20 00:00:07:     ADU — Orange County: $13907.55 / $25000 (55.6%) — 203 leads
2026-08-20 00:00:07:     ADU — San Jose: $15266.04 / $25000 (61.1%) — 372 leads
2026-08-20 00:00:07:     Outdoor Program — San Jose: $9363.84 / $15000 (62.4%) — 109 leads
2026-08-20 01:00:00: [CRON] Auto-refresh triggered
2026-08-20 01:00:00: [2026-08-19T23:00:00.654Z] Fetching data: 2026-08-01 to 2026-08-19
2026-08-20 01:00:00:   Accounts: act_598233003217290, act_1423425976190315, act_1281838446384778
2026-08-20 01:00:05:   Success! Geo totals:
2026-08-20 01:00:05:     ADU — LA County: $29668.66 / $50000 (59.3%) — 820 leads
2026-08-20 01:00:05:     ADU — Orange County: $13977.97 / $25000 (55.9%) — 204 leads
2026-08-20 01:00:05:     ADU — San Jose: $15334.34 / $25000 (61.3%) — 373 leads
2026-08-20 01:00:05:     Outdoor Program — San Jose: $9406.95 / $15000 (62.7%) — 110 leads
2026-08-20 02:00:00: [CRON] Auto-refresh triggered
2026-08-20 02:00:00: [2026-08-20T00:00:00.286Z] Fetching data: 2026-08-01 to 2026-08-19
2026-08-20 02:00:00:   Accounts: act_598233003217290, act_1423425976190315, act_1281838446384778
2026-08-20 02:00:07:   Success! Geo totals:
2026-08-20 02:00:07:     ADU — LA County: $29800.12 / $50000 (59.6%) — 823 leads
2026-08-20 02:00:07:     ADU — Orange County: $14053.24 / $25000 (56.2%) — 204 leads
2026-08-20 02:00:07:     ADU — San Jose: $15397.79 / $25000 (61.6%) — 373 leads
2026-08-20 02:00:07:     Outdoor Program — San Jose: $9473.35 / $15000 (63.2%) — 110 leads
2026-08-20 03:00:00: [CRON] Auto-refresh triggered
2026-08-20 03:00:00: [2026-08-20T01:00:00.989Z] Fetching data: 2026-08-01 to 2026-08-19
2026-08-20 03:00:00:   Accounts: act_598233003217290, act_1423425976190315, act_1281838446384778
2026-08-20 03:00:05:   Success! Geo totals:
2026-08-20 03:00:05:     ADU — LA County: $29943.21 / $50000 (59.9%) — 827 leads
2026-08-20 03:00:05:     ADU — Orange County: $14138.08 / $25000 (56.6%) — 204 leads
2026-08-20 03:00:05:     ADU — San Jose: $15458.11 / $25000 (61.8%) — 374 leads
2026-08-20 03:00:05:     Outdoor Program — San Jose: $9530.60 / $15000 (63.5%) — 111 leads
2026-08-20 04:00:00: [CRON] Auto-refresh triggered
2026-08-20 04:00:00: [2026-08-20T02:00:00.653Z] Fetching data: 2026-08-01 to 2026-08-19
2026-08-20 04:00:00:   Accounts: act_598233003217290, act_1423425976190315, act_1281838446384778
2026-08-20 04:00:04:   Success! Geo totals:
2026-08-20 04:00:04:     ADU — LA County: $30074.02 / $50000 (60.1%) — 831 leads
2026-08-20 04:00:04:     ADU — Orange County: $14214.37 / $25000 (56.9%) — 204 leads
2026-08-20 04:00:04:     ADU — San Jose: $15518.46 / $25000 (62.1%) — 374 leads
2026-08-20 04:00:04:     Outdoor Program — San Jose: $9579.57 / $15000 (63.9%) — 112 leads
2026-08-20 05:00:00: [CRON] Auto-refresh triggered
2026-08-20 05:00:00: [2026-08-20T03:00:00.163Z] Fetching data: 2026-08-01 to 2026-08-19
2026-08-20 05:00:00:   Accounts: act_598233003217290, act_1423425976190315, act_1281838446384778
2026-08-20 05:00:05:   Success! Geo totals:
2026-08-20 05:00:05:     ADU — LA County: $30221.36 / $50000 (60.4%) — 833 leads
2026-08-20 05:00:05:     ADU — Orange County: $14278.04 / $25000 (57.1%) — 204 leads
2026-08-20 05:00:05:     ADU — San Jose: $15566.66 / $25000 (62.3%) — 375 leads
2026-08-20 05:00:05:     Outdoor Program — San Jose: $9630.26 / $15000 (64.2%) — 112 leads
2026-08-20 06:00:00: [CRON] Auto-refresh triggered
2026-08-20 06:00:00: [2026-08-20T04:00:00.464Z] Fetching data: 2026-08-01 to 2026-08-19
2026-08-20 06:00:00:   Accounts: act_598233003217290, act_1423425976190315, act_1281838446384778
2026-08-20 06:00:05:   Success! Geo totals:
2026-08-20 06:00:05:     ADU — LA County: $30357.88 / $50000 (60.7%) — 835 leads
2026-08-20 06:00:05:     ADU — Orange County: $14340.60 / $25000 (57.4%) — 204 leads
2026-08-20 06:00:05:     ADU — San Jose: $15628.55 / $25000 (62.5%) — 377 leads
2026-08-20 06:00:05:     Outdoor Program — San Jose: $9679.56 / $15000 (64.5%) — 112 leads
2026-08-20 07:00:00: [CRON] Auto-refresh triggered
2026-08-20 07:00:00: [2026-08-20T05:00:00.419Z] Fetching data: 2026-08-01 to 2026-08-19
2026-08-20 07:00:00:   Accounts: act_598233003217290, act_1423425976190315, act_1281838446384778
2026-08-20 07:00:08:   Success! Geo totals:
2026-08-20 07:00:08:     ADU — LA County: $30419.50 / $50000 (60.8%) — 836 leads
2026-08-20 07:00:08:     ADU — Orange County: $14398.36 / $25000 (57.6%) — 205 leads
2026-08-20 07:00:08:     ADU — San Jose: $15700.69 / $25000 (62.8%) — 377 leads
2026-08-20 07:00:08:     Outdoor Program — San Jose: $9692.58 / $15000 (64.6%) — 113 leads
2026-08-20 08:00:00: [CRON] Auto-refresh triggered
2026-08-20 08:00:00: [2026-08-20T06:00:00.012Z] Fetching data: 2026-08-01 to 2026-08-19
2026-08-20 08:00:00:   Accounts: act_598233003217290, act_1423425976190315, act_1281838446384778
2026-08-20 08:00:06:   Success! Geo totals:
2026-08-20 08:00:06:     ADU — LA County: $30473.46 / $50000 (60.9%) — 837 leads
2026-08-20 08:00:06:     ADU — Orange County: $14465.97 / $25000 (57.9%) — 205 leads
2026-08-20 08:00:06:     ADU — San Jose: $15753.60 / $25000 (63.0%) — 380 leads
2026-08-20 08:00:06:     Outdoor Program — San Jose: $9695.83 / $15000 (64.6%) — 113 leads
2026-08-20 08:55:00: [CRON] Daily lead summary triggered
2026-08-20 08:55:03: [DAILY SUMMARY] posted (75 leads / $5097.83) — Slack 200
2026-08-20 09:00:00: [CRON] Auto-refresh triggered
2026-08-20 09:00:00: [2026-08-20T07:00:00.926Z] Fetching data: 2026-08-01 to 2026-08-20
2026-08-20 09:00:00:   Accounts: act_598233003217290, act_1423425976190315, act_1281838446384778
2026-08-20 09:00:07:   Success! Geo totals:
2026-08-20 09:00:07:     ADU — LA County: $30756.18 / $50000 (61.5%) — 847 leads
2026-08-20 09:00:07:     ADU — Orange County: $14492.93 / $25000 (58.0%) — 205 leads
2026-08-20 09:00:07:     ADU — San Jose: $15791.56 / $25000 (63.2%) — 381 leads
2026-08-20 09:00:07:     Outdoor Program — San Jose: $9846.26 / $15000 (65.6%) — 114 leads
2026-08-20 10:00:00: [CRON] Auto-refresh triggered
2026-08-20 10:00:00: [2026-08-20T08:00:00.389Z] Fetching data: 2026-08-01 to 2026-08-20
2026-08-20 10:00:00:   Accounts: act_598233003217290, act_1423425976190315, act_1281838446384778
2026-08-20 10:00:06:   Success! Geo totals:
2026-08-20 10:00:06:     ADU — LA County: $30812.75 / $50000 (61.6%) — 848 leads
2026-08-20 10:00:06:     ADU — Orange County: $14518.10 / $25000 (58.1%) — 205 leads
2026-08-20 10:00:06:     ADU — San Jose: $15815.27 / $25000 (63.3%) — 381 leads
2026-08-20 10:00:06:     Outdoor Program — San Jose: $9869.09 / $15000 (65.8%) — 114 leads
2026-08-20 11:00:00: [CRON] Auto-refresh triggered
2026-08-20 11:00:00: [2026-08-20T09:00:00.237Z] Fetching data: 2026-08-01 to 2026-08-20
2026-08-20 11:00:00:   Accounts: act_598233003217290, act_1423425976190315, act_1281838446384778
2026-08-20 11:00:05:   Success! Geo totals:
2026-08-20 11:00:05:     ADU — LA County: $30839.68 / $50000 (61.7%) — 849 leads
2026-08-20 11:00:05:     ADU — Orange County: $14534.54 / $25000 (58.1%) — 205 leads
2026-08-20 11:00:05:     ADU — San Jose: $15829.65 / $25000 (63.3%) — 382 leads
2026-08-20 11:00:05:     Outdoor Program — San Jose: $9885.16 / $15000 (65.9%) — 115 leads
2026-08-20 12:00:00: [CRON] Auto-refresh triggered
2026-08-20 12:00:00: [2026-08-20T10:00:00.793Z] Fetching data: 2026-08-01 to 2026-08-20
2026-08-20 12:00:00:   Accounts: act_598233003217290, act_1423425976190315, act_1281838446384778
2026-08-20 12:00:04:   Success! Geo totals:
2026-08-20 12:00:04:     ADU — LA County: $30858.07 / $50000 (61.7%) — 851 leads
2026-08-20 12:00:04:     ADU — Orange County: $14542.29 / $25000 (58.2%) — 205 leads
2026-08-20 12:00:04:     ADU — San Jose: $15844.22 / $25000 (63.4%) — 382 leads
2026-08-20 12:00:04:     Outdoor Program — San Jose: $9894.54 / $15000 (66.0%) — 115 leads
2026-08-20 13:00:00: [CRON] Auto-refresh triggered
2026-08-20 13:00:00: [2026-08-20T11:00:00.573Z] Fetching data: 2026-08-01 to 2026-08-20
2026-08-20 13:00:00:   Accounts: act_598233003217290, act_1423425976190315, act_1281838446384778
2026-08-20 13:00:04:   Success! Geo totals:
2026-08-20 13:00:04:     ADU — LA County: $30877.72 / $50000 (61.8%) — 852 leads
2026-08-20 13:00:04:     ADU — Orange County: $14546.67 / $25000 (58.2%) — 205 leads
2026-08-20 13:00:04:     ADU — San Jose: $15860.03 / $25000 (63.4%) — 383 leads
2026-08-20 13:00:04:     Outdoor Program — San Jose: $9903.21 / $15000 (66.0%) — 115 leads
2026-08-20 14:00:00: [CRON] Auto-refresh triggered
2026-08-20 14:00:00: [2026-08-20T12:00:00.724Z] Fetching data: 2026-08-01 to 2026-08-20
2026-08-20 14:00:00:   Accounts: act_598233003217290, act_1423425976190315, act_1281838446384778
2026-08-20 14:00:05:   Success! Geo totals:
2026-08-20 14:00:05:     ADU — LA County: $30900.42 / $50000 (61.8%) — 852 leads
2026-08-20 14:00:05:     ADU — Orange County: $14552.61 / $25000 (58.2%) — 205 leads
2026-08-20 14:00:05:     ADU — San Jose: $15865.32 / $25000 (63.5%) — 383 leads
2026-08-20 14:00:05:     Outdoor Program — San Jose: $9910.44 / $15000 (66.1%) — 115 leads
2026-08-20 15:00:00: [CRON] Auto-refresh triggered
2026-08-20 15:00:00: [2026-08-20T13:00:00.074Z] Fetching data: 2026-08-01 to 2026-08-20
2026-08-20 15:00:00:   Accounts: act_598233003217290, act_1423425976190315, act_1281838446384778
2026-08-20 15:00:06:   Success! Geo totals:
2026-08-20 15:00:06:     ADU — LA County: $30932.46 / $50000 (61.9%) — 852 leads
2026-08-20 15:00:06:     ADU — Orange County: $14567.97 / $25000 (58.3%) — 205 leads
2026-08-20 15:00:06:     ADU — San Jose: $15875.55 / $25000 (63.5%) — 383 leads
2026-08-20 15:00:06:     Outdoor Program — San Jose: $9922.86 / $15000 (66.2%) — 115 leads
2026-08-20 15:15:40: 
========================================
2026-08-20 15:15:40:   Ben ADU Budget Dashboard
2026-08-20 15:15:40:   http://localhost:3500
2026-08-20 15:15:40:   Auto-refresh: every 60 minutes
2026-08-20 15:15:40:   Slack alerts: enabled
2026-08-20 15:15:40:   Password: disabled
2026-08-20 15:15:40: ========================================

2026-08-20 15:15:40: [2026-08-20T13:15:40.773Z] Fetching data: 2026-08-01 to 2026-08-20
2026-08-20 15:15:40:   Accounts: act_598233003217290, act_1423425976190315, act_1281838446384778
2026-08-20 15:15:44:   Success! Geo totals:
2026-08-20 15:15:44:     ADU — LA County: $30946.88 / $50000 (61.9%) — 852 leads
2026-08-20 15:15:44:     ADU — Orange County: $14573.08 / $25000 (58.3%) — 205 leads
2026-08-20 15:15:44:     ADU — San Jose: $15883.08 / $25000 (63.5%) — 383 leads
2026-08-20 15:15:44:     Outdoor Program — San Jose: $9928.50 / $15000 (66.2%) — 115 leads
2026-08-20 15:15:46: [WEEKLY RESULTS] posted (586 leads / $31030.24 vs 552 / $25205.08) — Slack 200
2026-08-20 15:17:27: 
========================================
2026-08-20 15:17:27:   Ben ADU Budget Dashboard
2026-08-20 15:17:27:   http://localhost:3500
2026-08-20 15:17:27:   Auto-refresh: every 60 minutes
2026-08-20 15:17:27:   Slack alerts: enabled
2026-08-20 15:17:27:   Password: disabled
2026-08-20 15:17:27: ========================================

2026-08-20 15:17:27: [2026-08-20T13:17:27.229Z] Fetching data: 2026-08-01 to 2026-08-20
2026-08-20 15:17:27:   Accounts: act_598233003217290, act_1423425976190315, act_1281838446384778
2026-08-20 15:17:31:   Success! Geo totals:
2026-08-20 15:17:31:     ADU — LA County: $30946.88 / $50000 (61.9%) — 852 leads
2026-08-20 15:17:31:     ADU — Orange County: $14573.08 / $25000 (58.3%) — 205 leads
2026-08-20 15:17:31:     ADU — San Jose: $15883.09 / $25000 (63.5%) — 383 leads
2026-08-20 15:17:31:     Outdoor Program — San Jose: $9928.84 / $15000 (66.2%) — 115 leads
2026-08-20 15:17:32: [2026-08-20T13:17:32.953Z] Fetching data: 2026-08-01 to 2026-08-20
2026-08-20 15:17:32:   Accounts: act_598233003217290, act_1423425976190315, act_1281838446384778
2026-08-20 15:17:35:   Success! Geo totals:
2026-08-20 15:17:35:     ADU — LA County: $30946.88 / $50000 (61.9%) — 852 leads
2026-08-20 15:17:35:     ADU — Orange County: $14573.08 / $25000 (58.3%) — 205 leads
2026-08-20 15:17:35:     ADU — San Jose: $15883.09 / $25000 (63.5%) — 383 leads
2026-08-20 15:17:35:     Outdoor Program — San Jose: $9928.84 / $15000 (66.2%) — 115 leads
2026-08-20 15:17:36: [WEEKLY RESULTS] posted (586 leads / $31030.24 vs 552 / $25205.08) — Slack 200
2026-08-20 15:20:54: 
========================================
2026-08-20 15:20:54:   Ben ADU Budget Dashboard
2026-08-20 15:20:54:   http://localhost:3500
2026-08-20 15:20:54:   Auto-refresh: every 60 minutes
2026-08-20 15:20:54:   Slack alerts: enabled
2026-08-20 15:20:54:   Password: disabled
2026-08-20 15:20:54: ========================================

2026-08-20 15:20:54: [2026-08-20T13:20:54.444Z] Fetching data: 2026-08-01 to 2026-08-20
2026-08-20 15:20:54:   Accounts: act_598233003217290, act_1423425976190315, act_1281838446384778
2026-08-20 15:21:00: [2026-08-20T13:21:00.013Z] Fetching data: 2026-08-01 to 2026-08-20
2026-08-20 15:21:00:   Accounts: act_598233003217290, act_1423425976190315, act_1281838446384778
2026-08-20 15:21:00:   Success! Geo totals:
2026-08-20 15:21:00:     ADU — LA County: $30954.90 / $50000 (61.9%) — 852 leads
2026-08-20 15:21:00:     ADU — Orange County: $14573.56 / $25000 (58.3%) — 205 leads
2026-08-20 15:21:00:     ADU — San Jose: $15884.19 / $25000 (63.5%) — 383 leads
2026-08-20 15:21:00:     Outdoor Program — San Jose: $9929.75 / $15000 (66.2%) — 115 leads
2026-08-20 15:21:03:   Success! Geo totals:
2026-08-20 15:21:03:     ADU — LA County: $30955.39 / $50000 (61.9%) — 852 leads
2026-08-20 15:21:03:     ADU — Orange County: $14573.56 / $25000 (58.3%) — 205 leads
2026-08-20 15:21:03:     ADU — San Jose: $15884.19 / $25000 (63.5%) — 383 leads
2026-08-20 15:21:03:     Outdoor Program — San Jose: $9929.75 / $15000 (66.2%) — 115 leads
2026-08-20 15:21:03: [WEEKLY RESULTS] posted (586 leads / $31030.33 vs 552 / $25205.08) — Slack 200
2026-08-20 15:34:19: 
========================================
2026-08-20 15:34:19:   Ben ADU Budget Dashboard
2026-08-20 15:34:19:   http://localhost:3500
2026-08-20 15:34:19:   Auto-refresh: every 60 minutes
2026-08-20 15:34:19:   Slack alerts: enabled
2026-08-20 15:34:19:   Password: disabled
2026-08-20 15:34:19: ========================================

2026-08-20 15:34:19: [2026-08-20T13:34:19.192Z] Fetching data: 2026-08-01 to 2026-08-20 (plus trailing 7d 2026-08-14→2026-08-20)
2026-08-20 15:34:19:   Accounts: act_598233003217290, act_1423425976190315, act_1281838446384778
2026-08-20 15:34:23:   Success! Geo totals:
2026-08-20 15:34:23:     ADU — LA County: $30964.07 / $50000 (61.9%) — 852 leads
2026-08-20 15:34:23:     ADU — Orange County: $14579.39 / $25000 (58.3%) — 205 leads
2026-08-20 15:34:23:     ADU — San Jose: $15887.30 / $25000 (63.5%) — 383 leads
2026-08-20 15:34:23:     Outdoor Program — San Jose: $9932.52 / $15000 (66.2%) — 115 leads
2026-08-20 15:42:08: 
========================================
2026-08-20 15:42:08:   Ben ADU Budget Dashboard
2026-08-20 15:42:08:   http://localhost:3500
2026-08-20 15:42:08:   Auto-refresh: every 60 minutes
2026-08-20 15:42:08:   Slack alerts: enabled
2026-08-20 15:42:08:   Password: disabled
2026-08-20 15:42:08: ========================================

2026-08-20 15:42:08: [2026-08-20T13:42:08.807Z] Fetching data: 2026-08-01 to 2026-08-20 (plus trailing 7d 2026-08-14→2026-08-20)
2026-08-20 15:42:08:   Accounts: act_598233003217290, act_1423425976190315, act_1281838446384778
2026-08-20 15:42:12:   Success! Geo totals:
2026-08-20 15:42:12:     ADU — LA County: $30975.11 / $50000 (62.0%) — 853 leads
2026-08-20 15:42:12:     ADU — Orange County: $14584.10 / $25000 (58.3%) — 205 leads
2026-08-20 15:42:12:     ADU — San Jose: $15890.27 / $25000 (63.6%) — 384 leads
2026-08-20 15:42:12:     Outdoor Program — San Jose: $9934.09 / $15000 (66.2%) — 115 leads
2026-08-20 16:00:00: [CRON] Auto-refresh triggered
2026-08-20 16:00:00: [2026-08-20T14:00:00.419Z] Fetching data: 2026-08-01 to 2026-08-20 (plus trailing 7d 2026-08-14→2026-08-20)
2026-08-20 16:00:00:   Accounts: act_598233003217290, act_1423425976190315, act_1281838446384778
2026-08-20 16:00:05:   Success! Geo totals:
2026-08-20 16:00:05:     ADU — LA County: $30992.68 / $50000 (62.0%) — 853 leads
2026-08-20 16:00:05:     ADU — Orange County: $14599.06 / $25000 (58.4%) — 205 leads
2026-08-20 16:00:05:     ADU — San Jose: $15902.03 / $25000 (63.6%) — 384 leads
2026-08-20 16:00:05:     Outdoor Program — San Jose: $9942.96 / $15000 (66.3%) — 115 leads
2026-08-20 17:00:00: [CRON] Auto-refresh triggered
2026-08-20 17:00:00: [2026-08-20T15:00:00.572Z] Fetching data: 2026-08-01 to 2026-08-20 (plus trailing 7d 2026-08-14→2026-08-20)
2026-08-20 17:00:00:   Accounts: act_598233003217290, act_1423425976190315, act_1281838446384778
2026-08-20 17:00:05:   Success! Geo totals:
2026-08-20 17:00:05:     ADU — LA County: $31052.65 / $50000 (62.1%) — 854 leads
2026-08-20 17:00:05:     ADU — Orange County: $14654.88 / $25000 (58.6%) — 205 leads
2026-08-20 17:00:05:     ADU — San Jose: $15936.95 / $25000 (63.7%) — 385 leads
2026-08-20 17:00:05:     Outdoor Program — San Jose: $9982.42 / $15000 (66.5%) — 116 leads
2026-08-20 18:00:00: [CRON] Auto-refresh triggered
2026-08-20 18:00:00: [2026-08-20T16:00:00.302Z] Fetching data: 2026-08-01 to 2026-08-20 (plus trailing 7d 2026-08-14→2026-08-20)
2026-08-20 18:00:00:   Accounts: act_598233003217290, act_1423425976190315, act_1281838446384778
2026-08-20 18:00:08:   Success! Geo totals:
2026-08-20 18:00:08:     ADU — LA County: $31140.49 / $50000 (62.3%) — 856 leads
2026-08-20 18:00:08:     ADU — Orange County: $14713.83 / $25000 (58.9%) — 205 leads
2026-08-20 18:00:08:     ADU — San Jose: $15986.52 / $25000 (63.9%) — 387 leads
2026-08-20 18:00:08:     Outdoor Program — San Jose: $10015.58 / $15000 (66.8%) — 117 leads
2026-08-20 18:56:31: [2026-08-20T16:56:31.689Z] Fetching data: 2026-08-01 to 2026-08-20 (plus trailing 7d 2026-08-14→2026-08-20)
2026-08-20 18:56:31:   Accounts: act_598233003217290, act_1423425976190315, act_1281838446384778
2026-08-20 18:56:34:   Success! Geo totals:
2026-08-20 18:56:34:     ADU — LA County: $31240.52 / $50000 (62.5%) — 857 leads
2026-08-20 18:56:34:     ADU — Orange County: $14785.49 / $25000 (59.1%) — 206 leads
2026-08-20 18:56:34:     ADU — San Jose: $16035.57 / $25000 (64.1%) — 387 leads
2026-08-20 18:56:34:     Outdoor Program — San Jose: $10046.30 / $15000 (67.0%) — 117 leads
2026-08-20 19:00:00: [CRON] Auto-refresh triggered
2026-08-20 19:00:00: [2026-08-20T17:00:00.307Z] Fetching data: 2026-08-01 to 2026-08-20 (plus trailing 7d 2026-08-14→2026-08-20)
2026-08-20 19:00:00:   Accounts: act_598233003217290, act_1423425976190315, act_1281838446384778
2026-08-20 19:00:06:   Success! Geo totals:
2026-08-20 19:00:06:     ADU — LA County: $31244.85 / $50000 (62.5%) — 857 leads
2026-08-20 19:00:06:     ADU — Orange County: $14788.33 / $25000 (59.2%) — 206 leads
2026-08-20 19:00:06:     ADU — San Jose: $16039.83 / $25000 (64.2%) — 387 leads
2026-08-20 19:00:06:     Outdoor Program — San Jose: $10047.75 / $15000 (67.0%) — 117 leads
2026-08-20 19:24:23: [2026-08-20T17:24:23.689Z] Fetching data: 2026-08-01 to 2026-08-20 (plus trailing 7d 2026-08-14→2026-08-20)
2026-08-20 19:24:23:   Accounts: act_598233003217290, act_1423425976190315, act_1281838446384778
2026-08-20 19:24:26:   Success! Geo totals:
2026-08-20 19:24:26:     ADU — LA County: $31279.29 / $50000 (62.6%) — 859 leads
2026-08-20 19:24:26:     ADU — Orange County: $14813.47 / $25000 (59.3%) — 206 leads
2026-08-20 19:24:26:     ADU — San Jose: $16055.29 / $25000 (64.2%) — 387 leads
2026-08-20 19:24:26:     Outdoor Program — San Jose: $10059.19 / $15000 (67.1%) — 117 leads
2026-08-20 20:00:00: [CRON] Auto-refresh triggered
2026-08-20 20:00:00: [2026-08-20T18:00:00.092Z] Fetching data: 2026-08-01 to 2026-08-20 (plus trailing 7d 2026-08-14→2026-08-20)
2026-08-20 20:00:00:   Accounts: act_598233003217290, act_1423425976190315, act_1281838446384778
2026-08-20 20:00:05:   Success! Geo totals:
2026-08-20 20:00:05:     ADU — LA County: $31336.63 / $50000 (62.7%) — 860 leads
2026-08-20 20:00:05:     ADU — Orange County: $14852.09 / $25000 (59.4%) — 207 leads
2026-08-20 20:00:05:     ADU — San Jose: $16083.45 / $25000 (64.3%) — 388 leads
2026-08-20 20:00:05:     Outdoor Program — San Jose: $10077.71 / $15000 (67.2%) — 117 leads
2026-08-20 21:00:00: [CRON] Auto-refresh triggered
2026-08-20 21:00:00: [2026-08-20T19:00:00.693Z] Fetching data: 2026-08-01 to 2026-08-20 (plus trailing 7d 2026-08-14→2026-08-20)
2026-08-20 21:00:00:   Accounts: act_598233003217290, act_1423425976190315, act_1281838446384778
2026-08-20 21:00:04:   Success! Geo totals:
2026-08-20 21:00:04:     ADU — LA County: $31427.29 / $50000 (62.9%) — 863 leads
2026-08-20 21:00:04:     ADU — Orange County: $14919.79 / $25000 (59.7%) — 207 leads
2026-08-20 21:00:04:     ADU — San Jose: $16138.09 / $25000 (64.6%) — 389 leads
2026-08-20 21:00:04:     Outdoor Program — San Jose: $10111.75 / $15000 (67.4%) — 117 leads
2026-08-20 22:00:00: [CRON] Auto-refresh triggered
2026-08-20 22:00:00: [2026-08-20T20:00:00.570Z] Fetching data: 2026-08-01 to 2026-08-20 (plus trailing 7d 2026-08-14→2026-08-20)
2026-08-20 22:00:00:   Accounts: act_598233003217290, act_1423425976190315, act_1281838446384778
2026-08-20 22:00:07:   Success! Geo totals:
2026-08-20 22:00:07:     ADU — LA County: $31540.43 / $50000 (63.1%) — 863 leads
2026-08-20 22:00:07:     ADU — Orange County: $14987.80 / $25000 (60.0%) — 207 leads
2026-08-20 22:00:07:     ADU — San Jose: $16201.87 / $25000 (64.8%) — 390 leads
2026-08-20 22:00:07:     Outdoor Program — San Jose: $10144.76 / $15000 (67.6%) — 117 leads
2026-08-20 22:37:42: [2026-08-20T20:37:42.611Z] Fetching data: 2026-08-01 to 2026-08-20 (plus trailing 7d 2026-08-14→2026-08-20)
2026-08-20 22:37:42:   Accounts: act_598233003217290, act_1423425976190315, act_1281838446384778
2026-08-20 22:37:45:   Success! Geo totals:
2026-08-20 22:37:45:     ADU — LA County: $31606.24 / $50000 (63.2%) — 865 leads
2026-08-20 22:37:45:     ADU — Orange County: $15028.89 / $25000 (60.1%) — 207 leads
2026-08-20 22:37:45:     ADU — San Jose: $16233.00 / $25000 (64.9%) — 391 leads
2026-08-20 22:37:45:     Outdoor Program — San Jose: $10166.13 / $15000 (67.8%) — 118 leads
2026-08-20 22:37:46: [WEEKLY RESULTS] posted (586 leads / $31040.67 vs 552 / $25205.08) — Slack 200
2026-08-20 23:00:00: [CRON] Auto-refresh triggered
2026-08-20 23:00:00: [2026-08-20T21:00:00.525Z] Fetching data: 2026-08-01 to 2026-08-20 (plus trailing 7d 2026-08-14→2026-08-20)
2026-08-20 23:00:00:   Accounts: act_598233003217290, act_1423425976190315, act_1281838446384778
2026-08-20 23:00:04:   Success! Geo totals:
2026-08-20 23:00:04:     ADU — LA County: $31644.38 / $50000 (63.3%) — 866 leads
2026-08-20 23:00:04:     ADU — Orange County: $15056.85 / $25000 (60.2%) — 207 leads
2026-08-20 23:00:04:     ADU — San Jose: $16254.19 / $25000 (65.0%) — 391 leads
2026-08-20 23:00:04:     Outdoor Program — San Jose: $10176.19 / $15000 (67.8%) — 118 leads
2026-08-21 00:00:00: [CRON] Auto-refresh triggered
2026-08-21 00:00:00: [2026-08-20T22:00:00.828Z] Fetching data: 2026-08-01 to 2026-08-20 (plus trailing 7d 2026-08-14→2026-08-20)
2026-08-21 00:00:00:   Accounts: act_598233003217290, act_1423425976190315, act_1281838446384778
2026-08-21 00:00:06:   Success! Geo totals:
2026-08-21 00:00:06:     ADU — LA County: $31729.22 / $50000 (63.5%) — 868 leads
2026-08-21 00:00:06:     ADU — Orange County: $15110.79 / $25000 (60.4%) — 208 leads
2026-08-21 00:00:06:     ADU — San Jose: $16291.49 / $25000 (65.2%) — 392 leads
2026-08-21 00:00:06:     Outdoor Program — San Jose: $10208.77 / $15000 (68.1%) — 118 leads
2026-08-21 01:00:00: [CRON] Auto-refresh triggered
2026-08-21 01:00:00: [2026-08-20T23:00:00.443Z] Fetching data: 2026-08-01 to 2026-08-20 (plus trailing 7d 2026-08-14→2026-08-20)
2026-08-21 01:00:00:   Accounts: act_598233003217290, act_1423425976190315, act_1281838446384778
2026-08-21 01:00:05:   Success! Geo totals:
2026-08-21 01:00:05:     ADU — LA County: $31799.79 / $50000 (63.6%) — 870 leads
2026-08-21 01:00:05:     ADU — Orange County: $15165.82 / $25000 (60.7%) — 208 leads
2026-08-21 01:00:05:     ADU — San Jose: $16332.39 / $25000 (65.3%) — 393 leads
2026-08-21 01:00:05:     Outdoor Program — San Jose: $10234.61 / $15000 (68.2%) — 118 leads
2026-08-21 02:00:00: [CRON] Auto-refresh triggered
2026-08-21 02:00:00: [2026-08-21T00:00:00.933Z] Fetching data: 2026-08-01 to 2026-08-20 (plus trailing 7d 2026-08-14→2026-08-20)
2026-08-21 02:00:00:   Accounts: act_598233003217290, act_1423425976190315, act_1281838446384778
2026-08-21 02:00:05:   Success! Geo totals:
2026-08-21 02:00:05:     ADU — LA County: $31887.89 / $50000 (63.8%) — 871 leads
2026-08-21 02:00:05:     ADU — Orange County: $15223.23 / $25000 (60.9%) — 209 leads
2026-08-21 02:00:05:     ADU — San Jose: $16371.65 / $25000 (65.5%) — 394 leads
2026-08-21 02:00:05:     Outdoor Program — San Jose: $10265.33 / $15000 (68.4%) — 120 leads
2026-08-21 03:00:00: [CRON] Auto-refresh triggered
2026-08-21 03:00:00: [2026-08-21T01:00:00.066Z] Fetching data: 2026-08-01 to 2026-08-20 (plus trailing 7d 2026-08-14→2026-08-20)
2026-08-21 03:00:00:   Accounts: act_598233003217290, act_1423425976190315, act_1281838446384778
2026-08-21 03:00:07:   Success! Geo totals:
2026-08-21 03:00:07:     ADU — LA County: $31986.33 / $50000 (64.0%) — 872 leads
2026-08-21 03:00:07:     ADU — Orange County: $15288.82 / $25000 (61.2%) — 209 leads
2026-08-21 03:00:07:     ADU — San Jose: $16417.71 / $25000 (65.7%) — 394 leads
2026-08-21 03:00:07:     Outdoor Program — San Jose: $10291.83 / $15000 (68.6%) — 120 leads
2026-08-21 04:00:00: [CRON] Auto-refresh triggered
2026-08-21 04:00:00: [2026-08-21T02:00:00.554Z] Fetching data: 2026-08-01 to 2026-08-20 (plus trailing 7d 2026-08-14→2026-08-20)
2026-08-21 04:00:00:   Accounts: act_598233003217290, act_1423425976190315, act_1281838446384778
2026-08-21 04:00:07:   Success! Geo totals:
2026-08-21 04:00:07:     ADU — LA County: $32099.66 / $50000 (64.2%) — 874 leads
2026-08-21 04:00:07:     ADU — Orange County: $15352.59 / $25000 (61.4%) — 209 leads
2026-08-21 04:00:07:     ADU — San Jose: $16463.55 / $25000 (65.9%) — 395 leads
2026-08-21 04:00:07:     Outdoor Program — San Jose: $10324.57 / $15000 (68.8%) — 120 leads
2026-08-21 05:00:00: [CRON] Auto-refresh triggered
2026-08-21 05:00:00: [2026-08-21T03:00:00.633Z] Fetching data: 2026-08-01 to 2026-08-20 (plus trailing 7d 2026-08-14→2026-08-20)
2026-08-21 05:00:00:   Accounts: act_598233003217290, act_1423425976190315, act_1281838446384778
2026-08-21 05:00:05:   Success! Geo totals:
2026-08-21 05:00:05:     ADU — LA County: $32202.47 / $50000 (64.4%) — 874 leads
2026-08-21 05:00:05:     ADU — Orange County: $15418.61 / $25000 (61.7%) — 209 leads
2026-08-21 05:00:05:     ADU — San Jose: $16514.54 / $25000 (66.1%) — 395 leads
2026-08-21 05:00:05:     Outdoor Program — San Jose: $10347.78 / $15000 (69.0%) — 120 leads
2026-08-21 06:00:00: [CRON] Auto-refresh triggered
2026-08-21 06:00:00: [2026-08-21T04:00:00.264Z] Fetching data: 2026-08-01 to 2026-08-20 (plus trailing 7d 2026-08-14→2026-08-20)
2026-08-21 06:00:00:   Accounts: act_598233003217290, act_1423425976190315, act_1281838446384778
2026-08-21 06:00:05:   Success! Geo totals:
2026-08-21 06:00:05:     ADU — LA County: $32316.15 / $50000 (64.6%) — 876 leads
2026-08-21 06:00:05:     ADU — Orange County: $15479.28 / $25000 (61.9%) — 209 leads
2026-08-21 06:00:05:     ADU — San Jose: $16558.24 / $25000 (66.2%) — 396 leads
2026-08-21 06:00:05:     Outdoor Program — San Jose: $10379.69 / $15000 (69.2%) — 120 leads
2026-08-21 07:00:00: [CRON] Auto-refresh triggered
2026-08-21 07:00:00: [2026-08-21T05:00:00.459Z] Fetching data: 2026-08-01 to 2026-08-20 (plus trailing 7d 2026-08-14→2026-08-20)
2026-08-21 07:00:00:   Accounts: act_598233003217290, act_1423425976190315, act_1281838446384778
2026-08-21 07:00:05:   Success! Geo totals:
2026-08-21 07:00:05:     ADU — LA County: $32362.04 / $50000 (64.7%) — 878 leads
2026-08-21 07:00:05:     ADU — Orange County: $15532.51 / $25000 (62.1%) — 209 leads
2026-08-21 07:00:05:     ADU — San Jose: $16616.56 / $25000 (66.5%) — 401 leads
2026-08-21 07:00:05:     Outdoor Program — San Jose: $10385.67 / $15000 (69.2%) — 120 leads
2026-08-21 08:00:00: [CRON] Auto-refresh triggered
2026-08-21 08:00:00: [2026-08-21T06:00:00.688Z] Fetching data: 2026-08-01 to 2026-08-20 (plus trailing 7d 2026-08-14→2026-08-20)
2026-08-21 08:00:00:   Accounts: act_598233003217290, act_1423425976190315, act_1281838446384778
2026-08-21 08:00:06:   Success! Geo totals:
2026-08-21 08:00:06:     ADU — LA County: $32393.25 / $50000 (64.8%) — 880 leads
2026-08-21 08:00:06:     ADU — Orange County: $15584.26 / $25000 (62.3%) — 209 leads
2026-08-21 08:00:06:     ADU — San Jose: $16657.30 / $25000 (66.6%) — 401 leads
2026-08-21 08:00:06:     Outdoor Program — San Jose: $10386.71 / $15000 (69.2%) — 120 leads
2026-08-21 08:55:00: [CRON] Daily lead summary triggered
2026-08-21 08:55:03: [DAILY SUMMARY] posted (76 leads / $4541.40) — Slack 200
2026-08-21 09:00:00: [CRON] Auto-refresh triggered
2026-08-21 09:00:00: [2026-08-21T07:00:00.677Z] Fetching data: 2026-08-01 to 2026-08-21 (plus trailing 7d 2026-08-15→2026-08-21)
2026-08-21 09:00:00:   Accounts: act_598233003217290, act_1423425976190315, act_1281838446384778
2026-08-21 09:00:07:   Success! Geo totals:
2026-08-21 09:00:07:     ADU — LA County: $32559.55 / $50000 (65.1%) — 888 leads
2026-08-21 09:00:07:     ADU — Orange County: $15607.74 / $25000 (62.4%) — 209 leads
2026-08-21 09:00:07:     ADU — San Jose: $16673.07 / $25000 (66.7%) — 401 leads
2026-08-21 09:00:07:     Outdoor Program — San Jose: $10460.82 / $15000 (69.7%) — 120 leads
2026-08-21 10:00:00: [CRON] Auto-refresh triggered
2026-08-21 10:00:00: [2026-08-21T08:00:00.899Z] Fetching data: 2026-08-01 to 2026-08-21 (plus trailing 7d 2026-08-15→2026-08-21)
2026-08-21 10:00:00:   Accounts: act_598233003217290, act_1423425976190315, act_1281838446384778
2026-08-21 10:00:06:   Success! Geo totals:
2026-08-21 10:00:06:     ADU — LA County: $32593.75 / $50000 (65.2%) — 889 leads
2026-08-21 10:00:06:     ADU — Orange County: $15624.42 / $25000 (62.5%) — 209 leads
2026-08-21 10:00:06:     ADU — San Jose: $16690.01 / $25000 (66.8%) — 401 leads
2026-08-21 10:00:06:     Outdoor Program — San Jose: $10478.11 / $15000 (69.9%) — 120 leads
2026-08-21 11:00:00: [CRON] Auto-refresh triggered
2026-08-21 11:00:00: [2026-08-21T09:00:00.742Z] Fetching data: 2026-08-01 to 2026-08-21 (plus trailing 7d 2026-08-15→2026-08-21)
2026-08-21 11:00:00:   Accounts: act_598233003217290, act_1423425976190315, act_1281838446384778
2026-08-21 11:00:05:   Success! Geo totals:
2026-08-21 11:00:05:     ADU — LA County: $32616.86 / $50000 (65.2%) — 891 leads
2026-08-21 11:00:05:     ADU — Orange County: $15636.13 / $25000 (62.5%) — 209 leads
2026-08-21 11:00:05:     ADU — San Jose: $16698.66 / $25000 (66.8%) — 402 leads
2026-08-21 11:00:05:     Outdoor Program — San Jose: $10487.69 / $15000 (69.9%) — 122 leads
2026-08-21 12:00:00: [CRON] Auto-refresh triggered
2026-08-21 12:00:00: [2026-08-21T10:00:00.182Z] Fetching data: 2026-08-01 to 2026-08-21 (plus trailing 7d 2026-08-15→2026-08-21)
2026-08-21 12:00:00:   Accounts: act_598233003217290, act_1423425976190315, act_1281838446384778
2026-08-21 12:00:06:   Success! Geo totals:
2026-08-21 12:00:06:     ADU — LA County: $32625.96 / $50000 (65.3%) — 892 leads
2026-08-21 12:00:06:     ADU — Orange County: $15650.20 / $25000 (62.6%) — 209 leads
2026-08-21 12:00:06:     ADU — San Jose: $16710.23 / $25000 (66.8%) — 403 leads
2026-08-21 12:00:06:     Outdoor Program — San Jose: $10495.72 / $15000 (70.0%) — 122 leads
2026-08-21 13:00:00: [CRON] Auto-refresh triggered
2026-08-21 13:00:00: [2026-08-21T11:00:00.262Z] Fetching data: 2026-08-01 to 2026-08-21 (plus trailing 7d 2026-08-15→2026-08-21)
2026-08-21 13:00:00:   Accounts: act_598233003217290, act_1423425976190315, act_1281838446384778
2026-08-21 13:00:05:   Success! Geo totals:
2026-08-21 13:00:05:     ADU — LA County: $32632.81 / $50000 (65.3%) — 892 leads
2026-08-21 13:00:05:     ADU — Orange County: $15657.85 / $25000 (62.6%) — 209 leads
2026-08-21 13:00:05:     ADU — San Jose: $16716.15 / $25000 (66.9%) — 404 leads
2026-08-21 13:00:05:     Outdoor Program — San Jose: $10504.20 / $15000 (70.0%) — 122 leads
2026-08-21 14:00:00: [CRON] Auto-refresh triggered
2026-08-21 14:00:00: [2026-08-21T12:00:00.971Z] Fetching data: 2026-08-01 to 2026-08-21 (plus trailing 7d 2026-08-15→2026-08-21)
2026-08-21 14:00:00:   Accounts: act_598233003217290, act_1423425976190315, act_1281838446384778
2026-08-21 14:00:08:   Success! Geo totals:
2026-08-21 14:00:08:     ADU — LA County: $32644.48 / $50000 (65.3%) — 892 leads
2026-08-21 14:00:08:     ADU — Orange County: $15666.17 / $25000 (62.7%) — 209 leads
2026-08-21 14:00:08:     ADU — San Jose: $16719.89 / $25000 (66.9%) — 404 leads
2026-08-21 14:00:08:     Outdoor Program — San Jose: $10510.86 / $15000 (70.1%) — 122 leads
2026-08-21 15:00:00: [CRON] Auto-refresh triggered
2026-08-21 15:00:00: [2026-08-21T13:00:00.676Z] Fetching data: 2026-08-01 to 2026-08-21 (plus trailing 7d 2026-08-15→2026-08-21)
2026-08-21 15:00:00:   Accounts: act_598233003217290, act_1423425976190315, act_1281838446384778
2026-08-21 15:00:05:   Success! Geo totals:
2026-08-21 15:00:05:     ADU — LA County: $32659.99 / $50000 (65.3%) — 893 leads
2026-08-21 15:00:05:     ADU — Orange County: $15679.72 / $25000 (62.7%) — 209 leads
2026-08-21 15:00:05:     ADU — San Jose: $16727.15 / $25000 (66.9%) — 405 leads
2026-08-21 15:00:05:     Outdoor Program — San Jose: $10518.81 / $15000 (70.1%) — 122 leads
2026-08-21 16:00:00: [CRON] Auto-refresh triggered
2026-08-21 16:00:00: [2026-08-21T14:00:00.654Z] Fetching data: 2026-08-01 to 2026-08-21 (plus trailing 7d 2026-08-15→2026-08-21)
2026-08-21 16:00:00:   Accounts: act_598233003217290, act_1423425976190315, act_1281838446384778
2026-08-21 16:00:05:   Success! Geo totals:
2026-08-21 16:00:05:     ADU — LA County: $32680.33 / $50000 (65.4%) — 893 leads
2026-08-21 16:00:05:     ADU — Orange County: $15697.34 / $25000 (62.8%) — 209 leads
2026-08-21 16:00:05:     ADU — San Jose: $16737.51 / $25000 (67.0%) — 406 leads
2026-08-21 16:00:05:     Outdoor Program — San Jose: $10529.21 / $15000 (70.2%) — 122 leads
2026-08-21 17:00:00: [CRON] Auto-refresh triggered
2026-08-21 17:00:00: [2026-08-21T15:00:00.516Z] Fetching data: 2026-08-01 to 2026-08-21 (plus trailing 7d 2026-08-15→2026-08-21)
2026-08-21 17:00:00:   Accounts: act_598233003217290, act_1423425976190315, act_1281838446384778
2026-08-21 17:00:05:   Success! Geo totals:
2026-08-21 17:00:05:     ADU — LA County: $32715.62 / $50000 (65.4%) — 894 leads
2026-08-21 17:00:05:     ADU — Orange County: $15734.69 / $25000 (62.9%) — 209 leads
2026-08-21 17:00:05:     ADU — San Jose: $16754.98 / $25000 (67.0%) — 406 leads
2026-08-21 17:00:05:     Outdoor Program — San Jose: $10563.44 / $15000 (70.4%) — 123 leads
2026-08-21 18:00:00: [CRON] Auto-refresh triggered
2026-08-21 18:00:00: [2026-08-21T16:00:00.299Z] Fetching data: 2026-08-01 to 2026-08-21 (plus trailing 7d 2026-08-15→2026-08-21)
2026-08-21 18:00:00:   Accounts: act_598233003217290, act_1423425976190315, act_1281838446384778
2026-08-21 18:00:06:   Success! Geo totals:
2026-08-21 18:00:06:     ADU — LA County: $32774.60 / $50000 (65.5%) — 894 leads
2026-08-21 18:00:06:     ADU — Orange County: $15809.99 / $25000 (63.2%) — 210 leads
2026-08-21 18:00:06:     ADU — San Jose: $16776.74 / $25000 (67.1%) — 406 leads
2026-08-21 18:00:06:     Outdoor Program — San Jose: $10592.80 / $15000 (70.6%) — 123 leads
2026-08-21 19:00:00: [CRON] Auto-refresh triggered
2026-08-21 19:00:00: [2026-08-21T17:00:00.237Z] Fetching data: 2026-08-01 to 2026-08-21 (plus trailing 7d 2026-08-15→2026-08-21)
2026-08-21 19:00:00:   Accounts: act_598233003217290, act_1423425976190315, act_1281838446384778
2026-08-21 19:00:05:   Success! Geo totals:
2026-08-21 19:00:05:     ADU — LA County: $32831.44 / $50000 (65.7%) — 896 leads
2026-08-21 19:00:05:     ADU — Orange County: $15880.16 / $25000 (63.5%) — 211 leads
2026-08-21 19:00:05:     ADU — San Jose: $16803.06 / $25000 (67.2%) — 406 leads
2026-08-21 19:00:05:     Outdoor Program — San Jose: $10623.52 / $15000 (70.8%) — 124 leads
2026-08-21 20:00:00: [CRON] Auto-refresh triggered
2026-08-21 20:00:00: [2026-08-21T18:00:00.679Z] Fetching data: 2026-08-01 to 2026-08-21 (plus trailing 7d 2026-08-15→2026-08-21)
2026-08-21 20:00:00:   Accounts: act_598233003217290, act_1423425976190315, act_1281838446384778
2026-08-21 20:00:07:   Success! Geo totals:
2026-08-21 20:00:07:     ADU — LA County: $32896.15 / $50000 (65.8%) — 899 leads
2026-08-21 20:00:07:     ADU — Orange County: $15954.71 / $25000 (63.8%) — 212 leads
2026-08-21 20:00:07:     ADU — San Jose: $16833.89 / $25000 (67.3%) — 406 leads
2026-08-21 20:00:07:     Outdoor Program — San Jose: $10654.74 / $15000 (71.0%) — 124 leads
2026-08-21 21:00:00: [CRON] Auto-refresh triggered
2026-08-21 21:00:00: [2026-08-21T19:00:00.067Z] Fetching data: 2026-08-01 to 2026-08-21 (plus trailing 7d 2026-08-15→2026-08-21)
2026-08-21 21:00:00:   Accounts: act_598233003217290, act_1423425976190315, act_1281838446384778
2026-08-21 21:00:06:   Success! Geo totals:
2026-08-21 21:00:06:     ADU — LA County: $32982.94 / $50000 (66.0%) — 901 leads
2026-08-21 21:00:06:     ADU — Orange County: $16051.43 / $25000 (64.2%) — 214 leads
2026-08-21 21:00:06:     ADU — San Jose: $16874.45 / $25000 (67.5%) — 407 leads
2026-08-21 21:00:06:     Outdoor Program — San Jose: $10692.38 / $15000 (71.3%) — 124 leads
2026-08-21 22:00:00: [CRON] Auto-refresh triggered
2026-08-21 22:00:00: [2026-08-21T20:00:00.928Z] Fetching data: 2026-08-01 to 2026-08-21 (plus trailing 7d 2026-08-15→2026-08-21)
2026-08-21 22:00:00:   Accounts: act_598233003217290, act_1423425976190315, act_1281838446384778
2026-08-21 22:00:10:   Success! Geo totals:
2026-08-21 22:00:10:     ADU — LA County: $33080.06 / $50000 (66.2%) — 903 leads
2026-08-21 22:00:10:     ADU — Orange County: $16143.98 / $25000 (64.6%) — 214 leads
2026-08-21 22:00:10:     ADU — San Jose: $16926.10 / $25000 (67.7%) — 409 leads
2026-08-21 22:00:10:     Outdoor Program — San Jose: $10732.45 / $15000 (71.5%) — 125 leads
2026-08-21 23:00:00: [CRON] Auto-refresh triggered
2026-08-21 23:00:00: [2026-08-21T21:00:00.959Z] Fetching data: 2026-08-01 to 2026-08-21 (plus trailing 7d 2026-08-15→2026-08-21)
2026-08-21 23:00:00:   Accounts: act_598233003217290, act_1423425976190315, act_1281838446384778
2026-08-21 23:00:05:   Success! Geo totals:
2026-08-21 23:00:05:     ADU — LA County: $33167.73 / $50000 (66.3%) — 905 leads
2026-08-21 23:00:05:     ADU — Orange County: $16245.43 / $25000 (65.0%) — 216 leads
2026-08-21 23:00:05:     ADU — San Jose: $16980.95 / $25000 (67.9%) — 410 leads
2026-08-21 23:00:05:     Outdoor Program — San Jose: $10768.69 / $15000 (71.8%) — 125 leads
2026-08-22 00:00:00: [CRON] Auto-refresh triggered
2026-08-22 00:00:00: [2026-08-21T22:00:00.510Z] Fetching data: 2026-08-01 to 2026-08-21 (plus trailing 7d 2026-08-15→2026-08-21)
2026-08-22 00:00:00:   Accounts: act_598233003217290, act_1423425976190315, act_1281838446384778
2026-08-22 00:00:07:   Success! Geo totals:
2026-08-22 00:00:07:     ADU — LA County: $33256.40 / $50000 (66.5%) — 906 leads
2026-08-22 00:00:07:     ADU — Orange County: $16332.03 / $25000 (65.3%) — 216 leads
2026-08-22 00:00:07:     ADU — San Jose: $17037.03 / $25000 (68.1%) — 410 leads
2026-08-22 00:00:07:     Outdoor Program — San Jose: $10814.61 / $15000 (72.1%) — 126 leads
2026-08-22 01:00:00: [CRON] Auto-refresh triggered
2026-08-22 01:00:00: [2026-08-21T23:00:00.825Z] Fetching data: 2026-08-01 to 2026-08-21 (plus trailing 7d 2026-08-15→2026-08-21)
2026-08-22 01:00:00:   Accounts: act_598233003217290, act_1423425976190315, act_1281838446384778
2026-08-22 01:00:06:   Success! Geo totals:
2026-08-22 01:00:06:     ADU — LA County: $33391.89 / $50000 (66.8%) — 908 leads
2026-08-22 01:00:06:     ADU — Orange County: $16441.93 / $25000 (65.8%) — 219 leads
2026-08-22 01:00:06:     ADU — San Jose: $17092.20 / $25000 (68.4%) — 413 leads
2026-08-22 01:00:06:     Outdoor Program — San Jose: $10864.60 / $15000 (72.4%) — 126 leads
2026-08-22 02:00:00: [CRON] Auto-refresh triggered
2026-08-22 02:00:00: [2026-08-22T00:00:00.091Z] Fetching data: 2026-08-01 to 2026-08-21 (plus trailing 7d 2026-08-15→2026-08-21)
2026-08-22 02:00:00:   Accounts: act_598233003217290, act_1423425976190315, act_1281838446384778
2026-08-22 02:00:08:   Success! Geo totals:
2026-08-22 02:00:08:     ADU — LA County: $33548.60 / $50000 (67.1%) — 909 leads
2026-08-22 02:00:08:     ADU — Orange County: $16555.29 / $25000 (66.2%) — 221 leads
2026-08-22 02:00:08:     ADU — San Jose: $17161.71 / $25000 (68.6%) — 413 leads
2026-08-22 02:00:08:     Outdoor Program — San Jose: $10916.02 / $15000 (72.8%) — 126 leads
2026-08-22 03:00:00: [CRON] Auto-refresh triggered
2026-08-22 03:00:00: [2026-08-22T01:00:00.313Z] Fetching data: 2026-08-01 to 2026-08-21 (plus trailing 7d 2026-08-15→2026-08-21)
2026-08-22 03:00:00:   Accounts: act_598233003217290, act_1423425976190315, act_1281838446384778
2026-08-22 03:00:06:   Success! Geo totals:
2026-08-22 03:00:06:     ADU — LA County: $33673.42 / $50000 (67.3%) — 914 leads
2026-08-22 03:00:06:     ADU — Orange County: $16660.86 / $25000 (66.6%) — 224 leads
2026-08-22 03:00:06:     ADU — San Jose: $17234.09 / $25000 (68.9%) — 416 leads
2026-08-22 03:00:06:     Outdoor Program — San Jose: $10976.74 / $15000 (73.2%) — 126 leads
2026-08-22 04:00:00: [CRON] Auto-refresh triggered
2026-08-22 04:00:00: [2026-08-22T02:00:00.827Z] Fetching data: 2026-08-01 to 2026-08-21 (plus trailing 7d 2026-08-15→2026-08-21)
2026-08-22 04:00:00:   Accounts: act_598233003217290, act_1423425976190315, act_1281838446384778
2026-08-22 04:00:06:   Success! Geo totals:
2026-08-22 04:00:06:     ADU — LA County: $33788.45 / $50000 (67.6%) — 917 leads
2026-08-22 04:00:06:     ADU — Orange County: $16745.19 / $25000 (67.0%) — 225 leads
2026-08-22 04:00:06:     ADU — San Jose: $17293.88 / $25000 (69.2%) — 416 leads
2026-08-22 04:00:06:     Outdoor Program — San Jose: $11016.41 / $15000 (73.4%) — 127 leads
2026-08-22 05:00:00: [CRON] Auto-refresh triggered
2026-08-22 05:00:00: [2026-08-22T03:00:00.248Z] Fetching data: 2026-08-01 to 2026-08-21 (plus trailing 7d 2026-08-15→2026-08-21)
2026-08-22 05:00:00:   Accounts: act_598233003217290, act_1423425976190315, act_1281838446384778
2026-08-22 05:00:05:   Success! Geo totals:
2026-08-22 05:00:05:     ADU — LA County: $33897.68 / $50000 (67.8%) — 919 leads
2026-08-22 05:00:05:     ADU — Orange County: $16798.58 / $25000 (67.2%) — 228 leads
2026-08-22 05:00:05:     ADU — San Jose: $17336.46 / $25000 (69.3%) — 418 leads
2026-08-22 05:00:05:     Outdoor Program — San Jose: $11054.03 / $15000 (73.7%) — 127 leads
2026-08-22 06:00:00: [CRON] Auto-refresh triggered
2026-08-22 06:00:00: [2026-08-22T04:00:00.571Z] Fetching data: 2026-08-01 to 2026-08-21 (plus trailing 7d 2026-08-15→2026-08-21)
2026-08-22 06:00:00:   Accounts: act_598233003217290, act_1423425976190315, act_1281838446384778
2026-08-22 06:00:07:   Success! Geo totals:
2026-08-22 06:00:07:     ADU — LA County: $33996.68 / $50000 (68.0%) — 923 leads
2026-08-22 06:00:07:     ADU — Orange County: $16867.24 / $25000 (67.5%) — 229 leads
2026-08-22 06:00:07:     ADU — San Jose: $17389.90 / $25000 (69.6%) — 418 leads
2026-08-22 06:00:07:     Outdoor Program — San Jose: $11083.07 / $15000 (73.9%) — 127 leads
2026-08-22 07:00:00: [CRON] Auto-refresh triggered
2026-08-22 07:00:00: [2026-08-22T05:00:00.614Z] Fetching data: 2026-08-01 to 2026-08-21 (plus trailing 7d 2026-08-15→2026-08-21)
2026-08-22 07:00:00:   Accounts: act_598233003217290, act_1423425976190315, act_1281838446384778
2026-08-22 07:00:05:   Success! Geo totals:
2026-08-22 07:00:05:     ADU — LA County: $34042.11 / $50000 (68.1%) — 924 leads
2026-08-22 07:00:05:     ADU — Orange County: $16936.79 / $25000 (67.7%) — 230 leads
2026-08-22 07:00:05:     ADU — San Jose: $17435.79 / $25000 (69.7%) — 419 leads
2026-08-22 07:00:05:     Outdoor Program — San Jose: $11092.66 / $15000 (74.0%) — 127 leads
2026-08-22 08:00:00: [CRON] Auto-refresh triggered
2026-08-22 08:00:00: [2026-08-22T06:00:00.076Z] Fetching data: 2026-08-01 to 2026-08-21 (plus trailing 7d 2026-08-15→2026-08-21)
2026-08-22 08:00:00:   Accounts: act_598233003217290, act_1423425976190315, act_1281838446384778
2026-08-22 08:00:04:   Success! Geo totals:
2026-08-22 08:00:04:     ADU — LA County: $34074.91 / $50000 (68.1%) — 924 leads
2026-08-22 08:00:04:     ADU — Orange County: $16997.38 / $25000 (68.0%) — 232 leads
2026-08-22 08:00:04:     ADU — San Jose: $17485.80 / $25000 (69.9%) — 421 leads
2026-08-22 08:00:04:     Outdoor Program — San Jose: $11096.46 / $15000 (74.0%) — 127 leads
2026-08-22 08:55:00: [CRON] Daily lead summary triggered
2026-08-22 08:55:04: [DAILY SUMMARY] posted (95 leads / $4664.47) — Slack 200
2026-08-22 09:00:00: [CRON] Auto-refresh triggered
2026-08-22 09:00:00: [2026-08-22T07:00:00.085Z] Fetching data: 2026-08-01 to 2026-08-22 (plus trailing 7d 2026-08-16→2026-08-22)
2026-08-22 09:00:00:   Accounts: act_598233003217290, act_1423425976190315, act_1281838446384778
2026-08-22 09:00:07:   Success! Geo totals:
2026-08-22 09:00:07:     ADU — LA County: $34231.52 / $50000 (68.5%) — 930 leads
2026-08-22 09:00:07:     ADU — Orange County: $17059.85 / $25000 (68.2%) — 232 leads
2026-08-22 09:00:07:     ADU — San Jose: $17528.62 / $25000 (70.1%) — 422 leads
2026-08-22 09:00:07:     Outdoor Program — San Jose: $11177.61 / $15000 (74.5%) — 131 leads
2026-08-22 10:00:00: [CRON] Auto-refresh triggered
2026-08-22 10:00:00: [2026-08-22T08:00:00.666Z] Fetching data: 2026-08-01 to 2026-08-22 (plus trailing 7d 2026-08-16→2026-08-22)
2026-08-22 10:00:00:   Accounts: act_598233003217290, act_1423425976190315, act_1281838446384778
2026-08-22 10:00:05:   Success! Geo totals:
2026-08-22 10:00:05:     ADU — LA County: $34265.62 / $50000 (68.5%) — 931 leads
2026-08-22 10:00:05:     ADU — Orange County: $17095.55 / $25000 (68.4%) — 233 leads
2026-08-22 10:00:05:     ADU — San Jose: $17545.53 / $25000 (70.2%) — 423 leads
2026-08-22 10:00:05:     Outdoor Program — San Jose: $11197.80 / $15000 (74.7%) — 131 leads
2026-08-22 11:00:00: [CRON] Auto-refresh triggered
2026-08-22 11:00:00: [2026-08-22T09:00:00.264Z] Fetching data: 2026-08-01 to 2026-08-22 (plus trailing 7d 2026-08-16→2026-08-22)
2026-08-22 11:00:00:   Accounts: act_598233003217290, act_1423425976190315, act_1281838446384778
2026-08-22 11:00:04:   Success! Geo totals:
2026-08-22 11:00:04:     ADU — LA County: $34294.27 / $50000 (68.6%) — 931 leads
2026-08-22 11:00:04:     ADU — Orange County: $17116.31 / $25000 (68.5%) — 234 leads
2026-08-22 11:00:04:     ADU — San Jose: $17557.92 / $25000 (70.2%) — 423 leads
2026-08-22 11:00:04:     Outdoor Program — San Jose: $11213.17 / $15000 (74.8%) — 131 leads
2026-08-22 12:00:00: [CRON] Auto-refresh triggered
2026-08-22 12:00:00: [2026-08-22T10:00:00.035Z] Fetching data: 2026-08-01 to 2026-08-22 (plus trailing 7d 2026-08-16→2026-08-22)
2026-08-22 12:00:00:   Accounts: act_598233003217290, act_1423425976190315, act_1281838446384778
2026-08-22 12:00:04:   Success! Geo totals:
2026-08-22 12:00:04:     ADU — LA County: $34310.21 / $50000 (68.6%) — 932 leads
2026-08-22 12:00:04:     ADU — Orange County: $17131.88 / $25000 (68.5%) — 234 leads
2026-08-22 12:00:04:     ADU — San Jose: $17565.34 / $25000 (70.3%) — 423 leads
2026-08-22 12:00:04:     Outdoor Program — San Jose: $11223.70 / $15000 (74.8%) — 132 leads
2026-08-22 13:00:00: [CRON] Auto-refresh triggered
2026-08-22 13:00:00: [2026-08-22T11:00:00.751Z] Fetching data: 2026-08-01 to 2026-08-22 (plus trailing 7d 2026-08-16→2026-08-22)
2026-08-22 13:00:00:   Accounts: act_598233003217290, act_1423425976190315, act_1281838446384778
2026-08-22 13:00:04:   Success! Geo totals:
2026-08-22 13:00:04:     ADU — LA County: $34328.35 / $50000 (68.7%) — 933 leads
2026-08-22 13:00:04:     ADU — Orange County: $17140.93 / $25000 (68.6%) — 236 leads
2026-08-22 13:00:04:     ADU — San Jose: $17570.00 / $25000 (70.3%) — 423 leads
2026-08-22 13:00:04:     Outdoor Program — San Jose: $11232.28 / $15000 (74.9%) — 133 leads
2026-08-22 14:00:00: [CRON] Auto-refresh triggered
2026-08-22 14:00:00: [2026-08-22T12:00:00.270Z] Fetching data: 2026-08-01 to 2026-08-22 (plus trailing 7d 2026-08-16→2026-08-22)
2026-08-22 14:00:00:   Accounts: act_598233003217290, act_1423425976190315, act_1281838446384778
2026-08-22 14:00:05:   Success! Geo totals:
2026-08-22 14:00:05:     ADU — LA County: $34345.55 / $50000 (68.7%) — 934 leads
2026-08-22 14:00:05:     ADU — Orange County: $17157.15 / $25000 (68.6%) — 236 leads
2026-08-22 14:00:05:     ADU — San Jose: $17574.80 / $25000 (70.3%) — 423 leads
2026-08-22 14:00:05:     Outdoor Program — San Jose: $11243.26 / $15000 (75.0%) — 133 leads
2026-08-22 15:00:00: [CRON] Auto-refresh triggered
2026-08-22 15:00:00: [2026-08-22T13:00:00.291Z] Fetching data: 2026-08-01 to 2026-08-22 (plus trailing 7d 2026-08-16→2026-08-22)
2026-08-22 15:00:00:   Accounts: act_598233003217290, act_1423425976190315, act_1281838446384778
2026-08-22 15:00:04:   Success! Geo totals:
2026-08-22 15:00:04:     ADU — LA County: $34370.44 / $50000 (68.7%) — 934 leads
2026-08-22 15:00:04:     ADU — Orange County: $17179.03 / $25000 (68.7%) — 236 leads
2026-08-22 15:00:04:     ADU — San Jose: $17584.31 / $25000 (70.3%) — 424 leads
2026-08-22 15:00:04:     Outdoor Program — San Jose: $11250.85 / $15000 (75.0%) — 133 leads
2026-08-22 16:00:00: [CRON] Auto-refresh triggered
2026-08-22 16:00:00: [2026-08-22T14:00:00.697Z] Fetching data: 2026-08-01 to 2026-08-22 (plus trailing 7d 2026-08-16→2026-08-22)
2026-08-22 16:00:00:   Accounts: act_598233003217290, act_1423425976190315, act_1281838446384778
2026-08-22 16:00:05:   Success! Geo totals:
2026-08-22 16:00:05:     ADU — LA County: $34453.65 / $50000 (68.9%) — 936 leads
2026-08-22 16:00:05:     ADU — Orange County: $17237.28 / $25000 (68.9%) — 236 leads
2026-08-22 16:00:05:     ADU — San Jose: $17611.64 / $25000 (70.4%) — 425 leads
2026-08-22 16:00:05:     Outdoor Program — San Jose: $11293.15 / $15000 (75.3%) — 133 leads
2026-08-22 17:00:00: [CRON] Auto-refresh triggered
2026-08-22 17:00:00: [2026-08-22T15:00:00.032Z] Fetching data: 2026-08-01 to 2026-08-22 (plus trailing 7d 2026-08-16→2026-08-22)
2026-08-22 17:00:00:   Accounts: act_598233003217290, act_1423425976190315, act_1281838446384778
2026-08-22 17:00:05:   Success! Geo totals:
2026-08-22 17:00:05:     ADU — LA County: $34546.52 / $50000 (69.1%) — 936 leads
2026-08-22 17:00:05:     ADU — Orange County: $17323.83 / $25000 (69.3%) — 238 leads
2026-08-22 17:00:05:     ADU — San Jose: $17655.19 / $25000 (70.6%) — 426 leads
2026-08-22 17:00:05:     Outdoor Program — San Jose: $11342.17 / $15000 (75.6%) — 133 leads
2026-08-22 18:00:00: [CRON] Auto-refresh triggered
2026-08-22 18:00:00: [2026-08-22T16:00:00.503Z] Fetching data: 2026-08-01 to 2026-08-22 (plus trailing 7d 2026-08-16→2026-08-22)
2026-08-22 18:00:00:   Accounts: act_598233003217290, act_1423425976190315, act_1281838446384778
2026-08-22 18:00:05:   Success! Geo totals:
2026-08-22 18:00:05:     ADU — LA County: $34673.82 / $50000 (69.3%) — 939 leads
2026-08-22 18:00:05:     ADU — Orange County: $17431.20 / $25000 (69.7%) — 239 leads
2026-08-22 18:00:05:     ADU — San Jose: $17716.69 / $25000 (70.9%) — 429 leads
2026-08-22 18:00:05:     Outdoor Program — San Jose: $11412.31 / $15000 (76.1%) — 133 leads
2026-08-22 19:00:00: [CRON] Auto-refresh triggered
2026-08-22 19:00:00: [2026-08-22T17:00:00.793Z] Fetching data: 2026-08-01 to 2026-08-22 (plus trailing 7d 2026-08-16→2026-08-22)
2026-08-22 19:00:00:   Accounts: act_598233003217290, act_1423425976190315, act_1281838446384778
2026-08-22 19:00:05:   Success! Geo totals:
2026-08-22 19:00:05:     ADU — LA County: $34787.01 / $50000 (69.6%) — 940 leads
2026-08-22 19:00:05:     ADU — Orange County: $17540.04 / $25000 (70.2%) — 239 leads
2026-08-22 19:00:05:     ADU — San Jose: $17772.12 / $25000 (71.1%) — 429 leads
2026-08-22 19:00:05:     Outdoor Program — San Jose: $11460.01 / $15000 (76.4%) — 133 leads
2026-08-22 20:00:00: [CRON] Auto-refresh triggered
2026-08-22 20:00:00: [2026-08-22T18:00:00.618Z] Fetching data: 2026-08-01 to 2026-08-22 (plus trailing 7d 2026-08-16→2026-08-22)
2026-08-22 20:00:00:   Accounts: act_598233003217290, act_1423425976190315, act_1281838446384778
2026-08-22 20:00:05:   Success! Geo totals:
2026-08-22 20:00:05:     ADU — LA County: $34903.26 / $50000 (69.8%) — 945 leads
2026-08-22 20:00:05:     ADU — Orange County: $17647.49 / $25000 (70.6%) — 242 leads
2026-08-22 20:00:05:     ADU — San Jose: $17829.71 / $25000 (71.3%) — 429 leads
2026-08-22 20:00:05:     Outdoor Program — San Jose: $11512.38 / $15000 (76.7%) — 133 leads
2026-08-22 21:00:00: [CRON] Auto-refresh triggered
2026-08-22 21:00:00: [2026-08-22T19:00:00.698Z] Fetching data: 2026-08-01 to 2026-08-22 (plus trailing 7d 2026-08-16→2026-08-22)
2026-08-22 21:00:00:   Accounts: act_598233003217290, act_1423425976190315, act_1281838446384778
2026-08-22 21:00:05:   Success! Geo totals:
2026-08-22 21:00:05:     ADU — LA County: $34998.97 / $50000 (70.0%) — 946 leads
2026-08-22 21:00:05:     ADU — Orange County: $17741.36 / $25000 (71.0%) — 244 leads
2026-08-22 21:00:05:     ADU — San Jose: $17882.89 / $25000 (71.5%) — 430 leads
2026-08-22 21:00:05:     Outdoor Program — San Jose: $11567.55 / $15000 (77.1%) — 134 leads
2026-08-22 22:00:00: [CRON] Auto-refresh triggered
2026-08-22 22:00:00: [2026-08-22T20:00:00.319Z] Fetching data: 2026-08-01 to 2026-08-22 (plus trailing 7d 2026-08-16→2026-08-22)
2026-08-22 22:00:00:   Accounts: act_598233003217290, act_1423425976190315, act_1281838446384778
2026-08-22 22:00:05:   Success! Geo totals:
2026-08-22 22:00:05:     ADU — LA County: $35084.32 / $50000 (70.2%) — 949 leads
2026-08-22 22:00:05:     ADU — Orange County: $17838.99 / $25000 (71.4%) — 246 leads
2026-08-22 22:00:05:     ADU — San Jose: $17943.65 / $25000 (71.8%) — 432 leads
2026-08-22 22:00:05:     Outdoor Program — San Jose: $11611.59 / $15000 (77.4%) — 136 leads
2026-08-22 23:00:00: [CRON] Auto-refresh triggered
2026-08-22 23:00:00: [2026-08-22T21:00:00.556Z] Fetching data: 2026-08-01 to 2026-08-22 (plus trailing 7d 2026-08-16→2026-08-22)
2026-08-22 23:00:00:   Accounts: act_598233003217290, act_1423425976190315, act_1281838446384778
2026-08-22 23:00:05:   Success! Geo totals:
2026-08-22 23:00:05:     ADU — LA County: $35173.15 / $50000 (70.3%) — 951 leads
2026-08-22 23:00:05:     ADU — Orange County: $17927.20 / $25000 (71.7%) — 246 leads
2026-08-22 23:00:05:     ADU — San Jose: $18001.15 / $25000 (72.0%) — 433 leads
2026-08-22 23:00:05:     Outdoor Program — San Jose: $11659.64 / $15000 (77.7%) — 136 leads
2026-08-23 00:00:00: [CRON] Auto-refresh triggered
2026-08-23 00:00:00: [2026-08-22T22:00:00.413Z] Fetching data: 2026-08-01 to 2026-08-22 (plus trailing 7d 2026-08-16→2026-08-22)
2026-08-23 00:00:00:   Accounts: act_598233003217290, act_1423425976190315, act_1281838446384778
2026-08-23 00:00:06:   Success! Geo totals:
2026-08-23 00:00:06:     ADU — LA County: $35262.45 / $50000 (70.5%) — 953 leads
2026-08-23 00:00:06:     ADU — Orange County: $18009.64 / $25000 (72.0%) — 246 leads
2026-08-23 00:00:06:     ADU — San Jose: $18053.82 / $25000 (72.2%) — 436 leads
2026-08-23 00:00:06:     Outdoor Program — San Jose: $11709.94 / $15000 (78.1%) — 137 leads
2026-08-23 01:00:00: [CRON] Auto-refresh triggered
2026-08-23 01:00:00: [2026-08-22T23:00:00.912Z] Fetching data: 2026-08-01 to 2026-08-22 (plus trailing 7d 2026-08-16→2026-08-22)
2026-08-23 01:00:00:   Accounts: act_598233003217290, act_1423425976190315, act_1281838446384778
2026-08-23 01:00:04:   Success! Geo totals:
2026-08-23 01:00:04:     ADU — LA County: $35360.06 / $50000 (70.7%) — 958 leads
2026-08-23 01:00:04:     ADU — Orange County: $18102.38 / $25000 (72.4%) — 249 leads
2026-08-23 01:00:04:     ADU — San Jose: $18104.72 / $25000 (72.4%) — 437 leads
2026-08-23 01:00:04:     Outdoor Program — San Jose: $11754.27 / $15000 (78.4%) — 139 leads
2026-08-23 02:00:00: [CRON] Auto-refresh triggered
2026-08-23 02:00:00: [2026-08-23T00:00:00.471Z] Fetching data: 2026-08-01 to 2026-08-22 (plus trailing 7d 2026-08-16→2026-08-22)
2026-08-23 02:00:00:   Accounts: act_598233003217290, act_1423425976190315, act_1281838446384778
2026-08-23 02:00:05:   Success! Geo totals:
2026-08-23 02:00:05:     ADU — LA County: $35443.01 / $50000 (70.9%) — 960 leads
2026-08-23 02:00:05:     ADU — Orange County: $18184.22 / $25000 (72.7%) — 251 leads
2026-08-23 02:00:05:     ADU — San Jose: $18154.77 / $25000 (72.6%) — 440 leads
2026-08-23 02:00:05:     Outdoor Program — San Jose: $11784.20 / $15000 (78.6%) — 139 leads
2026-08-23 03:00:00: [CRON] Auto-refresh triggered
2026-08-23 03:00:00: [2026-08-23T01:00:00.247Z] Fetching data: 2026-08-01 to 2026-08-22 (plus trailing 7d 2026-08-16→2026-08-22)
2026-08-23 03:00:00:   Accounts: act_598233003217290, act_1423425976190315, act_1281838446384778
2026-08-23 03:00:04:   Success! Geo totals:
2026-08-23 03:00:04:     ADU — LA County: $35497.66 / $50000 (71.0%) — 963 leads
2026-08-23 03:00:04:     ADU — Orange County: $18235.86 / $25000 (72.9%) — 252 leads
2026-08-23 03:00:04:     ADU — San Jose: $18194.56 / $25000 (72.8%) — 441 leads
2026-08-23 03:00:04:     Outdoor Program — San Jose: $11818.52 / $15000 (78.8%) — 139 leads
2026-08-23 04:00:00: [CRON] Auto-refresh triggered
2026-08-23 04:00:00: [2026-08-23T02:00:00.775Z] Fetching data: 2026-08-01 to 2026-08-22 (plus trailing 7d 2026-08-16→2026-08-22)
2026-08-23 04:00:00:   Accounts: act_598233003217290, act_1423425976190315, act_1281838446384778
2026-08-23 04:00:06:   Success! Geo totals:
2026-08-23 04:00:06:     ADU — LA County: $35552.53 / $50000 (71.1%) — 965 leads
2026-08-23 04:00:06:     ADU — Orange County: $18287.48 / $25000 (73.1%) — 252 leads
2026-08-23 04:00:06:     ADU — San Jose: $18223.98 / $25000 (72.9%) — 442 leads
2026-08-23 04:00:06:     Outdoor Program — San Jose: $11851.44 / $15000 (79.0%) — 139 leads
2026-08-23 05:00:00: [CRON] Auto-refresh triggered
2026-08-23 05:00:00: [2026-08-23T03:00:00.198Z] Fetching data: 2026-08-01 to 2026-08-22 (plus trailing 7d 2026-08-16→2026-08-22)
2026-08-23 05:00:00:   Accounts: act_598233003217290, act_1423425976190315, act_1281838446384778
2026-08-23 05:00:06:   Success! Geo totals:
2026-08-23 05:00:06:     ADU — LA County: $35587.34 / $50000 (71.2%) — 965 leads
2026-08-23 05:00:06:     ADU — Orange County: $18329.97 / $25000 (73.3%) — 252 leads
2026-08-23 05:00:06:     ADU — San Jose: $18244.30 / $25000 (73.0%) — 443 leads
2026-08-23 05:00:06:     Outdoor Program — San Jose: $11868.51 / $15000 (79.1%) — 140 leads
2026-08-23 06:00:00: [CRON] Auto-refresh triggered
2026-08-23 06:00:00: [2026-08-23T04:00:00.674Z] Fetching data: 2026-08-01 to 2026-08-22 (plus trailing 7d 2026-08-16→2026-08-22)
2026-08-23 06:00:00:   Accounts: act_598233003217290, act_1423425976190315, act_1281838446384778
2026-08-23 06:00:05:   Success! Geo totals:
2026-08-23 06:00:05:     ADU — LA County: $35616.56 / $50000 (71.2%) — 966 leads
2026-08-23 06:00:05:     ADU — Orange County: $18375.85 / $25000 (73.5%) — 252 leads
2026-08-23 06:00:05:     ADU — San Jose: $18266.94 / $25000 (73.1%) — 443 leads
2026-08-23 06:00:05:     Outdoor Program — San Jose: $11874.77 / $15000 (79.2%) — 140 leads
2026-08-23 07:00:00: [CRON] Auto-refresh triggered
2026-08-23 07:00:00: [2026-08-23T05:00:00.174Z] Fetching data: 2026-08-01 to 2026-08-22 (plus trailing 7d 2026-08-16→2026-08-22)
2026-08-23 07:00:00:   Accounts: act_598233003217290, act_1423425976190315, act_1281838446384778
2026-08-23 07:00:04:   Success! Geo totals:
2026-08-23 07:00:04:     ADU — LA County: $35629.50 / $50000 (71.3%) — 967 leads
2026-08-23 07:00:04:     ADU — Orange County: $18409.28 / $25000 (73.6%) — 255 leads
2026-08-23 07:00:04:     ADU — San Jose: $18292.36 / $25000 (73.2%) — 443 leads
2026-08-23 07:00:04:     Outdoor Program — San Jose: $11875.56 / $15000 (79.2%) — 140 leads
2026-08-23 08:00:00: [CRON] Auto-refresh triggered
2026-08-23 08:00:00: [2026-08-23T06:00:00.715Z] Fetching data: 2026-08-01 to 2026-08-22 (plus trailing 7d 2026-08-16→2026-08-22)
2026-08-23 08:00:00:   Accounts: act_598233003217290, act_1423425976190315, act_1281838446384778
2026-08-23 08:00:05:   Success! Geo totals:
2026-08-23 08:00:05:     ADU — LA County: $35641.59 / $50000 (71.3%) — 967 leads
2026-08-23 08:00:05:     ADU — Orange County: $18452.08 / $25000 (73.8%) — 256 leads
2026-08-23 08:00:05:     ADU — San Jose: $18315.40 / $25000 (73.3%) — 444 leads
2026-08-23 08:00:05:     Outdoor Program — San Jose: $11875.65 / $15000 (79.2%) — 140 leads
2026-08-23 08:55:00: [CRON] Daily lead summary triggered
2026-08-23 08:55:03: [DAILY SUMMARY] posted (99 leads / $4507.11) — Slack 200
2026-08-23 09:00:00: [CRON] Auto-refresh triggered
2026-08-23 09:00:00: [2026-08-23T07:00:00.080Z] Fetching data: 2026-08-01 to 2026-08-23 (plus trailing 7d 2026-08-17→2026-08-23)
2026-08-23 09:00:00:   Accounts: act_598233003217290, act_1423425976190315, act_1281838446384778
2026-08-23 09:00:04:   Success! Geo totals:
2026-08-23 09:00:04:     ADU — LA County: $35921.67 / $50000 (71.8%) — 970 leads
2026-08-23 09:00:04:     ADU — Orange County: $18475.86 / $25000 (73.9%) — 256 leads
2026-08-23 09:00:04:     ADU — San Jose: $18328.23 / $25000 (73.3%) — 444 leads
2026-08-23 09:00:04:     Outdoor Program — San Jose: $12051.85 / $15000 (80.3%) — 140 leads
2026-08-23 09:00:05:   Slack alert sent
2026-08-23 10:00:00: [CRON] Auto-refresh triggered
2026-08-23 10:00:00: [2026-08-23T08:00:00.336Z] Fetching data: 2026-08-01 to 2026-08-23 (plus trailing 7d 2026-08-17→2026-08-23)
2026-08-23 10:00:00:   Accounts: act_598233003217290, act_1423425976190315, act_1281838446384778
2026-08-23 10:00:08:   Success! Geo totals:
2026-08-23 10:00:08:     ADU — LA County: $35971.01 / $50000 (71.9%) — 971 leads
2026-08-23 10:00:08:     ADU — Orange County: $18500.89 / $25000 (74.0%) — 257 leads
2026-08-23 10:00:08:     ADU — San Jose: $18355.02 / $25000 (73.4%) — 445 leads
2026-08-23 10:00:08:     Outdoor Program — San Jose: $12072.63 / $15000 (80.5%) — 141 leads
2026-08-23 10:00:08:   Slack alert sent
2026-08-23 11:00:00: [CRON] Auto-refresh triggered
2026-08-23 11:00:00: [2026-08-23T09:00:00.722Z] Fetching data: 2026-08-01 to 2026-08-23 (plus trailing 7d 2026-08-17→2026-08-23)
2026-08-23 11:00:00:   Accounts: act_598233003217290, act_1423425976190315, act_1281838446384778
2026-08-23 11:00:05:   Success! Geo totals:
2026-08-23 11:00:05:     ADU — LA County: $36007.89 / $50000 (72.0%) — 972 leads
2026-08-23 11:00:05:     ADU — Orange County: $18525.71 / $25000 (74.1%) — 259 leads
2026-08-23 11:00:05:     ADU — San Jose: $18380.73 / $25000 (73.5%) — 445 leads
2026-08-23 11:00:05:     Outdoor Program — San Jose: $12092.61 / $15000 (80.6%) — 141 leads
2026-08-23 11:00:05:   Slack alert sent
2026-08-23 12:00:00: [CRON] Auto-refresh triggered
2026-08-23 12:00:00: [2026-08-23T10:00:00.605Z] Fetching data: 2026-08-01 to 2026-08-23 (plus trailing 7d 2026-08-17→2026-08-23)
2026-08-23 12:00:00:   Accounts: act_598233003217290, act_1423425976190315, act_1281838446384778
2026-08-23 12:00:06:   Success! Geo totals:
2026-08-23 12:00:06:     ADU — LA County: $36025.36 / $50000 (72.1%) — 973 leads
2026-08-23 12:00:06:     ADU — Orange County: $18542.85 / $25000 (74.2%) — 259 leads
2026-08-23 12:00:06:     ADU — San Jose: $18397.06 / $25000 (73.6%) — 447 leads
2026-08-23 12:00:06:     Outdoor Program — San Jose: $12102.34 / $15000 (80.7%) — 141 leads
2026-08-23 12:00:06:   Slack alert sent
2026-08-23 13:00:00: [CRON] Auto-refresh triggered
2026-08-23 13:00:00: [2026-08-23T11:00:00.798Z] Fetching data: 2026-08-01 to 2026-08-23 (plus trailing 7d 2026-08-17→2026-08-23)
2026-08-23 13:00:00:   Accounts: act_598233003217290, act_1423425976190315, act_1281838446384778
2026-08-23 13:00:05:   Success! Geo totals:
2026-08-23 13:00:05:     ADU — LA County: $36037.71 / $50000 (72.1%) — 973 leads
2026-08-23 13:00:05:     ADU — Orange County: $18560.86 / $25000 (74.2%) — 259 leads
2026-08-23 13:00:05:     ADU — San Jose: $18402.13 / $25000 (73.6%) — 447 leads
2026-08-23 13:00:05:     Outdoor Program — San Jose: $12109.71 / $15000 (80.7%) — 141 leads
2026-08-23 13:00:05:   Slack alert sent
2026-08-23 14:00:00: [CRON] Auto-refresh triggered
2026-08-23 14:00:00: [2026-08-23T12:00:00.691Z] Fetching data: 2026-08-01 to 2026-08-23 (plus trailing 7d 2026-08-17→2026-08-23)
2026-08-23 14:00:00:   Accounts: act_598233003217290, act_1423425976190315, act_1281838446384778
2026-08-23 14:00:06:   Success! Geo totals:
2026-08-23 14:00:06:     ADU — LA County: $36048.13 / $50000 (72.1%) — 974 leads
2026-08-23 14:00:06:     ADU — Orange County: $18576.82 / $25000 (74.3%) — 259 leads
2026-08-23 14:00:06:     ADU — San Jose: $18406.06 / $25000 (73.6%) — 447 leads
2026-08-23 14:00:06:     Outdoor Program — San Jose: $12118.97 / $15000 (80.8%) — 141 leads
2026-08-23 14:00:06:   Slack alert sent
2026-08-23 15:00:00: [CRON] Auto-refresh triggered
2026-08-23 15:00:00: [2026-08-23T13:00:00.444Z] Fetching data: 2026-08-01 to 2026-08-23 (plus trailing 7d 2026-08-17→2026-08-23)
2026-08-23 15:00:00:   Accounts: act_598233003217290, act_1423425976190315, act_1281838446384778
2026-08-23 15:00:05:   Success! Geo totals:
2026-08-23 15:00:05:     ADU — LA County: $36067.37 / $50000 (72.1%) — 974 leads
2026-08-23 15:00:05:     ADU — Orange County: $18589.20 / $25000 (74.4%) — 261 leads
2026-08-23 15:00:05:     ADU — San Jose: $18414.04 / $25000 (73.7%) — 447 leads
2026-08-23 15:00:05:     Outdoor Program — San Jose: $12127.53 / $15000 (80.9%) — 141 leads
2026-08-23 15:00:05:   Slack alert sent
2026-08-23 16:00:00: [CRON] Auto-refresh triggered
2026-08-23 16:00:00: [2026-08-23T14:00:00.641Z] Fetching data: 2026-08-01 to 2026-08-23 (plus trailing 7d 2026-08-17→2026-08-23)
2026-08-23 16:00:00:   Accounts: act_598233003217290, act_1423425976190315, act_1281838446384778
2026-08-23 16:00:06:   Success! Geo totals:
2026-08-23 16:00:06:     ADU — LA County: $36125.22 / $50000 (72.3%) — 975 leads
2026-08-23 16:00:06:     ADU — Orange County: $18623.03 / $25000 (74.5%) — 262 leads
2026-08-23 16:00:06:     ADU — San Jose: $18431.02 / $25000 (73.7%) — 447 leads
2026-08-23 16:00:06:     Outdoor Program — San Jose: $12143.77 / $15000 (81.0%) — 141 leads
2026-08-23 16:00:06:   Slack alert sent
2026-08-23 17:00:00: [CRON] Auto-refresh triggered
2026-08-23 17:00:00: [2026-08-23T15:00:00.085Z] Fetching data: 2026-08-01 to 2026-08-23 (plus trailing 7d 2026-08-17→2026-08-23)
2026-08-23 17:00:00:   Accounts: act_598233003217290, act_1423425976190315, act_1281838446384778
2026-08-23 17:00:05:   Success! Geo totals:
2026-08-23 17:00:05:     ADU — LA County: $36213.05 / $50000 (72.4%) — 975 leads
2026-08-23 17:00:05:     ADU — Orange County: $18684.11 / $25000 (74.7%) — 263 leads
2026-08-23 17:00:05:     ADU — San Jose: $18464.69 / $25000 (73.9%) — 447 leads
2026-08-23 17:00:05:     Outdoor Program — San Jose: $12183.70 / $15000 (81.2%) — 142 leads
2026-08-23 17:00:05:   Slack alert sent
2026-08-23 18:00:00: [CRON] Auto-refresh triggered
2026-08-23 18:00:00: [2026-08-23T16:00:00.079Z] Fetching data: 2026-08-01 to 2026-08-23 (plus trailing 7d 2026-08-17→2026-08-23)
2026-08-23 18:00:00:   Accounts: act_598233003217290, act_1423425976190315, act_1281838446384778
2026-08-23 18:00:04:   Success! Geo totals:
2026-08-23 18:00:04:     ADU — LA County: $36306.74 / $50000 (72.6%) — 979 leads
2026-08-23 18:00:04:     ADU — Orange County: $18738.60 / $25000 (75.0%) — 263 leads
2026-08-23 18:00:04:     ADU — San Jose: $18507.76 / $25000 (74.0%) — 447 leads
2026-08-23 18:00:04:     Outdoor Program — San Jose: $12227.69 / $15000 (81.5%) — 142 leads
2026-08-23 18:00:04:   Slack alert sent
2026-08-23 19:00:00: [CRON] Auto-refresh triggered
2026-08-23 19:00:00: [2026-08-23T17:00:00.966Z] Fetching data: 2026-08-01 to 2026-08-23 (plus trailing 7d 2026-08-17→2026-08-23)
2026-08-23 19:00:00:   Accounts: act_598233003217290, act_1423425976190315, act_1281838446384778
2026-08-23 19:00:06:   Success! Geo totals:
2026-08-23 19:00:06:     ADU — LA County: $36404.81 / $50000 (72.8%) — 980 leads
2026-08-23 19:00:06:     ADU — Orange County: $18798.80 / $25000 (75.2%) — 265 leads
2026-08-23 19:00:06:     ADU — San Jose: $18566.40 / $25000 (74.3%) — 449 leads
2026-08-23 19:00:06:     Outdoor Program — San Jose: $12274.00 / $15000 (81.8%) — 143 leads
2026-08-23 19:00:06:   Slack alert sent
2026-08-23 20:00:00: [CRON] Auto-refresh triggered
2026-08-23 20:00:00: [2026-08-23T18:00:00.697Z] Fetching data: 2026-08-01 to 2026-08-23 (plus trailing 7d 2026-08-17→2026-08-23)
2026-08-23 20:00:00:   Accounts: act_598233003217290, act_1423425976190315, act_1281838446384778
2026-08-23 20:00:05:   Success! Geo totals:
2026-08-23 20:00:05:     ADU — LA County: $36530.01 / $50000 (73.1%) — 984 leads
2026-08-23 20:00:05:     ADU — Orange County: $18871.24 / $25000 (75.5%) — 266 leads
2026-08-23 20:00:05:     ADU — San Jose: $18630.88 / $25000 (74.5%) — 450 leads
2026-08-23 20:00:05:     Outdoor Program — San Jose: $12311.99 / $15000 (82.1%) — 144 leads
2026-08-23 20:00:06:   Slack alert sent
2026-08-23 21:00:00: [CRON] Auto-refresh triggered
2026-08-23 21:00:00: [2026-08-23T19:00:00.247Z] Fetching data: 2026-08-01 to 2026-08-23 (plus trailing 7d 2026-08-17→2026-08-23)
2026-08-23 21:00:00:   Accounts: act_598233003217290, act_1423425976190315, act_1281838446384778
2026-08-23 21:00:04:   Success! Geo totals:
2026-08-23 21:00:04:     ADU — LA County: $36669.78 / $50000 (73.3%) — 987 leads
2026-08-23 21:00:04:     ADU — Orange County: $19080.74 / $25000 (76.3%) — 268 leads
2026-08-23 21:00:04:     ADU — San Jose: $18720.31 / $25000 (74.9%) — 451 leads
2026-08-23 21:00:04:     Outdoor Program — San Jose: $12349.50 / $15000 (82.3%) — 146 leads
2026-08-23 21:00:04:   Slack alert sent
2026-08-23 22:00:00: [CRON] Auto-refresh triggered
2026-08-23 22:00:00: [2026-08-23T20:00:00.300Z] Fetching data: 2026-08-01 to 2026-08-23 (plus trailing 7d 2026-08-17→2026-08-23)
2026-08-23 22:00:00:   Accounts: act_598233003217290, act_1423425976190315, act_1281838446384778
2026-08-23 22:00:03:   Success! Geo totals:
2026-08-23 22:00:03:     ADU — LA County: $36803.26 / $50000 (73.6%) — 988 leads
2026-08-23 22:00:03:     ADU — Orange County: $19220.12 / $25000 (76.9%) — 269 leads
2026-08-23 22:00:03:     ADU — San Jose: $18809.33 / $25000 (75.2%) — 452 leads
2026-08-23 22:00:03:     Outdoor Program — San Jose: $12392.02 / $15000 (82.6%) — 146 leads
2026-08-23 22:00:04:   Slack alert sent
2026-08-23 23:00:00: [CRON] Auto-refresh triggered
2026-08-23 23:00:00: [2026-08-23T21:00:00.258Z] Fetching data: 2026-08-01 to 2026-08-23 (plus trailing 7d 2026-08-17→2026-08-23)
2026-08-23 23:00:00:   Accounts: act_598233003217290, act_1423425976190315, act_1281838446384778
2026-08-23 23:00:04:   Success! Geo totals:
2026-08-23 23:00:04:     ADU — LA County: $36955.51 / $50000 (73.9%) — 992 leads
2026-08-23 23:00:04:     ADU — Orange County: $19323.01 / $25000 (77.3%) — 275 leads
2026-08-23 23:00:04:     ADU — San Jose: $18906.81 / $25000 (75.6%) — 452 leads
2026-08-23 23:00:04:     Outdoor Program — San Jose: $12431.17 / $15000 (82.9%) — 148 leads
2026-08-23 23:00:04:   Slack alert sent
2026-08-24 00:00:00: [CRON] Auto-refresh triggered
2026-08-24 00:00:00: [2026-08-23T22:00:00.019Z] Fetching data: 2026-08-01 to 2026-08-23 (plus trailing 7d 2026-08-17→2026-08-23)
2026-08-24 00:00:00:   Accounts: act_598233003217290, act_1423425976190315, act_1281838446384778
2026-08-24 00:00:04:   Success! Geo totals:
2026-08-24 00:00:04:     ADU — LA County: $37090.52 / $50000 (74.2%) — 995 leads
2026-08-24 00:00:04:     ADU — Orange County: $19421.71 / $25000 (77.7%) — 276 leads
2026-08-24 00:00:04:     ADU — San Jose: $18997.25 / $25000 (76.0%) — 455 leads
2026-08-24 00:00:04:     Outdoor Program — San Jose: $12469.79 / $15000 (83.1%) — 148 leads
2026-08-24 00:00:04:   Slack alert sent
2026-08-24 01:00:00: [CRON] Auto-refresh triggered
2026-08-24 01:00:00: [2026-08-23T23:00:00.849Z] Fetching data: 2026-08-01 to 2026-08-23 (plus trailing 7d 2026-08-17→2026-08-23)
2026-08-24 01:00:00:   Accounts: act_598233003217290, act_1423425976190315, act_1281838446384778
2026-08-24 01:00:05:   Success! Geo totals:
2026-08-24 01:00:05:     ADU — LA County: $37199.55 / $50000 (74.4%) — 998 leads
2026-08-24 01:00:05:     ADU — Orange County: $19534.42 / $25000 (78.1%) — 280 leads
2026-08-24 01:00:05:     ADU — San Jose: $19086.56 / $25000 (76.3%) — 456 leads
2026-08-24 01:00:05:     Outdoor Program — San Jose: $12506.89 / $15000 (83.4%) — 148 leads
2026-08-24 01:00:05:   Slack alert sent
2026-08-24 02:00:00: [CRON] Auto-refresh triggered
2026-08-24 02:00:00: [2026-08-24T00:00:00.784Z] Fetching data: 2026-08-01 to 2026-08-23 (plus trailing 7d 2026-08-17→2026-08-23)
2026-08-24 02:00:00:   Accounts: act_598233003217290, act_1423425976190315, act_1281838446384778
2026-08-24 02:00:05:   Success! Geo totals:
2026-08-24 02:00:05:     ADU — LA County: $37320.91 / $50000 (74.6%) — 999 leads
2026-08-24 02:00:05:     ADU — Orange County: $19634.95 / $25000 (78.5%) — 280 leads
2026-08-24 02:00:05:     ADU — San Jose: $19169.59 / $25000 (76.7%) — 457 leads
2026-08-24 02:00:05:     Outdoor Program — San Jose: $12543.24 / $15000 (83.6%) — 148 leads
2026-08-24 02:00:05:   Slack alert sent
2026-08-24 03:00:00: [CRON] Auto-refresh triggered
2026-08-24 03:00:00: [2026-08-24T01:00:00.707Z] Fetching data: 2026-08-01 to 2026-08-23 (plus trailing 7d 2026-08-17→2026-08-23)
2026-08-24 03:00:00:   Accounts: act_598233003217290, act_1423425976190315, act_1281838446384778
2026-08-24 03:00:04:   Success! Geo totals:
2026-08-24 03:00:04:     ADU — LA County: $37446.14 / $50000 (74.9%) — 1004 leads
2026-08-24 03:00:04:     ADU — Orange County: $19710.48 / $25000 (78.8%) — 282 leads
2026-08-24 03:00:04:     ADU — San Jose: $19236.51 / $25000 (76.9%) — 460 leads
2026-08-24 03:00:04:     Outdoor Program — San Jose: $12582.92 / $15000 (83.9%) — 150 leads
2026-08-24 03:00:05:   Slack alert sent
2026-08-24 04:00:00: [CRON] Auto-refresh triggered
2026-08-24 04:00:00: [2026-08-24T02:00:00.956Z] Fetching data: 2026-08-01 to 2026-08-23 (plus trailing 7d 2026-08-17→2026-08-23)
2026-08-24 04:00:00:   Accounts: act_598233003217290, act_1423425976190315, act_1281838446384778
2026-08-24 04:00:04:   Success! Geo totals:
2026-08-24 04:00:04:     ADU — LA County: $37551.22 / $50000 (75.1%) — 1006 leads
2026-08-24 04:00:04:     ADU — Orange County: $19794.75 / $25000 (79.2%) — 283 leads
2026-08-24 04:00:04:     ADU — San Jose: $19304.51 / $25000 (77.2%) — 460 leads
2026-08-24 04:00:04:     Outdoor Program — San Jose: $12614.38 / $15000 (84.1%) — 150 leads
2026-08-24 04:00:05:   Slack alert sent
2026-08-24 05:00:00: [CRON] Auto-refresh triggered
2026-08-24 05:00:00: [2026-08-24T03:00:00.363Z] Fetching data: 2026-08-01 to 2026-08-23 (plus trailing 7d 2026-08-17→2026-08-23)
2026-08-24 05:00:00:   Accounts: act_598233003217290, act_1423425976190315, act_1281838446384778
2026-08-24 05:00:04:   Success! Geo totals:
2026-08-24 05:00:04:     ADU — LA County: $37653.10 / $50000 (75.3%) — 1007 leads
2026-08-24 05:00:04:     ADU — Orange County: $19866.30 / $25000 (79.5%) — 283 leads
2026-08-24 05:00:04:     ADU — San Jose: $19349.34 / $25000 (77.4%) — 462 leads
2026-08-24 05:00:04:     Outdoor Program — San Jose: $12661.40 / $15000 (84.4%) — 150 leads
2026-08-24 05:00:05:   Slack alert sent
2026-08-24 06:00:00: [CRON] Auto-refresh triggered
2026-08-24 06:00:00: [2026-08-24T04:00:00.831Z] Fetching data: 2026-08-01 to 2026-08-23 (plus trailing 7d 2026-08-17→2026-08-23)
2026-08-24 06:00:00:   Accounts: act_598233003217290, act_1423425976190315, act_1281838446384778
2026-08-24 06:00:05:   Success! Geo totals:
2026-08-24 06:00:05:     ADU — LA County: $37760.47 / $50000 (75.5%) — 1009 leads
2026-08-24 06:00:05:     ADU — Orange County: $19950.49 / $25000 (79.8%) — 283 leads
2026-08-24 06:00:05:     ADU — San Jose: $19413.00 / $25000 (77.7%) — 462 leads
2026-08-24 06:00:05:     Outdoor Program — San Jose: $12697.30 / $15000 (84.6%) — 150 leads
2026-08-24 06:00:05:   Slack alert sent
2026-08-24 07:00:00: [CRON] Auto-refresh triggered
2026-08-24 07:00:00: [2026-08-24T05:00:00.621Z] Fetching data: 2026-08-01 to 2026-08-23 (plus trailing 7d 2026-08-17→2026-08-23)
2026-08-24 07:00:00:   Accounts: act_598233003217290, act_1423425976190315, act_1281838446384778
2026-08-24 07:00:05:   Success! Geo totals:
2026-08-24 07:00:05:     ADU — LA County: $37810.21 / $50000 (75.6%) — 1011 leads
2026-08-24 07:00:05:     ADU — Orange County: $20027.07 / $25000 (80.1%) — 283 leads
2026-08-24 07:00:05:     ADU — San Jose: $19471.76 / $25000 (77.9%) — 463 leads
2026-08-24 07:00:05:     Outdoor Program — San Jose: $12702.79 / $15000 (84.7%) — 150 leads
2026-08-24 07:00:05:   Slack alert sent
2026-08-24 08:00:00: [CRON] Auto-refresh triggered
2026-08-24 08:00:00: [2026-08-24T06:00:00.929Z] Fetching data: 2026-08-01 to 2026-08-23 (plus trailing 7d 2026-08-17→2026-08-23)
2026-08-24 08:00:00:   Accounts: act_598233003217290, act_1423425976190315, act_1281838446384778
2026-08-24 08:00:05:   Success! Geo totals:
2026-08-24 08:00:05:     ADU — LA County: $37847.46 / $50000 (75.7%) — 1013 leads
2026-08-24 08:00:05:     ADU — Orange County: $20092.75 / $25000 (80.4%) — 283 leads
2026-08-24 08:00:05:     ADU — San Jose: $19514.72 / $25000 (78.1%) — 464 leads
2026-08-24 08:00:05:     Outdoor Program — San Jose: $12707.66 / $15000 (84.7%) — 150 leads
2026-08-24 08:00:06:   Slack alert sent
2026-08-24 08:55:00: [CRON] Daily lead summary triggered
2026-08-24 08:55:03: [DAILY SUMMARY] posted (102 leads / $5911.95) — Slack 200
2026-08-24 09:00:00: [CRON] Auto-refresh triggered
2026-08-24 09:00:00: [2026-08-24T07:00:00.739Z] Fetching data: 2026-08-01 to 2026-08-24 (plus trailing 7d 2026-08-18→2026-08-24)
2026-08-24 09:00:00:   Accounts: act_598233003217290, act_1423425976190315, act_1281838446384778
2026-08-24 09:00:06:   Success! Geo totals:
2026-08-24 09:00:06:     ADU — LA County: $38038.89 / $50000 (76.1%) — 1018 leads
2026-08-24 09:00:06:     ADU — Orange County: $20141.49 / $25000 (80.6%) — 283 leads
2026-08-24 09:00:06:     ADU — San Jose: $19541.17 / $25000 (78.2%) — 464 leads
2026-08-24 09:00:06:     Outdoor Program — San Jose: $12795.07 / $15000 (85.3%) — 150 leads
2026-08-24 09:00:06:   Slack alert sent
2026-08-24 10:00:00: [CRON] Auto-refresh triggered
2026-08-24 10:00:00: [2026-08-24T08:00:00.706Z] Fetching data: 2026-08-01 to 2026-08-24 (plus trailing 7d 2026-08-18→2026-08-24)
2026-08-24 10:00:00:   Accounts: act_598233003217290, act_1423425976190315, act_1281838446384778
2026-08-24 10:00:05:   Success! Geo totals:
2026-08-24 10:00:05:     ADU — LA County: $38068.91 / $50000 (76.1%) — 1021 leads
2026-08-24 10:00:05:     ADU — Orange County: $20157.99 / $25000 (80.6%) — 283 leads
2026-08-24 10:00:05:     ADU — San Jose: $19549.89 / $25000 (78.2%) — 464 leads
2026-08-24 10:00:05:     Outdoor Program — San Jose: $12809.34 / $15000 (85.4%) — 150 leads
2026-08-24 10:00:05:   Slack alert sent
2026-08-24 11:00:00: [CRON] Auto-refresh triggered
2026-08-24 11:00:00: [2026-08-24T09:00:00.471Z] Fetching data: 2026-08-01 to 2026-08-24 (plus trailing 7d 2026-08-18→2026-08-24)
2026-08-24 11:00:00:   Accounts: act_598233003217290, act_1423425976190315, act_1281838446384778
2026-08-24 11:00:05:   Success! Geo totals:
2026-08-24 11:00:05:     ADU — LA County: $38086.87 / $50000 (76.2%) — 1022 leads
2026-08-24 11:00:05:     ADU — Orange County: $20169.85 / $25000 (80.7%) — 284 leads
2026-08-24 11:00:05:     ADU — San Jose: $19557.20 / $25000 (78.2%) — 464 leads
2026-08-24 11:00:05:     Outdoor Program — San Jose: $12816.91 / $15000 (85.4%) — 151 leads
2026-08-24 11:00:05:   Slack alert sent
2026-08-24 12:00:00: [CRON] Auto-refresh triggered
2026-08-24 12:00:00: [2026-08-24T10:00:00.149Z] Fetching data: 2026-08-01 to 2026-08-24 (plus trailing 7d 2026-08-18→2026-08-24)
2026-08-24 12:00:00:   Accounts: act_598233003217290, act_1423425976190315, act_1281838446384778
2026-08-24 12:00:05:   Success! Geo totals:
2026-08-24 12:00:05:     ADU — LA County: $38095.89 / $50000 (76.2%) — 1022 leads
2026-08-24 12:00:05:     ADU — Orange County: $20180.63 / $25000 (80.7%) — 284 leads
2026-08-24 12:00:05:     ADU — San Jose: $19561.07 / $25000 (78.2%) — 464 leads
2026-08-24 12:00:05:     Outdoor Program — San Jose: $12823.92 / $15000 (85.5%) — 151 leads
2026-08-24 12:00:05:   Slack alert sent
2026-08-24 13:00:00: [CRON] Auto-refresh triggered
2026-08-24 13:00:00: [2026-08-24T11:00:00.850Z] Fetching data: 2026-08-01 to 2026-08-24 (plus trailing 7d 2026-08-18→2026-08-24)
2026-08-24 13:00:00:   Accounts: act_598233003217290, act_1423425976190315, act_1281838446384778
2026-08-24 13:00:07:   Success! Geo totals:
2026-08-24 13:00:07:     ADU — LA County: $38101.88 / $50000 (76.2%) — 1022 leads
2026-08-24 13:00:07:     ADU — Orange County: $20190.33 / $25000 (80.8%) — 284 leads
2026-08-24 13:00:07:     ADU — San Jose: $19568.24 / $25000 (78.3%) — 464 leads
2026-08-24 13:00:07:     Outdoor Program — San Jose: $12827.41 / $15000 (85.5%) — 151 leads
2026-08-24 13:00:07:   Slack alert sent
2026-08-24 14:00:00: [CRON] Auto-refresh triggered
2026-08-24 14:00:00: [2026-08-24T12:00:00.614Z] Fetching data: 2026-08-01 to 2026-08-24 (plus trailing 7d 2026-08-18→2026-08-24)
2026-08-24 14:00:00:   Accounts: act_598233003217290, act_1423425976190315, act_1281838446384778
2026-08-24 14:00:06:   Success! Geo totals:
2026-08-24 14:00:06:     ADU — LA County: $38120.61 / $50000 (76.2%) — 1023 leads
2026-08-24 14:00:06:     ADU — Orange County: $20202.76 / $25000 (80.8%) — 284 leads
2026-08-24 14:00:06:     ADU — San Jose: $19576.96 / $25000 (78.3%) — 464 leads
2026-08-24 14:00:06:     Outdoor Program — San Jose: $12830.94 / $15000 (85.5%) — 152 leads
2026-08-24 14:00:06:   Slack alert sent
2026-08-24 15:00:00: [CRON] Weekly pacing check triggered
2026-08-24 15:00:00: [2026-08-24T13:00:00.420Z] Fetching data: 2026-08-01 to 2026-08-24 (plus trailing 7d 2026-08-18→2026-08-24)
2026-08-24 15:00:00:   Accounts: act_598233003217290, act_1423425976190315, act_1281838446384778
2026-08-24 15:00:00: [CRON] Auto-refresh triggered
2026-08-24 15:00:00: [2026-08-24T13:00:00.569Z] Fetching data: 2026-08-01 to 2026-08-24 (plus trailing 7d 2026-08-18→2026-08-24)
2026-08-24 15:00:00:   Accounts: act_598233003217290, act_1423425976190315, act_1281838446384778
2026-08-24 15:00:06:   Success! Geo totals:
2026-08-24 15:00:06:     ADU — LA County: $38140.45 / $50000 (76.3%) — 1025 leads
2026-08-24 15:00:06:     ADU — Orange County: $20221.07 / $25000 (80.9%) — 284 leads
2026-08-24 15:00:06:     ADU — San Jose: $19587.70 / $25000 (78.4%) — 464 leads
2026-08-24 15:00:06:     Outdoor Program — San Jose: $12845.52 / $15000 (85.6%) — 152 leads
2026-08-24 15:00:07:   Success! Geo totals:
2026-08-24 15:00:07:     ADU — LA County: $38140.45 / $50000 (76.3%) — 1025 leads
2026-08-24 15:00:07:     ADU — Orange County: $20221.07 / $25000 (80.9%) — 284 leads
2026-08-24 15:00:07:     ADU — San Jose: $19587.70 / $25000 (78.4%) — 464 leads
2026-08-24 15:00:07:     Outdoor Program — San Jose: $12845.52 / $15000 (85.6%) — 152 leads
2026-08-24 15:00:07:   Slack alert sent
2026-08-24 15:00:07:   Slack alert sent
2026-08-24 15:00:08: [WEEKLY PACING] posted (1 off-pace) — Slack 200
2026-08-24 16:00:00: [CRON] Auto-refresh triggered
2026-08-24 16:00:00: [2026-08-24T14:00:00.708Z] Fetching data: 2026-08-01 to 2026-08-24 (plus trailing 7d 2026-08-18→2026-08-24)
2026-08-24 16:00:00:   Accounts: act_598233003217290, act_1423425976190315, act_1281838446384778
2026-08-24 16:00:06:   Success! Geo totals:
2026-08-24 16:00:06:     ADU — LA County: $38164.38 / $50000 (76.3%) — 1025 leads
2026-08-24 16:00:06:     ADU — Orange County: $20256.66 / $25000 (81.0%) — 284 leads
2026-08-24 16:00:06:     ADU — San Jose: $19608.31 / $25000 (78.4%) — 464 leads
2026-08-24 16:00:06:     Outdoor Program — San Jose: $12862.36 / $15000 (85.7%) — 152 leads
2026-08-24 16:00:06:   Slack alert sent
2026-08-24 17:00:00: [CRON] Auto-refresh triggered
2026-08-24 17:00:00: [2026-08-24T15:00:00.012Z] Fetching data: 2026-08-01 to 2026-08-24 (plus trailing 7d 2026-08-18→2026-08-24)
2026-08-24 17:00:00:   Accounts: act_598233003217290, act_1423425976190315, act_1281838446384778
2026-08-24 17:00:05:   Success! Geo totals:
2026-08-24 17:00:05:     ADU — LA County: $38219.91 / $50000 (76.4%) — 1027 leads
2026-08-24 17:00:05:     ADU — Orange County: $20319.22 / $25000 (81.3%) — 284 leads
2026-08-24 17:00:05:     ADU — San Jose: $19647.01 / $25000 (78.6%) — 464 leads
2026-08-24 17:00:05:     Outdoor Program — San Jose: $12887.67 / $15000 (85.9%) — 153 leads
2026-08-24 17:00:06:   Slack alert sent
2026-08-24 18:00:00: [CRON] Auto-refresh triggered
2026-08-24 18:00:00: [2026-08-24T16:00:00.681Z] Fetching data: 2026-08-01 to 2026-08-24 (plus trailing 7d 2026-08-18→2026-08-24)
2026-08-24 18:00:00:   Accounts: act_598233003217290, act_1423425976190315, act_1281838446384778
2026-08-24 18:00:05:   Success! Geo totals:
2026-08-24 18:00:05:     ADU — LA County: $38293.59 / $50000 (76.6%) — 1029 leads
2026-08-24 18:00:05:     ADU — Orange County: $20388.35 / $25000 (81.6%) — 284 leads
2026-08-24 18:00:05:     ADU — San Jose: $19700.98 / $25000 (78.8%) — 465 leads
2026-08-24 18:00:05:     Outdoor Program — San Jose: $12909.56 / $15000 (86.1%) — 153 leads
2026-08-24 18:00:05:   Slack alert sent
2026-08-24 19:00:00: [CRON] Auto-refresh triggered
2026-08-24 19:00:00: [2026-08-24T17:00:00.718Z] Fetching data: 2026-08-01 to 2026-08-24 (plus trailing 7d 2026-08-18→2026-08-24)
2026-08-24 19:00:00:   Accounts: act_598233003217290, act_1423425976190315, act_1281838446384778
2026-08-24 19:00:05:   Success! Geo totals:
2026-08-24 19:00:05:     ADU — LA County: $38376.24 / $50000 (76.8%) — 1030 leads
2026-08-24 19:00:05:     ADU — Orange County: $20475.93 / $25000 (81.9%) — 284 leads
2026-08-24 19:00:05:     ADU — San Jose: $19760.77 / $25000 (79.0%) — 466 leads
2026-08-24 19:00:05:     Outdoor Program — San Jose: $12933.46 / $15000 (86.2%) — 153 leads
2026-08-24 19:00:05:   Slack alert sent
2026-08-24 20:00:00: [CRON] Auto-refresh triggered
2026-08-24 20:00:00: [2026-08-24T18:00:00.947Z] Fetching data: 2026-08-01 to 2026-08-24 (plus trailing 7d 2026-08-18→2026-08-24)
2026-08-24 20:00:00:   Accounts: act_598233003217290, act_1423425976190315, act_1281838446384778
2026-08-24 20:00:06:   Success! Geo totals:
2026-08-24 20:00:06:     ADU — LA County: $38464.83 / $50000 (76.9%) — 1032 leads
2026-08-24 20:00:06:     ADU — Orange County: $20569.27 / $25000 (82.3%) — 286 leads
2026-08-24 20:00:06:     ADU — San Jose: $19810.50 / $25000 (79.2%) — 468 leads
2026-08-24 20:00:06:     Outdoor Program — San Jose: $12963.68 / $15000 (86.4%) — 153 leads
2026-08-24 20:00:06:   Slack alert sent
2026-08-24 21:00:00: [CRON] Auto-refresh triggered
2026-08-24 21:00:00: [2026-08-24T19:00:00.954Z] Fetching data: 2026-08-01 to 2026-08-24 (plus trailing 7d 2026-08-18→2026-08-24)
2026-08-24 21:00:00:   Accounts: act_598233003217290, act_1423425976190315, act_1281838446384778
2026-08-24 21:00:09:   Success! Geo totals:
2026-08-24 21:00:09:     ADU — LA County: $38560.65 / $50000 (77.1%) — 1033 leads
2026-08-24 21:00:09:     ADU — Orange County: $20662.07 / $25000 (82.6%) — 286 leads
2026-08-24 21:00:09:     ADU — San Jose: $19864.80 / $25000 (79.5%) — 472 leads
2026-08-24 21:00:09:     Outdoor Program — San Jose: $12989.55 / $15000 (86.6%) — 155 leads
2026-08-24 21:00:09:   Slack alert sent
2026-08-24 22:00:00: [CRON] Auto-refresh triggered
2026-08-24 22:00:00: [2026-08-24T20:00:00.619Z] Fetching data: 2026-08-01 to 2026-08-24 (plus trailing 7d 2026-08-18→2026-08-24)
2026-08-24 22:00:00:   Accounts: act_598233003217290, act_1423425976190315, act_1281838446384778
2026-08-24 22:00:06:   Success! Geo totals:
2026-08-24 22:00:06:     ADU — LA County: $38678.99 / $50000 (77.4%) — 1034 leads
2026-08-24 22:00:06:     ADU — Orange County: $20772.02 / $25000 (83.1%) — 286 leads
2026-08-24 22:00:06:     ADU — San Jose: $19919.56 / $25000 (79.7%) — 474 leads
2026-08-24 22:00:06:     Outdoor Program — San Jose: $13017.38 / $15000 (86.8%) — 155 leads
2026-08-24 22:00:07:   Slack alert sent
2026-08-24 23:00:00: [CRON] Auto-refresh triggered
2026-08-24 23:00:00: [2026-08-24T21:00:00.876Z] Fetching data: 2026-08-01 to 2026-08-24 (plus trailing 7d 2026-08-18→2026-08-24)
2026-08-24 23:00:00:   Accounts: act_598233003217290, act_1423425976190315, act_1281838446384778
2026-08-24 23:00:05:   Success! Geo totals:
2026-08-24 23:00:05:     ADU — LA County: $38800.43 / $50000 (77.6%) — 1038 leads
2026-08-24 23:00:05:     ADU — Orange County: $20882.79 / $25000 (83.5%) — 288 leads
2026-08-24 23:00:05:     ADU — San Jose: $19980.42 / $25000 (79.9%) — 477 leads
2026-08-24 23:00:05:     Outdoor Program — San Jose: $13050.01 / $15000 (87.0%) — 155 leads
2026-08-24 23:00:05:   Slack alert sent
2026-08-25 00:00:00: [CRON] Auto-refresh triggered
2026-08-25 00:00:00: [2026-08-24T22:00:00.838Z] Fetching data: 2026-08-01 to 2026-08-24 (plus trailing 7d 2026-08-18→2026-08-24)
2026-08-25 00:00:00:   Accounts: act_598233003217290, act_1423425976190315, act_1281838446384778
2026-08-25 00:00:06:   Success! Geo totals:
2026-08-25 00:00:06:     ADU — LA County: $38918.44 / $50000 (77.8%) — 1040 leads
2026-08-25 00:00:06:     ADU — Orange County: $20978.84 / $25000 (83.9%) — 288 leads
2026-08-25 00:00:06:     ADU — San Jose: $20029.23 / $25000 (80.1%) — 477 leads
2026-08-25 00:00:06:     Outdoor Program — San Jose: $13073.70 / $15000 (87.2%) — 155 leads
2026-08-25 00:00:06:   Slack alert sent
2026-08-25 01:00:00: [CRON] Auto-refresh triggered
2026-08-25 01:00:00: [2026-08-24T23:00:00.662Z] Fetching data: 2026-08-01 to 2026-08-24 (plus trailing 7d 2026-08-18→2026-08-24)
2026-08-25 01:00:00:   Accounts: act_598233003217290, act_1423425976190315, act_1281838446384778
2026-08-25 01:00:05:   Success! Geo totals:
2026-08-25 01:00:05:     ADU — LA County: $39033.40 / $50000 (78.1%) — 1040 leads
2026-08-25 01:00:05:     ADU — Orange County: $21073.67 / $25000 (84.3%) — 288 leads
2026-08-25 01:00:05:     ADU — San Jose: $20079.26 / $25000 (80.3%) — 479 leads
2026-08-25 01:00:05:     Outdoor Program — San Jose: $13109.26 / $15000 (87.4%) — 156 leads
2026-08-25 01:00:05:   Slack alert sent
2026-08-25 02:00:00: [CRON] Auto-refresh triggered
2026-08-25 02:00:00: [2026-08-25T00:00:00.734Z] Fetching data: 2026-08-01 to 2026-08-24 (plus trailing 7d 2026-08-18→2026-08-24)
2026-08-25 02:00:00:   Accounts: act_598233003217290, act_1423425976190315, act_1281838446384778
2026-08-25 02:00:05:   Success! Geo totals:
2026-08-25 02:00:05:     ADU — LA County: $39148.69 / $50000 (78.3%) — 1044 leads
2026-08-25 02:00:05:     ADU — Orange County: $21182.25 / $25000 (84.7%) — 290 leads
2026-08-25 02:00:05:     ADU — San Jose: $20144.75 / $25000 (80.6%) — 480 leads
2026-08-25 02:00:05:     Outdoor Program — San Jose: $13152.26 / $15000 (87.7%) — 157 leads
2026-08-25 02:00:05:   Slack alert sent
2026-08-25 03:00:00: [CRON] Auto-refresh triggered
2026-08-25 03:00:00: [2026-08-25T01:00:00.945Z] Fetching data: 2026-08-01 to 2026-08-24 (plus trailing 7d 2026-08-18→2026-08-24)
2026-08-25 03:00:00:   Accounts: act_598233003217290, act_1423425976190315, act_1281838446384778
2026-08-25 03:00:05:   Success! Geo totals:
2026-08-25 03:00:05:     ADU — LA County: $39275.24 / $50000 (78.6%) — 1044 leads
2026-08-25 03:00:05:     ADU — Orange County: $21280.32 / $25000 (85.1%) — 290 leads
2026-08-25 03:00:05:     ADU — San Jose: $20201.72 / $25000 (80.8%) — 480 leads
2026-08-25 03:00:05:     Outdoor Program — San Jose: $13186.33 / $15000 (87.9%) — 157 leads
2026-08-25 03:00:06:   Slack alert sent
2026-08-25 04:00:00: [CRON] Weekly results summary triggered
2026-08-25 04:00:00: [CRON] Auto-refresh triggered
2026-08-25 04:00:00: [2026-08-25T02:00:00.441Z] Fetching data: 2026-08-01 to 2026-08-24 (plus trailing 7d 2026-08-18→2026-08-24)
2026-08-25 04:00:00:   Accounts: act_598233003217290, act_1423425976190315, act_1281838446384778
2026-08-25 04:00:06: [2026-08-25T02:00:06.489Z] Fetching data: 2026-08-01 to 2026-08-24 (plus trailing 7d 2026-08-18→2026-08-24)
2026-08-25 04:00:06:   Accounts: act_598233003217290, act_1423425976190315, act_1281838446384778
2026-08-25 04:00:10:   Success! Geo totals:
2026-08-25 04:00:10:     ADU — LA County: $39411.79 / $50000 (78.8%) — 1046 leads
2026-08-25 04:00:10:     ADU — Orange County: $21372.22 / $25000 (85.5%) — 290 leads
2026-08-25 04:00:10:     ADU — San Jose: $20264.02 / $25000 (81.1%) — 482 leads
2026-08-25 04:00:10:     Outdoor Program — San Jose: $13216.04 / $15000 (88.1%) — 157 leads
2026-08-25 04:00:10:   Success! Geo totals:
2026-08-25 04:00:10:     ADU — LA County: $39411.79 / $50000 (78.8%) — 1046 leads
2026-08-25 04:00:10:     ADU — Orange County: $21372.22 / $25000 (85.5%) — 290 leads
2026-08-25 04:00:10:     ADU — San Jose: $20264.02 / $25000 (81.1%) — 482 leads
2026-08-25 04:00:10:     Outdoor Program — San Jose: $13216.04 / $15000 (88.1%) — 157 leads
2026-08-25 04:00:10:   Slack alert sent
2026-08-25 04:00:11:   Slack alert sent
2026-08-25 04:00:11: [WEEKLY RESULTS] posted (617 leads / $33450.15 vs 582 / $28809.50) — Slack 200
2026-08-25 05:00:00: [CRON] Auto-refresh triggered
2026-08-25 05:00:00: [2026-08-25T03:00:00.836Z] Fetching data: 2026-08-01 to 2026-08-24 (plus trailing 7d 2026-08-18→2026-08-24)
2026-08-25 05:00:00:   Accounts: act_598233003217290, act_1423425976190315, act_1281838446384778
2026-08-25 05:00:05:   Success! Geo totals:
2026-08-25 05:00:05:     ADU — LA County: $39531.49 / $50000 (79.1%) — 1047 leads
2026-08-25 05:00:05:     ADU — Orange County: $21452.21 / $25000 (85.8%) — 295 leads
2026-08-25 05:00:05:     ADU — San Jose: $20323.63 / $25000 (81.3%) — 485 leads
2026-08-25 05:00:05:     Outdoor Program — San Jose: $13244.74 / $15000 (88.3%) — 157 leads
2026-08-25 05:00:05:   Slack alert sent
2026-08-25 06:00:00: [CRON] Auto-refresh triggered
2026-08-25 06:00:00: [2026-08-25T04:00:00.808Z] Fetching data: 2026-08-01 to 2026-08-24 (plus trailing 7d 2026-08-18→2026-08-24)
2026-08-25 06:00:00:   Accounts: act_598233003217290, act_1423425976190315, act_1281838446384778
2026-08-25 06:00:04:   Success! Geo totals:
2026-08-25 06:00:04:     ADU — LA County: $39657.48 / $50000 (79.3%) — 1051 leads
2026-08-25 06:00:04:     ADU — Orange County: $21525.64 / $25000 (86.1%) — 296 leads
2026-08-25 06:00:04:     ADU — San Jose: $20394.85 / $25000 (81.6%) — 487 leads
2026-08-25 06:00:04:     Outdoor Program — San Jose: $13270.17 / $15000 (88.5%) — 157 leads
2026-08-25 06:00:05:   Slack alert sent
2026-08-25 07:00:00: [CRON] Auto-refresh triggered
2026-08-25 07:00:00: [2026-08-25T05:00:00.299Z] Fetching data: 2026-08-01 to 2026-08-24 (plus trailing 7d 2026-08-18→2026-08-24)
2026-08-25 07:00:00:   Accounts: act_598233003217290, act_1423425976190315, act_1281838446384778
2026-08-25 07:00:05:   Success! Geo totals:
2026-08-25 07:00:05:     ADU — LA County: $39709.20 / $50000 (79.4%) — 1053 leads
2026-08-25 07:00:05:     ADU — Orange County: $21602.56 / $25000 (86.4%) — 297 leads
2026-08-25 07:00:05:     ADU — San Jose: $20458.44 / $25000 (81.8%) — 488 leads
2026-08-25 07:00:05:     Outdoor Program — San Jose: $13274.50 / $15000 (88.5%) — 158 leads
2026-08-25 07:00:05:   Slack alert sent
2026-08-25 08:00:00: [CRON] Auto-refresh triggered
2026-08-25 08:00:00: [2026-08-25T06:00:00.014Z] Fetching data: 2026-08-01 to 2026-08-24 (plus trailing 7d 2026-08-18→2026-08-24)
2026-08-25 08:00:00:   Accounts: act_598233003217290, act_1423425976190315, act_1281838446384778
2026-08-25 08:00:03:   Success! Geo totals:
2026-08-25 08:00:03:     ADU — LA County: $39738.77 / $50000 (79.5%) — 1054 leads
2026-08-25 08:00:03:     ADU — Orange County: $21664.94 / $25000 (86.7%) — 299 leads
2026-08-25 08:00:03:     ADU — San Jose: $20501.18 / $25000 (82.0%) — 490 leads
2026-08-25 08:00:03:     Outdoor Program — San Jose: $13276.19 / $15000 (88.5%) — 158 leads
2026-08-25 08:00:04:   Slack alert sent
2026-08-25 08:55:00: [CRON] Daily lead summary triggered
2026-08-25 08:55:03: [DAILY SUMMARY] posted (90 leads / $4969.02) — Slack 200
2026-08-25 09:00:00: [CRON] Auto-refresh triggered
2026-08-25 09:00:00: [2026-08-25T07:00:00.011Z] Fetching data: 2026-08-01 to 2026-08-25 (plus trailing 7d 2026-08-19→2026-08-25)
2026-08-25 09:00:00:   Accounts: act_598233003217290, act_1423425976190315, act_1281838446384778
2026-08-25 09:00:04:   Success! Geo totals:
2026-08-25 09:00:04:     ADU — LA County: $39904.73 / $50000 (79.8%) — 1057 leads
2026-08-25 09:00:04:     ADU — Orange County: $21706.63 / $25000 (86.8%) — 299 leads
2026-08-25 09:00:04:     ADU — San Jose: $20526.66 / $25000 (82.1%) — 490 leads
2026-08-25 09:00:04:     Outdoor Program — San Jose: $13351.67 / $15000 (89.0%) — 158 leads
2026-08-25 09:00:04:   Slack alert sent
2026-08-25 10:00:00: [CRON] Auto-refresh triggered
2026-08-25 10:00:00: [2026-08-25T08:00:00.986Z] Fetching data: 2026-08-01 to 2026-08-25 (plus trailing 7d 2026-08-19→2026-08-25)
2026-08-25 10:00:00:   Accounts: act_598233003217290, act_1423425976190315, act_1281838446384778
2026-08-25 10:00:05:   Success! Geo totals:
2026-08-25 10:00:05:     ADU — LA County: $39934.40 / $50000 (79.9%) — 1060 leads
2026-08-25 10:00:05:     ADU — Orange County: $21734.21 / $25000 (86.9%) — 300 leads
2026-08-25 10:00:05:     ADU — San Jose: $20546.75 / $25000 (82.2%) — 491 leads
2026-08-25 10:00:05:     Outdoor Program — San Jose: $13363.29 / $15000 (89.1%) — 158 leads
2026-08-25 10:00:05:   Slack alert sent
2026-08-25 11:00:00: [CRON] Auto-refresh triggered
2026-08-25 11:00:00: [2026-08-25T09:00:00.903Z] Fetching data: 2026-08-01 to 2026-08-25 (plus trailing 7d 2026-08-19→2026-08-25)
2026-08-25 11:00:00:   Accounts: act_598233003217290, act_1423425976190315, act_1281838446384778
2026-08-25 11:00:06:   Success! Geo totals:
2026-08-25 11:00:06:     ADU — LA County: $39954.79 / $50000 (79.9%) — 1061 leads
2026-08-25 11:00:06:     ADU — Orange County: $21750.45 / $25000 (87.0%) — 300 leads
2026-08-25 11:00:06:     ADU — San Jose: $20555.34 / $25000 (82.2%) — 492 leads
2026-08-25 11:00:06:     Outdoor Program — San Jose: $13371.93 / $15000 (89.1%) — 158 leads
2026-08-25 11:00:06:   Slack alert sent
2026-08-25 12:00:00: [CRON] Auto-refresh triggered
2026-08-25 12:00:00: [2026-08-25T10:00:00.627Z] Fetching data: 2026-08-01 to 2026-08-25 (plus trailing 7d 2026-08-19→2026-08-25)
2026-08-25 12:00:00:   Accounts: act_598233003217290, act_1423425976190315, act_1281838446384778
2026-08-25 12:00:06:   Success! Geo totals:
2026-08-25 12:00:06:     ADU — LA County: $39966.53 / $50000 (79.9%) — 1063 leads
2026-08-25 12:00:06:     ADU — Orange County: $21763.72 / $25000 (87.1%) — 301 leads
2026-08-25 12:00:06:     ADU — San Jose: $20564.73 / $25000 (82.3%) — 492 leads
2026-08-25 12:00:06:     Outdoor Program — San Jose: $13376.46 / $15000 (89.2%) — 158 leads
2026-08-25 12:00:06:   Slack alert sent
2026-08-25 13:00:00: [CRON] Auto-refresh triggered
2026-08-25 13:00:00: [2026-08-25T11:00:00.258Z] Fetching data: 2026-08-01 to 2026-08-25 (plus trailing 7d 2026-08-19→2026-08-25)
2026-08-25 13:00:00:   Accounts: act_598233003217290, act_1423425976190315, act_1281838446384778
2026-08-25 13:00:05:   Success! Geo totals:
2026-08-25 13:00:05:     ADU — LA County: $39980.76 / $50000 (80.0%) — 1063 leads
2026-08-25 13:00:05:     ADU — Orange County: $21774.32 / $25000 (87.1%) — 302 leads
2026-08-25 13:00:05:     ADU — San Jose: $20571.65 / $25000 (82.3%) — 492 leads
2026-08-25 13:00:05:     Outdoor Program — San Jose: $13381.09 / $15000 (89.2%) — 158 leads
2026-08-25 13:00:05:   Slack alert sent
2026-08-25 14:00:00: [CRON] Auto-refresh triggered
2026-08-25 14:00:00: [2026-08-25T12:00:00.024Z] Fetching data: 2026-08-01 to 2026-08-25 (plus trailing 7d 2026-08-19→2026-08-25)
2026-08-25 14:00:00:   Accounts: act_598233003217290, act_1423425976190315, act_1281838446384778
2026-08-25 14:00:04:   Success! Geo totals:
2026-08-25 14:00:04:     ADU — LA County: $39997.83 / $50000 (80.0%) — 1063 leads
2026-08-25 14:00:04:     ADU — Orange County: $21793.96 / $25000 (87.2%) — 302 leads
2026-08-25 14:00:04:     ADU — San Jose: $20583.48 / $25000 (82.3%) — 492 leads
2026-08-25 14:00:04:     Outdoor Program — San Jose: $13388.70 / $15000 (89.3%) — 158 leads
2026-08-25 14:00:04:   Slack alert sent
2026-08-25 15:00:00: [CRON] Auto-refresh triggered
2026-08-25 15:00:00: [2026-08-25T13:00:00.686Z] Fetching data: 2026-08-01 to 2026-08-25 (plus trailing 7d 2026-08-19→2026-08-25)
2026-08-25 15:00:00:   Accounts: act_598233003217290, act_1423425976190315, act_1281838446384778
2026-08-25 15:00:05:   Success! Geo totals:
2026-08-25 15:00:05:     ADU — LA County: $40024.35 / $50000 (80.0%) — 1063 leads
2026-08-25 15:00:05:     ADU — Orange County: $21818.44 / $25000 (87.3%) — 302 leads
2026-08-25 15:00:05:     ADU — San Jose: $20601.33 / $25000 (82.4%) — 492 leads
2026-08-25 15:00:05:     Outdoor Program — San Jose: $13405.09 / $15000 (89.4%) — 158 leads
2026-08-25 15:00:05:   Slack alert sent
2026-08-25 16:00:00: [CRON] Auto-refresh triggered
2026-08-25 16:00:00: [2026-08-25T14:00:00.934Z] Fetching data: 2026-08-01 to 2026-08-25 (plus trailing 7d 2026-08-19→2026-08-25)
2026-08-25 16:00:00:   Accounts: act_598233003217290, act_1423425976190315, act_1281838446384778
2026-08-25 16:00:05:   Success! Geo totals:
2026-08-25 16:00:05:     ADU — LA County: $40073.44 / $50000 (80.1%) — 1064 leads
2026-08-25 16:00:05:     ADU — Orange County: $21877.00 / $25000 (87.5%) — 302 leads
2026-08-25 16:00:05:     ADU — San Jose: $20622.82 / $25000 (82.5%) — 492 leads
2026-08-25 16:00:05:     Outdoor Program — San Jose: $13419.44 / $15000 (89.5%) — 158 leads
2026-08-25 16:00:06:   Slack alert sent
2026-08-25 17:00:00: [CRON] Auto-refresh triggered
2026-08-25 17:00:00: [2026-08-25T15:00:00.309Z] Fetching data: 2026-08-01 to 2026-08-25 (plus trailing 7d 2026-08-19→2026-08-25)
2026-08-25 17:00:00:   Accounts: act_598233003217290, act_1423425976190315, act_1281838446384778
2026-08-25 17:00:07:   Success! Geo totals:
2026-08-25 17:00:07:     ADU — LA County: $40132.52 / $50000 (80.3%) — 1064 leads
2026-08-25 17:00:07:     ADU — Orange County: $21941.62 / $25000 (87.8%) — 303 leads
2026-08-25 17:00:07:     ADU — San Jose: $20661.50 / $25000 (82.6%) — 492 leads
2026-08-25 17:00:07:     Outdoor Program — San Jose: $13441.56 / $15000 (89.6%) — 158 leads
2026-08-25 17:00:08:   Slack alert sent
2026-08-25 18:00:00: [CRON] Auto-refresh triggered
2026-08-25 18:00:00: [2026-08-25T16:00:00.864Z] Fetching data: 2026-08-01 to 2026-08-25 (plus trailing 7d 2026-08-19→2026-08-25)
2026-08-25 18:00:00:   Accounts: act_598233003217290, act_1423425976190315, act_1281838446384778
2026-08-25 18:00:05:   Success! Geo totals:
2026-08-25 18:00:05:     ADU — LA County: $40196.17 / $50000 (80.4%) — 1064 leads
2026-08-25 18:00:05:     ADU — Orange County: $22020.43 / $25000 (88.1%) — 304 leads
2026-08-25 18:00:05:     ADU — San Jose: $20699.79 / $25000 (82.8%) — 492 leads
2026-08-25 18:00:05:     Outdoor Program — San Jose: $13457.84 / $15000 (89.7%) — 158 leads
2026-08-25 18:00:06:   Slack alert sent
2026-08-25 19:00:00: [CRON] Auto-refresh triggered
2026-08-25 19:00:00: [2026-08-25T17:00:00.896Z] Fetching data: 2026-08-01 to 2026-08-25 (plus trailing 7d 2026-08-19→2026-08-25)
2026-08-25 19:00:00:   Accounts: act_598233003217290, act_1423425976190315, act_1281838446384778
2026-08-25 19:00:05:   Success! Geo totals:
2026-08-25 19:00:05:     ADU — LA County: $40249.22 / $50000 (80.5%) — 1067 leads
2026-08-25 19:00:05:     ADU — Orange County: $22086.83 / $25000 (88.3%) — 306 leads
2026-08-25 19:00:05:     ADU — San Jose: $20740.48 / $25000 (83.0%) — 493 leads
2026-08-25 19:00:05:     Outdoor Program — San Jose: $13479.14 / $15000 (89.9%) — 158 leads
2026-08-25 19:00:05:   Slack alert sent
2026-08-25 20:00:00: [CRON] Auto-refresh triggered
2026-08-25 20:00:00: [2026-08-25T18:00:00.580Z] Fetching data: 2026-08-01 to 2026-08-25 (plus trailing 7d 2026-08-19→2026-08-25)
2026-08-25 20:00:00:   Accounts: act_598233003217290, act_1423425976190315, act_1281838446384778
2026-08-25 20:00:07:   Success! Geo totals:
2026-08-25 20:00:07:     ADU — LA County: $40340.01 / $50000 (80.7%) — 1068 leads
2026-08-25 20:00:07:     ADU — Orange County: $22140.51 / $25000 (88.6%) — 306 leads
2026-08-25 20:00:07:     ADU — San Jose: $20780.10 / $25000 (83.1%) — 494 leads
2026-08-25 20:00:07:     Outdoor Program — San Jose: $13505.31 / $15000 (90.0%) — 159 leads
2026-08-25 20:00:07:   Slack alert sent
2026-08-25 21:00:00: [CRON] Auto-refresh triggered
2026-08-25 21:00:00: [2026-08-25T19:00:00.294Z] Fetching data: 2026-08-01 to 2026-08-25 (plus trailing 7d 2026-08-19→2026-08-25)
2026-08-25 21:00:00:   Accounts: act_598233003217290, act_1423425976190315, act_1281838446384778
2026-08-25 21:00:05:   Success! Geo totals:
2026-08-25 21:00:05:     ADU — LA County: $40430.30 / $50000 (80.9%) — 1071 leads
2026-08-25 21:00:05:     ADU — Orange County: $22218.81 / $25000 (88.9%) — 306 leads
2026-08-25 21:00:05:     ADU — San Jose: $20817.50 / $25000 (83.3%) — 494 leads
2026-08-25 21:00:05:     Outdoor Program — San Jose: $13520.83 / $15000 (90.1%) — 159 leads
2026-08-25 21:00:05:   Slack alert sent
2026-08-25 22:00:00: [CRON] Auto-refresh triggered
2026-08-25 22:00:00: [2026-08-25T20:00:00.598Z] Fetching data: 2026-08-01 to 2026-08-25 (plus trailing 7d 2026-08-19→2026-08-25)
2026-08-25 22:00:00:   Accounts: act_598233003217290, act_1423425976190315, act_1281838446384778
2026-08-25 22:00:05:   Success! Geo totals:
2026-08-25 22:00:05:     ADU — LA County: $40500.26 / $50000 (81.0%) — 1071 leads
2026-08-25 22:00:05:     ADU — Orange County: $22270.64 / $25000 (89.1%) — 311 leads
2026-08-25 22:00:05:     ADU — San Jose: $20853.21 / $25000 (83.4%) — 495 leads
2026-08-25 22:00:05:     Outdoor Program — San Jose: $13539.05 / $15000 (90.3%) — 160 leads
2026-08-25 22:00:05:   Slack alert sent
2026-08-25 23:00:00: [CRON] Auto-refresh triggered
2026-08-25 23:00:00: [2026-08-25T21:00:00.276Z] Fetching data: 2026-08-01 to 2026-08-25 (plus trailing 7d 2026-08-19→2026-08-25)
2026-08-25 23:00:00:   Accounts: act_598233003217290, act_1423425976190315, act_1281838446384778
2026-08-25 23:00:06:   Success! Geo totals:
2026-08-25 23:00:06:     ADU — LA County: $40563.81 / $50000 (81.1%) — 1075 leads
2026-08-25 23:00:06:     ADU — Orange County: $22315.46 / $25000 (89.3%) — 311 leads
2026-08-25 23:00:06:     ADU — San Jose: $20886.12 / $25000 (83.5%) — 496 leads
2026-08-25 23:00:06:     Outdoor Program — San Jose: $13559.05 / $15000 (90.4%) — 160 leads
2026-08-25 23:00:07:   Slack alert sent
2026-08-26 00:00:00: [CRON] Auto-refresh triggered
2026-08-26 00:00:00: [2026-08-25T22:00:00.065Z] Fetching data: 2026-08-01 to 2026-08-25 (plus trailing 7d 2026-08-19→2026-08-25)
2026-08-26 00:00:00:   Accounts: act_598233003217290, act_1423425976190315, act_1281838446384778
2026-08-26 00:00:04:   Success! Geo totals:
2026-08-26 00:00:04:     ADU — LA County: $40658.11 / $50000 (81.3%) — 1077 leads
2026-08-26 00:00:04:     ADU — Orange County: $22369.78 / $25000 (89.5%) — 311 leads
2026-08-26 00:00:04:     ADU — San Jose: $20913.56 / $25000 (83.7%) — 497 leads
2026-08-26 00:00:04:     Outdoor Program — San Jose: $13582.59 / $15000 (90.6%) — 160 leads
2026-08-26 00:00:04:   Slack alert sent
2026-08-26 01:00:00: [CRON] Auto-refresh triggered
2026-08-26 01:00:00: [2026-08-25T23:00:00.494Z] Fetching data: 2026-08-01 to 2026-08-25 (plus trailing 7d 2026-08-19→2026-08-25)
2026-08-26 01:00:00:   Accounts: act_598233003217290, act_1423425976190315, act_1281838446384778
2026-08-26 01:00:06:   Success! Geo totals:
2026-08-26 01:00:06:     ADU — LA County: $40785.92 / $50000 (81.6%) — 1077 leads
2026-08-26 01:00:06:     ADU — Orange County: $22424.63 / $25000 (89.7%) — 313 leads
2026-08-26 01:00:06:     ADU — San Jose: $20953.66 / $25000 (83.8%) — 497 leads
2026-08-26 01:00:06:     Outdoor Program — San Jose: $13603.08 / $15000 (90.7%) — 160 leads
2026-08-26 01:00:06:   Slack alert sent
2026-08-26 02:00:00: [CRON] Auto-refresh triggered
2026-08-26 02:00:00: [2026-08-26T00:00:00.876Z] Fetching data: 2026-08-01 to 2026-08-25 (plus trailing 7d 2026-08-19→2026-08-25)
2026-08-26 02:00:00:   Accounts: act_598233003217290, act_1423425976190315, act_1281838446384778
2026-08-26 02:00:09:   Success! Geo totals:
2026-08-26 02:00:09:     ADU — LA County: $40912.60 / $50000 (81.8%) — 1082 leads
2026-08-26 02:00:09:     ADU — Orange County: $22483.18 / $25000 (89.9%) — 313 leads
2026-08-26 02:00:09:     ADU — San Jose: $20992.11 / $25000 (84.0%) — 499 leads
2026-08-26 02:00:09:     Outdoor Program — San Jose: $13623.57 / $15000 (90.8%) — 160 leads
2026-08-26 02:00:09:   Slack alert sent
2026-08-26 03:00:00: [CRON] Auto-refresh triggered
2026-08-26 03:00:00: [2026-08-26T01:00:00.183Z] Fetching data: 2026-08-01 to 2026-08-25 (plus trailing 7d 2026-08-19→2026-08-25)
2026-08-26 03:00:00:   Accounts: act_598233003217290, act_1423425976190315, act_1281838446384778
2026-08-26 03:00:05:   Success! Geo totals:
2026-08-26 03:00:05:     ADU — LA County: $41028.87 / $50000 (82.1%) — 1086 leads
2026-08-26 03:00:05:     ADU — Orange County: $22543.05 / $25000 (90.2%) — 314 leads
2026-08-26 03:00:05:     ADU — San Jose: $21032.97 / $25000 (84.1%) — 500 leads
2026-08-26 03:00:05:     Outdoor Program — San Jose: $13639.99 / $15000 (90.9%) — 160 leads
2026-08-26 03:00:05:   Slack alert sent
2026-08-26 04:00:00: [CRON] Auto-refresh triggered
2026-08-26 04:00:00: [2026-08-26T02:00:00.369Z] Fetching data: 2026-08-01 to 2026-08-25 (plus trailing 7d 2026-08-19→2026-08-25)
2026-08-26 04:00:00:   Accounts: act_598233003217290, act_1423425976190315, act_1281838446384778
2026-08-26 04:00:04:   Success! Geo totals:
2026-08-26 04:00:04:     ADU — LA County: $41144.38 / $50000 (82.3%) — 1086 leads
2026-08-26 04:00:04:     ADU — Orange County: $22602.13 / $25000 (90.4%) — 314 leads
2026-08-26 04:00:04:     ADU — San Jose: $21087.86 / $25000 (84.4%) — 500 leads
2026-08-26 04:00:04:     Outdoor Program — San Jose: $13659.90 / $15000 (91.1%) — 160 leads
2026-08-26 04:00:05:   Slack alert sent
2026-08-26 05:00:00: [CRON] Auto-refresh triggered
2026-08-26 05:00:00: [2026-08-26T03:00:00.555Z] Fetching data: 2026-08-01 to 2026-08-25 (plus trailing 7d 2026-08-19→2026-08-25)
2026-08-26 05:00:00:   Accounts: act_598233003217290, act_1423425976190315, act_1281838446384778
2026-08-26 05:00:06:   Success! Geo totals:
2026-08-26 05:00:06:     ADU — LA County: $41238.79 / $50000 (82.5%) — 1088 leads
2026-08-26 05:00:06:     ADU — Orange County: $22644.55 / $25000 (90.6%) — 314 leads
2026-08-26 05:00:06:     ADU — San Jose: $21128.48 / $25000 (84.5%) — 501 leads
2026-08-26 05:00:06:     Outdoor Program — San Jose: $13674.19 / $15000 (91.2%) — 160 leads
2026-08-26 05:00:06:   Slack alert sent
2026-08-26 06:00:00: [CRON] Auto-refresh triggered
2026-08-26 06:00:00: [2026-08-26T04:00:00.986Z] Fetching data: 2026-08-01 to 2026-08-25 (plus trailing 7d 2026-08-19→2026-08-25)
2026-08-26 06:00:00:   Accounts: act_598233003217290, act_1423425976190315, act_1281838446384778
2026-08-26 06:00:05:   Success! Geo totals:
2026-08-26 06:00:05:     ADU — LA County: $41337.70 / $50000 (82.7%) — 1094 leads
2026-08-26 06:00:05:     ADU — Orange County: $22697.22 / $25000 (90.8%) — 314 leads
2026-08-26 06:00:05:     ADU — San Jose: $21188.53 / $25000 (84.8%) — 503 leads
2026-08-26 06:00:05:     Outdoor Program — San Jose: $13690.58 / $15000 (91.3%) — 160 leads
2026-08-26 06:00:05:   Slack alert sent
2026-08-26 06:39:08: 
========================================
2026-08-26 06:39:08:   Ben ADU Budget Dashboard
2026-08-26 06:39:08:   http://localhost:3500
2026-08-26 06:39:08:   Auto-refresh: every 60 minutes
2026-08-26 06:39:08:   Slack alerts: enabled
2026-08-26 06:39:08:   Password: disabled
2026-08-26 06:39:08: ========================================

2026-08-26 06:39:08: [2026-08-26T04:39:08.415Z] Fetching data: 2026-08-01 to 2026-08-25 (plus trailing 7d 2026-08-19→2026-08-25)
2026-08-26 06:39:08:   Accounts: act_598233003217290, act_1423425976190315, act_1281838446384778
2026-08-26 06:39:11:   Success! Geo totals:
2026-08-26 06:39:11:     ADU — LA County: $41375.76 / $50000 (82.8%) — 1097 leads
2026-08-26 06:39:11:     ADU — Orange County: $22743.47 / $25000 (91.0%) — 314 leads
2026-08-26 06:39:11:     ADU — San Jose: $21227.43 / $25000 (84.9%) — 505 leads
2026-08-26 06:39:11:     Outdoor Program — San Jose: $13693.25 / $15000 (91.3%) — 160 leads
2026-08-26 06:39:11:   Slack alert sent
2026-08-26 07:00:00: [CRON] Auto-refresh triggered
2026-08-26 07:00:00: [2026-08-26T05:00:00.444Z] Fetching data: 2026-08-01 to 2026-08-25 (plus trailing 7d 2026-08-19→2026-08-25)
2026-08-26 07:00:00:   Accounts: act_598233003217290, act_1423425976190315, act_1281838446384778
2026-08-26 07:00:04:   Success! Geo totals:
2026-08-26 07:00:04:     ADU — LA County: $41393.06 / $50000 (82.8%) — 1097 leads
2026-08-26 07:00:04:     ADU — Orange County: $22770.37 / $25000 (91.1%) — 314 leads
2026-08-26 07:00:04:     ADU — San Jose: $21247.77 / $25000 (85.0%) — 505 leads
2026-08-26 07:00:04:     Outdoor Program — San Jose: $13693.75 / $15000 (91.3%) — 160 leads
2026-08-26 07:00:05:   Slack alert sent
2026-08-26 08:00:00: [CRON] Auto-refresh triggered
2026-08-26 08:00:00: [2026-08-26T06:00:00.847Z] Fetching data: 2026-08-01 to 2026-08-25 (plus trailing 7d 2026-08-19→2026-08-25)
2026-08-26 08:00:00:   Accounts: act_598233003217290, act_1423425976190315, act_1281838446384778
2026-08-26 08:00:06:   Success! Geo totals:
2026-08-26 08:00:06:     ADU — LA County: $41428.12 / $50000 (82.9%) — 1098 leads
2026-08-26 08:00:06:     ADU — Orange County: $22825.92 / $25000 (91.3%) — 314 leads
2026-08-26 08:00:06:     ADU — San Jose: $21303.16 / $25000 (85.2%) — 507 leads
2026-08-26 08:00:06:     Outdoor Program — San Jose: $13695.15 / $15000 (91.3%) — 160 leads
2026-08-26 08:00:06:   Slack alert sent
2026-08-26 08:55:00: [CRON] Daily lead summary triggered
2026-08-26 08:55:03: [DAILY SUMMARY] posted (79 leads / $4024.40) — Slack 200
2026-08-26 09:00:00: [CRON] Auto-refresh triggered
2026-08-26 09:00:00: [2026-08-26T07:00:00.491Z] Fetching data: 2026-08-01 to 2026-08-26 (plus trailing 7d 2026-08-20→2026-08-26)
2026-08-26 09:00:00:   Accounts: act_598233003217290, act_1423425976190315, act_1281838446384778
2026-08-26 09:00:05:   Success! Geo totals:
2026-08-26 09:00:05:     ADU — LA County: $41610.81 / $50000 (83.2%) — 1101 leads
2026-08-26 09:00:05:     ADU — Orange County: $22862.59 / $25000 (91.5%) — 316 leads
2026-08-26 09:00:05:     ADU — San Jose: $21332.97 / $25000 (85.3%) — 507 leads
2026-08-26 09:00:05:     Outdoor Program — San Jose: $13738.73 / $15000 (91.6%) — 160 leads
2026-08-26 09:00:05:   Slack alert sent
2026-08-26 10:00:00: [CRON] Auto-refresh triggered
2026-08-26 10:00:00: [2026-08-26T08:00:00.070Z] Fetching data: 2026-08-01 to 2026-08-26 (plus trailing 7d 2026-08-20→2026-08-26)
2026-08-26 10:00:00:   Accounts: act_598233003217290, act_1423425976190315, act_1281838446384778
2026-08-26 10:00:05:   Success! Geo totals:
2026-08-26 10:00:05:     ADU — LA County: $41639.80 / $50000 (83.3%) — 1105 leads
2026-08-26 10:00:05:     ADU — Orange County: $22873.44 / $25000 (91.5%) — 316 leads
2026-08-26 10:00:05:     ADU — San Jose: $21345.11 / $25000 (85.4%) — 507 leads
2026-08-26 10:00:05:     Outdoor Program — San Jose: $13745.64 / $15000 (91.6%) — 160 leads
2026-08-26 10:00:05:   Slack alert sent
2026-08-26 11:00:00: [CRON] Auto-refresh triggered
2026-08-26 11:00:00: [2026-08-26T09:00:00.138Z] Fetching data: 2026-08-01 to 2026-08-26 (plus trailing 7d 2026-08-20→2026-08-26)
2026-08-26 11:00:00:   Accounts: act_598233003217290, act_1423425976190315, act_1281838446384778
2026-08-26 11:00:06:   Success! Geo totals:
2026-08-26 11:00:06:     ADU — LA County: $41661.06 / $50000 (83.3%) — 1105 leads
2026-08-26 11:00:06:     ADU — Orange County: $22883.61 / $25000 (91.5%) — 316 leads
2026-08-26 11:00:06:     ADU — San Jose: $21360.00 / $25000 (85.4%) — 508 leads
2026-08-26 11:00:06:     Outdoor Program — San Jose: $13752.72 / $15000 (91.7%) — 161 leads
2026-08-26 11:00:06:   Slack alert sent
2026-08-26 12:00:00: [CRON] Auto-refresh triggered
2026-08-26 12:00:00: [2026-08-26T10:00:00.023Z] Fetching data: 2026-08-01 to 2026-08-26 (plus trailing 7d 2026-08-20→2026-08-26)
2026-08-26 12:00:00:   Accounts: act_598233003217290, act_1423425976190315, act_1281838446384778
2026-08-26 12:00:04:   Success! Geo totals:
2026-08-26 12:00:04:     ADU — LA County: $41674.09 / $50000 (83.3%) — 1105 leads
2026-08-26 12:00:04:     ADU — Orange County: $22891.88 / $25000 (91.6%) — 318 leads
2026-08-26 12:00:04:     ADU — San Jose: $21367.58 / $25000 (85.5%) — 508 leads
2026-08-26 12:00:04:     Outdoor Program — San Jose: $13759.51 / $15000 (91.7%) — 161 leads
2026-08-26 12:00:04:   Slack alert sent
2026-08-26 13:00:00: [CRON] Auto-refresh triggered
2026-08-26 13:00:00: [2026-08-26T11:00:00.564Z] Fetching data: 2026-08-01 to 2026-08-26 (plus trailing 7d 2026-08-20→2026-08-26)
2026-08-26 13:00:00:   Accounts: act_598233003217290, act_1423425976190315, act_1281838446384778
2026-08-26 13:00:05:   Success! Geo totals:
2026-08-26 13:00:05:     ADU — LA County: $41692.97 / $50000 (83.4%) — 1106 leads
2026-08-26 13:00:05:     ADU — Orange County: $22912.19 / $25000 (91.6%) — 318 leads
2026-08-26 13:00:05:     ADU — San Jose: $21374.55 / $25000 (85.5%) — 508 leads
2026-08-26 13:00:05:     Outdoor Program — San Jose: $13765.62 / $15000 (91.8%) — 161 leads
2026-08-26 13:00:05:   Slack alert sent
2026-08-26 13:15:38: [2026-08-26T11:15:38.058Z] Fetching data: 2026-08-01 to 2026-08-26 (plus trailing 7d 2026-08-20→2026-08-26)
2026-08-26 13:15:38:   Accounts: act_598233003217290, act_1423425976190315, act_1281838446384778
2026-08-26 13:15:41:   Success! Geo totals:
2026-08-26 13:15:41:     ADU — LA County: $41698.07 / $50000 (83.4%) — 1106 leads
2026-08-26 13:15:41:     ADU — Orange County: $22913.60 / $30000 (76.4%) — 318 leads
2026-08-26 13:15:41:     ADU — San Jose: $21375.91 / $25000 (85.5%) — 508 leads
2026-08-26 13:15:41:     Outdoor Program — San Jose: $13766.47 / $15000 (91.8%) — 161 leads
2026-08-26 13:15:41:   Slack alert sent
2026-08-26 14:00:00: [CRON] Auto-refresh triggered
2026-08-26 14:00:00: [2026-08-26T12:00:00.057Z] Fetching data: 2026-08-01 to 2026-08-26 (plus trailing 7d 2026-08-20→2026-08-26)
2026-08-26 14:00:00:   Accounts: act_598233003217290, act_1423425976190315, act_1281838446384778
2026-08-26 14:00:04:   Success! Geo totals:
2026-08-26 14:00:04:     ADU — LA County: $41707.57 / $50000 (83.4%) — 1106 leads
2026-08-26 14:00:04:     ADU — Orange County: $22919.21 / $30000 (76.4%) — 319 leads
2026-08-26 14:00:04:     ADU — San Jose: $21379.44 / $25000 (85.5%) — 508 leads
2026-08-26 14:00:04:     Outdoor Program — San Jose: $13770.36 / $15000 (91.8%) — 161 leads
2026-08-26 14:00:04:   Slack alert sent
